,xlon,xlat,cell
0,-61.75,21.75,969887.0
1,-61.5,21.75,1018595.0
2,-61.25,21.75,1067322.0
3,-61.0,21.75,1119818.0
4,-60.75,21.75,1168574.0
5,-60.5,21.75,1221105.0
6,-60.25,21.75,1273653.0
7,-60.0,21.75,1322458.0
8,-59.75,21.75,1371288.0
9,-59.5,21.75,1423884.0
10,-59.25,21.75,1472743.0
11,-59.0,21.75,1525376.0
12,-58.75,21.75,1574259.0
13,-58.5,21.75,1626928.0
14,-58.25,21.75,1675843.0
15,-58.0,21.75,1728541.0
16,-57.75,21.75,1777488.0
17,-57.5,21.75,1830215.0
18,-57.25,21.75,1882961.0
19,-57.0,21.75,1931947.0
20,-56.75,21.75,1980954.0
21,-56.5,21.75,2033738.0
22,-56.25,21.75,2086545.0
23,-56.0,21.75,2135584.0
24,-55.75,21.75,2188422.0
25,-55.5,21.75,2241264.0
26,-55.25,21.75,2290354.0
27,-55.0,21.75,2343223.0
28,-54.75,21.75,2392339.0
29,-54.5,21.75,2445233.0
30,-54.25,21.75,2498155.0
31,-54.0,21.75,2547298.0
32,-53.75,21.75,2600240.0
33,-53.5,21.75,2649377.0
34,-53.25,21.75,2702278.0
35,-53.0,21.75,2751379.0
36,-52.75,21.75,2804234.0
37,-52.5,21.75,2857075.0
38,-52.25,21.75,2906110.0
39,-52.0,21.75,2958912.0
40,-51.75,21.75,3007915.0
41,-51.5,21.75,3060669.0
42,-51.25,21.75,3109642.0
43,-51.0,21.75,3162354.0
44,-50.75,21.75,3215061.0
45,-50.5,21.75,3267740.0
46,-50.25,21.75,3316637.0
47,-50.0,21.75,3369288.0
48,-49.75,21.75,3418155.0
49,-49.5,21.75,3470766.0
50,-49.25,21.75,3519611.0
51,-49.0,21.75,3572186.0
52,-48.75,21.75,3624751.0
53,-48.5,21.75,3673553.0
54,-48.25,21.75,3726082.0
55,-48.0,21.75,3778595.0
56,-47.75,21.75,3827353.0
57,-47.5,21.75,3879840.0
58,-47.25,21.75,3928560.0
59,-47.0,21.75,3981030.0
60,-46.75,21.75,4033477.0
61,-46.5,21.75,4082161.0
62,-46.25,21.75,4134582.0
63,-46.0,21.75,4186999.0
64,-45.75,21.75,4235651.0
65,-45.5,21.75,4288031.0
66,-45.25,21.75,4340404.0
67,-45.0,21.75,4389032.0
68,-44.75,21.75,4441387.0
69,-44.5,21.75,4493721.0
70,-44.25,21.75,4542304.0
71,-44.0,21.75,4594636.0
72,-43.75,21.75,4646950.0
73,-43.5,21.75,4699255.0
74,-43.25,21.75,4747802.0
75,-43.0,21.75,4800080.0
76,-42.75,21.75,4852361.0
77,-42.5,21.75,4900904.0
78,-42.25,21.75,4953164.0
79,-42.0,21.75,5001681.0
80,-41.75,21.75,5053927.0
81,-41.5,21.75,5106148.0
82,-41.25,21.75,5158388.0
83,-41.0,21.75,5206893.0
84,-40.75,21.75,5259112.0
85,-40.5,21.75,5307603.0
86,-40.25,21.75,5359815.0
87,-40.0,21.75,5412008.0
88,-39.75,21.75,5464200.0
89,-39.5,21.75,5512665.0
90,-39.25,21.75,5564845.0
91,-39.0,21.75,5617027.0
92,-38.75,21.75,5665492.0
93,-38.5,21.75,5717684.0
94,-38.25,21.75,5766148.0
95,-38.0,21.75,5818341.0
96,-37.75,21.75,5870512.0
97,-37.5,21.75,5922677.0
98,-37.25,21.75,5971114.0
99,-37.0,21.75,6023278.0
100,-36.75,21.75,6075443.0
101,-36.5,21.75,6123880.0
102,-36.25,21.75,6176044.0
103,-36.0,21.75,6228209.0
104,-35.75,21.75,6276646.0
105,-35.5,21.75,6328810.0
106,-35.25,21.75,6380975.0
107,-35.0,21.75,6429412.0
108,-34.75,21.75,6481576.0
109,-34.5,21.75,6533741.0
110,-34.25,21.75,6582178.0
111,-34.0,21.75,6634350.0
112,-33.75,21.75,6686541.0
113,-33.5,21.75,6735005.0
114,-33.25,21.75,6787197.0
115,-33.0,21.75,6839388.0
116,-32.75,21.75,6891571.0
117,-32.5,21.75,6943754.0
118,-32.25,21.75,6992217.0
119,-32.0,21.75,7044409.0
120,-31.75,21.75,7092872.0
121,-31.5,21.75,7145083.0
122,-31.25,21.75,7197302.0
123,-31.0,21.75,7245793.0
124,-30.75,21.75,7298029.0
125,-30.5,21.75,7350268.0
126,-30.25,21.75,7398757.0
127,-30.0,21.75,7451002.0
128,-29.75,21.75,7503249.0
129,-29.5,21.75,7555512.0
130,-29.25,21.75,7604053.0
131,-29.0,21.75,7656338.0
132,-28.75,21.75,7704878.0
133,-28.5,21.75,7757160.0
134,-28.25,21.75,7809463.0
135,-28.0,21.75,7858040.0
136,-27.75,21.75,7910371.0
137,-27.5,21.75,7962693.0
138,-27.25,21.75,8011285.0
139,-27.0,21.75,8063641.0
140,-26.75,21.75,8116008.0
141,-26.5,21.75,8168380.0
142,-26.25,21.75,8217019.0
143,-26.0,21.75,8269412.0
144,-25.75,21.75,8321827.0
145,-25.5,21.75,8370506.0
146,-25.25,21.75,8422933.0
147,-25.0,21.75,8471631.0
148,-24.75,21.75,8524103.0
149,-24.5,21.75,8576569.0
150,-24.25,21.75,8625305.0
151,-24.0,21.75,8677812.0
152,-23.75,21.75,8730327.0
153,-23.5,21.75,8779102.0
154,-23.25,21.75,8831655.0
155,-23.0,21.75,8880466.0
156,-22.75,21.75,8933040.0
157,-22.5,21.75,8985640.0
158,-22.25,21.75,9034493.0
159,-22.0,21.75,9087117.0
160,-21.75,21.75,9136007.0
161,-21.5,21.75,9188666.0
162,-21.25,21.75,9241346.0
163,-21.0,21.75,9294051.0
164,-20.75,21.75,9342996.0
165,-20.5,21.75,9395734.0
166,-20.25,21.75,9444720.0
167,-20.0,21.75,9497490.0
168,-19.75,21.75,9546520.0
169,-19.5,21.75,9599327.0
170,-19.25,21.75,9648391.0
171,-19.0,21.75,9701244.0
172,-18.75,21.75,9754120.0
173,-18.5,21.75,9803243.0
174,-18.25,21.75,9856158.0
175,-18.0,21.75,9905319.0
176,-17.75,21.75,9958236.0
177,-17.5,21.75,10011153.0
178,-17.25,21.75,10060265.0
179,-17.0,21.75,10113155.0
180,-16.75,21.75,10162243.0
181,-16.5,21.75,10215105.0
182,-16.25,21.75,10267942.0
183,-61.75,21.5,958683.0
184,-61.5,21.5,1011132.0
185,-61.25,21.5,1059861.0
186,-61.0,21.5,1112352.0
187,-60.75,21.5,1164856.0
188,-60.5,21.5,1213636.0
189,-60.25,21.5,1262425.0
190,-60.0,21.5,1314983.0
191,-59.75,21.5,1363811.0
192,-59.5,21.5,1416403.0
193,-59.25,21.5,1465260.0
194,-59.0,21.5,1517891.0
195,-58.75,21.5,1566774.0
196,-58.5,21.5,1619439.0
197,-58.25,21.5,1672113.0
198,-58.0,21.5,1721048.0
199,-57.75,21.5,1773756.0
200,-57.5,21.5,1822716.0
201,-57.25,21.5,1875460.0
202,-57.0,21.5,1924446.0
203,-56.75,21.5,1977219.0
204,-56.5,21.5,2030002.0
205,-56.25,21.5,2079035.0
206,-56.0,21.5,2131846.0
207,-55.75,21.5,2180908.0
208,-55.5,21.5,2233746.0
209,-55.25,21.5,2286612.0
210,-55.0,21.5,2335703.0
211,-54.75,21.5,2388595.0
212,-54.5,21.5,2437711.0
213,-54.25,21.5,2490629.0
214,-54.0,21.5,2543552.0
215,-53.75,21.5,2592712.0
216,-53.5,21.5,2645633.0
217,-53.25,21.5,2694756.0
218,-53.0,21.5,2747638.0
219,-52.75,21.5,2800492.0
220,-52.5,21.5,2849561.0
221,-52.25,21.5,2902375.0
222,-52.0,21.5,2951406.0
223,-51.75,21.5,3004181.0
224,-51.5,21.5,3053167.0
225,-51.25,21.5,3105911.0
226,-51.0,21.5,3158624.0
227,-50.75,21.5,3211330.0
228,-50.5,21.5,3260250.0
229,-50.25,21.5,3312909.0
230,-50.0,21.5,3361802.0
231,-49.75,21.5,3414431.0
232,-49.5,21.5,3467041.0
233,-49.25,21.5,3515888.0
234,-49.0,21.5,3568467.0
235,-48.75,21.5,3621032.0
236,-48.5,21.5,3673587.0
237,-48.25,21.5,3722364.0
238,-48.0,21.5,3774878.0
239,-47.75,21.5,3823638.0
240,-47.5,21.5,3876126.0
241,-47.25,21.5,3928594.0
242,-47.0,21.5,3977317.0
243,-46.75,21.5,4029765.0
244,-46.5,21.5,4082195.0
245,-46.25,21.5,4130872.0
246,-46.0,21.5,4183289.0
247,-45.75,21.5,4235685.0
248,-45.5,21.5,4284325.0
249,-45.25,21.5,4336696.0
250,-45.0,21.5,4389065.0
251,-44.75,21.5,4437684.0
252,-44.5,21.5,4490017.0
253,-44.25,21.5,4542338.0
254,-44.0,21.5,4594670.0
255,-43.75,21.5,4643248.0
256,-43.5,21.5,4695553.0
257,-43.25,21.5,4747836.0
258,-43.0,21.5,4796380.0
259,-42.75,21.5,4848660.0
260,-42.5,21.5,4897204.0
261,-42.25,21.5,4949466.0
262,-42.0,21.5,5001715.0
263,-41.75,21.5,5053961.0
264,-41.5,21.5,5102452.0
265,-41.25,21.5,5154689.0
266,-41.0,21.5,5206927.0
267,-40.75,21.5,5255416.0
268,-40.5,21.5,5307637.0
269,-40.25,21.5,5359849.0
270,-40.0,21.5,5412041.0
271,-39.75,21.5,5460506.0
272,-39.5,21.5,5512698.0
273,-39.25,21.5,5561153.0
274,-39.0,21.5,5613333.0
275,-38.75,21.5,5665525.0
276,-38.5,21.5,5717718.0
277,-38.25,21.5,5769910.0
278,-38.0,21.5,5818374.0
279,-37.75,21.5,5870546.0
280,-37.5,21.5,5922710.0
281,-37.25,21.5,5971149.0
282,-37.0,21.5,6023312.0
283,-36.75,21.5,6075476.0
284,-36.5,21.5,6123915.0
285,-36.25,21.5,6176079.0
286,-36.0,21.5,6228242.0
287,-35.75,21.5,6276681.0
288,-35.5,21.5,6328845.0
289,-35.25,21.5,6381008.0
290,-35.0,21.5,6433172.0
291,-34.75,21.5,6481611.0
292,-34.5,21.5,6533774.0
293,-34.25,21.5,6585938.0
294,-34.0,21.5,6638111.0
295,-33.75,21.5,6686575.0
296,-33.5,21.5,6738767.0
297,-33.25,21.5,6787230.0
298,-33.0,21.5,6839422.0
299,-32.75,21.5,6891605.0
300,-32.5,21.5,6940059.0
301,-32.25,21.5,6992251.0
302,-32.0,21.5,7044442.0
303,-31.75,21.5,7096634.0
304,-31.5,21.5,7148847.0
305,-31.25,21.5,7197336.0
306,-31.0,21.5,7249557.0
307,-30.75,21.5,7298062.0
308,-30.5,21.5,7350302.0
309,-30.25,21.5,7402521.0
310,-30.0,21.5,7454768.0
311,-29.75,21.5,7503283.0
312,-29.5,21.5,7555546.0
313,-29.25,21.5,7607820.0
314,-29.0,21.5,7656372.0
315,-28.75,21.5,7708646.0
316,-28.5,21.5,7757194.0
317,-28.25,21.5,7809497.0
318,-28.0,21.5,7861812.0
319,-27.75,21.5,7914143.0
320,-27.5,21.5,7962727.0
321,-27.25,21.5,8015058.0
322,-27.0,21.5,8067414.0
323,-26.75,21.5,8116042.0
324,-26.5,21.5,8168414.0
325,-26.25,21.5,8220795.0
326,-26.0,21.5,8269446.0
327,-25.75,21.5,8321861.0
328,-25.5,21.5,8374284.0
329,-25.25,21.5,8422967.0
330,-25.0,21.5,8475414.0
331,-24.75,21.5,8527884.0
332,-24.5,21.5,8576603.0
333,-24.25,21.5,8629090.0
334,-24.0,21.5,8681599.0
335,-23.75,21.5,8730361.0
336,-23.5,21.5,8782889.0
337,-23.25,21.5,8835444.0
338,-23.0,21.5,8884255.0
339,-22.75,21.5,8936829.0
340,-22.5,21.5,8989431.0
341,-22.25,21.5,9042043.0
342,-22.0,21.5,9090911.0
343,-21.75,21.5,9143565.0
344,-21.5,21.5,9192462.0
345,-21.25,21.5,9245143.0
346,-21.0,21.5,9294085.0
347,-20.75,21.5,9346797.0
348,-20.5,21.5,9399536.0
349,-20.25,21.5,9452290.0
350,-20.0,21.5,9501294.0
351,-19.75,21.5,9554097.0
352,-19.5,21.5,9603135.0
353,-19.25,21.5,9655977.0
354,-19.0,21.5,9705055.0
355,-18.75,21.5,9757932.0
356,-18.5,21.5,9810833.0
357,-18.25,21.5,9859974.0
358,-18.0,21.5,9912913.0
359,-17.75,21.5,9962050.0
360,-17.5,21.5,10014965.0
361,-17.25,21.5,10067855.0
362,-17.0,21.5,10116967.0
363,-16.75,21.5,10169829.0
364,-16.5,21.5,10222690.0
365,-16.25,21.5,10271750.0
366,-61.75,21.25,951226.0
367,-61.5,21.25,1003673.0
368,-61.25,21.25,1052398.0
369,-61.0,21.25,1104887.0
370,-60.75,21.25,1153640.0
371,-60.5,21.25,1206165.0
372,-60.25,21.25,1254952.0
373,-60.0,21.25,1307511.0
374,-59.75,21.25,1356332.0
375,-59.5,21.25,1408922.0
376,-59.25,21.25,1457779.0
377,-59.0,21.25,1510405.0
378,-58.75,21.25,1563048.0
379,-58.5,21.25,1611949.0
380,-58.25,21.25,1664619.0
381,-58.0,21.25,1717318.0
382,-57.75,21.25,1766259.0
383,-57.5,21.25,1815220.0
384,-57.25,21.25,1867958.0
385,-57.0,21.25,1920712.0
386,-56.75,21.25,1969713.0
387,-56.5,21.25,2022495.0
388,-56.25,21.25,2075297.0
389,-56.0,21.25,2124336.0
390,-55.75,21.25,2177168.0
391,-55.5,21.25,2226232.0
392,-55.25,21.25,2279095.0
393,-55.0,21.25,2331961.0
394,-54.75,21.25,2381073.0
395,-54.5,21.25,2433967.0
396,-54.25,21.25,2486883.0
397,-54.0,21.25,2536026.0
398,-53.75,21.25,2588964.0
399,-53.5,21.25,2638110.0
400,-53.25,21.25,2691012.0
401,-53.0,21.25,2743896.0
402,-52.75,21.25,2792974.0
403,-52.5,21.25,2845821.0
404,-52.25,21.25,2894866.0
405,-52.0,21.25,2947670.0
406,-51.75,21.25,3000448.0
407,-51.5,21.25,3053201.0
408,-51.25,21.25,3102178.0
409,-51.0,21.25,3154894.0
410,-50.75,21.25,3203836.0
411,-50.5,21.25,3256522.0
412,-50.25,21.25,3305418.0
413,-50.0,21.25,3361836.0
414,-49.75,21.25,3410707.0
415,-49.5,21.25,3463318.0
416,-49.25,21.25,3512167.0
417,-49.0,21.25,3564746.0
418,-48.75,21.25,3617311.0
419,-48.5,21.25,3666115.0
420,-48.25,21.25,3718646.0
421,-48.0,21.25,3771159.0
422,-47.75,21.25,3819921.0
423,-47.5,21.25,3872412.0
424,-47.25,21.25,3924881.0
425,-47.0,21.25,3977351.0
426,-46.75,21.25,4026054.0
427,-46.5,21.25,4078485.0
428,-46.25,21.25,4130906.0
429,-46.0,21.25,4179580.0
430,-45.75,21.25,4231977.0
431,-45.5,21.25,4284359.0
432,-45.25,21.25,4332989.0
433,-45.0,21.25,4385359.0
434,-44.75,21.25,4437718.0
435,-44.5,21.25,4490051.0
436,-44.25,21.25,4538636.0
437,-44.0,21.25,4590966.0
438,-43.75,21.25,4643282.0
439,-43.5,21.25,4691852.0
440,-43.25,21.25,4744135.0
441,-43.0,21.25,4792679.0
442,-42.75,21.25,4844960.0
443,-42.5,21.25,4897237.0
444,-42.25,21.25,4949500.0
445,-42.0,21.25,4998017.0
446,-41.75,21.25,5050265.0
447,-41.5,21.25,5102486.0
448,-41.25,21.25,5154723.0
449,-41.0,21.25,5206960.0
450,-40.75,21.25,5255451.0
451,-40.5,21.25,5307670.0
452,-40.25,21.25,5356155.0
453,-40.0,21.25,5408347.0
454,-39.75,21.25,5460540.0
455,-39.5,21.25,5512732.0
456,-39.25,21.25,5564913.0
457,-39.0,21.25,5613367.0
458,-38.75,21.25,5665559.0
459,-38.5,21.25,5717751.0
460,-38.25,21.25,5766216.0
461,-38.0,21.25,5818408.0
462,-37.75,21.25,5866853.0
463,-37.5,21.25,5919018.0
464,-37.25,21.25,5971182.0
465,-37.0,21.25,6023347.0
466,-36.75,21.25,6071784.0
467,-36.5,21.25,6123948.0
468,-36.25,21.25,6176112.0
469,-36.0,21.25,6228277.0
470,-35.75,21.25,6276714.0
471,-35.5,21.25,6328878.0
472,-35.25,21.25,6381042.0
473,-35.0,21.25,6433207.0
474,-34.75,21.25,6481644.0
475,-34.5,21.25,6533808.0
476,-34.25,21.25,6585971.0
477,-34.0,21.25,6634417.0
478,-33.75,21.25,6686609.0
479,-33.5,21.25,6738800.0
480,-33.25,21.25,6790992.0
481,-33.0,21.25,6843184.0
482,-32.75,21.25,6891639.0
483,-32.5,21.25,6943821.0
484,-32.25,21.25,6996013.0
485,-32.0,21.25,7044476.0
486,-31.75,21.25,7096668.0
487,-31.5,21.25,7148880.0
488,-31.25,21.25,7197371.0
489,-31.0,21.25,7249590.0
490,-30.75,21.25,7301828.0
491,-30.5,21.25,7354066.0
492,-30.25,21.25,7402555.0
493,-30.0,21.25,7454802.0
494,-29.75,21.25,7507049.0
495,-29.5,21.25,7559313.0
496,-29.25,21.25,7607854.0
497,-29.0,21.25,7660139.0
498,-28.75,21.25,7712413.0
499,-28.5,21.25,7760965.0
500,-28.25,21.25,7813267.0
501,-28.0,21.25,7861846.0
502,-27.75,21.25,7914177.0
503,-27.5,21.25,7966499.0
504,-27.25,21.25,8018830.0
505,-27.0,21.25,8067448.0
506,-26.75,21.25,8119819.0
507,-26.5,21.25,8172188.0
508,-26.25,21.25,8220829.0
509,-26.0,21.25,8273225.0
510,-25.75,21.25,8325639.0
511,-25.5,21.25,8374318.0
512,-25.25,21.25,8426748.0
513,-25.0,21.25,8479196.0
514,-24.75,21.25,8527917.0
515,-24.5,21.25,8584133.0
516,-24.25,21.25,8632873.0
517,-24.0,21.25,8685384.0
518,-23.75,21.25,8737899.0
519,-23.5,21.25,8786677.0
520,-23.25,21.25,8839231.0
521,-23.0,21.25,8888042.0
522,-22.75,21.25,8940620.0
523,-22.5,21.25,8993224.0
524,-22.25,21.25,9042077.0
525,-22.0,21.25,9094705.0
526,-21.75,21.25,9147360.0
527,-21.5,21.25,9200020.0
528,-21.25,21.25,9248941.0
529,-21.0,21.25,9301647.0
530,-20.75,21.25,9350596.0
531,-20.5,21.25,9403338.0
532,-20.25,21.25,9456093.0
533,-20.0,21.25,9508871.0
534,-19.75,21.25,9557903.0
535,-19.5,21.25,9610717.0
536,-19.25,21.25,9659787.0
537,-19.0,21.25,9712641.0
538,-18.75,21.25,9765522.0
539,-18.5,21.25,9814647.0
540,-18.25,21.25,9867572.0
541,-18.0,21.25,9916727.0
542,-17.75,21.25,9969644.0
543,-17.5,21.25,10022555.0
544,-17.25,21.25,10071667.0
545,-17.0,21.25,10124554.0
546,-16.75,21.25,10173640.0
547,-16.5,21.25,10226498.0
548,-16.25,21.25,10279332.0
549,-61.75,21.0,943767.0
550,-61.5,21.0,996216.0
551,-61.25,21.0,1044938.0
552,-61.0,21.0,1097420.0
553,-60.75,21.0,1146175.0
554,-60.5,21.0,1198697.0
555,-60.25,21.0,1247477.0
556,-60.0,21.0,1300037.0
557,-59.75,21.0,1348855.0
558,-59.5,21.0,1401443.0
559,-59.25,21.0,1454055.0
560,-59.0,21.0,1502919.0
561,-58.75,21.0,1555562.0
562,-58.5,21.0,1608221.0
563,-58.25,21.0,1657130.0
564,-58.0,21.0,1709825.0
565,-57.75,21.0,1758761.0
566,-57.5,21.0,1811488.0
567,-57.25,21.0,1860455.0
568,-57.0,21.0,1913210.0
569,-56.75,21.0,1965977.0
570,-56.5,21.0,2014989.0
571,-56.25,21.0,2067787.0
572,-56.0,21.0,2120598.0
573,-55.75,21.0,2169654.0
574,-55.5,21.0,2222492.0
575,-55.25,21.0,2275353.0
576,-55.0,21.0,2324443.0
577,-54.75,21.0,2377329.0
578,-54.5,21.0,2426445.0
579,-54.25,21.0,2479358.0
580,-54.0,21.0,2532280.0
581,-53.75,21.0,2581434.0
582,-53.5,21.0,2634364.0
583,-53.25,21.0,2687269.0
584,-53.0,21.0,2736378.0
585,-52.75,21.0,2789232.0
586,-52.5,21.0,2838307.0
587,-52.25,21.0,2891128.0
588,-52.0,21.0,2943932.0
589,-51.75,21.0,2996713.0
590,-51.5,21.0,3045699.0
591,-51.25,21.0,3098446.0
592,-51.0,21.0,3147400.0
593,-50.75,21.0,3200107.0
594,-50.5,21.0,3252794.0
595,-50.25,21.0,3305452.0
596,-50.0,21.0,3354350.0
597,-49.75,21.0,3406983.0
598,-49.5,21.0,3459593.0
599,-49.25,21.0,3508444.0
600,-49.0,21.0,3561026.0
601,-48.75,21.0,3613592.0
602,-48.5,21.0,3666149.0
603,-48.25,21.0,3714928.0
604,-48.0,21.0,3767442.0
605,-47.75,21.0,3819955.0
606,-47.5,21.0,3868698.0
607,-47.25,21.0,3921169.0
608,-47.0,21.0,3973636.0
609,-46.75,21.0,4022341.0
610,-46.5,21.0,4074775.0
611,-46.25,21.0,4127195.0
612,-46.0,21.0,4175869.0
613,-45.75,21.0,4228268.0
614,-45.5,21.0,4280652.0
615,-45.25,21.0,4329280.0
616,-45.0,21.0,4381652.0
617,-44.75,21.0,4434013.0
618,-44.5,21.0,4486345.0
619,-44.25,21.0,4534933.0
620,-44.0,21.0,4587261.0
621,-43.75,21.0,4639579.0
622,-43.5,21.0,4688148.0
623,-43.25,21.0,4740435.0
624,-43.0,21.0,4792712.0
625,-42.75,21.0,4844994.0
626,-42.5,21.0,4893537.0
627,-42.25,21.0,4945802.0
628,-42.0,21.0,4998051.0
629,-41.75,21.0,5050298.0
630,-41.5,21.0,5102519.0
631,-41.25,21.0,5151025.0
632,-41.0,21.0,5203264.0
633,-40.75,21.0,5255485.0
634,-40.5,21.0,5307705.0
635,-40.25,21.0,5356188.0
636,-40.0,21.0,5408381.0
637,-39.75,21.0,5460573.0
638,-39.5,21.0,5509038.0
639,-39.25,21.0,5561220.0
640,-39.0,21.0,5613401.0
641,-38.75,21.0,5661865.0
642,-38.5,21.0,5714057.0
643,-38.25,21.0,5766249.0
644,-38.0,21.0,5818442.0
645,-37.75,21.0,5870613.0
646,-37.5,21.0,5922777.0
647,-37.25,21.0,5971216.0
648,-37.0,21.0,6023380.0
649,-36.75,21.0,6075544.0
650,-36.5,21.0,6123983.0
651,-36.25,21.0,6176146.0
652,-36.0,21.0,6228310.0
653,-35.75,21.0,6280474.0
654,-35.5,21.0,6328913.0
655,-35.25,21.0,6381076.0
656,-35.0,21.0,6433240.0
657,-34.75,21.0,6485404.0
658,-34.5,21.0,6533841.0
659,-34.25,21.0,6586005.0
660,-34.0,21.0,6638179.0
661,-33.75,21.0,6686642.0
662,-33.5,21.0,6738834.0
663,-33.25,21.0,6791026.0
664,-33.0,21.0,6839490.0
665,-32.75,21.0,6891672.0
666,-32.5,21.0,6943855.0
667,-32.25,21.0,6996046.0
668,-32.0,21.0,7048238.0
669,-31.75,21.0,7100429.0
670,-31.5,21.0,7148915.0
671,-31.25,21.0,7201135.0
672,-31.0,21.0,7249624.0
673,-30.75,21.0,7301862.0
674,-30.5,21.0,7354099.0
675,-30.25,21.0,7406320.0
676,-30.0,21.0,7458568.0
677,-29.75,21.0,7507083.0
678,-29.5,21.0,7559347.0
679,-29.25,21.0,7611622.0
680,-29.0,21.0,7663906.0
681,-28.75,21.0,7712447.0
682,-28.5,21.0,7764733.0
683,-28.25,21.0,7817036.0
684,-28.0,21.0,7869355.0
685,-27.75,21.0,7917946.0
686,-27.5,21.0,7970269.0
687,-27.25,21.0,8022603.0
688,-27.0,21.0,8071221.0
689,-26.75,21.0,8123594.0
690,-26.5,21.0,8175961.0
691,-26.25,21.0,8228346.0
692,-26.0,21.0,8277002.0
693,-25.75,21.0,8329416.0
694,-25.5,21.0,8381840.0
695,-25.25,21.0,8430527.0
696,-25.0,21.0,8482977.0
697,-24.75,21.0,8535444.0
698,-24.5,21.0,8584167.0
699,-24.25,21.0,8636657.0
700,-24.0,21.0,8689171.0
701,-23.75,21.0,8737933.0
702,-23.5,21.0,8790465.0
703,-23.25,21.0,8843022.0
704,-23.0,21.0,8895584.0
705,-22.75,21.0,8944409.0
706,-22.5,21.0,8997015.0
707,-22.25,21.0,9049627.0
708,-22.0,21.0,9098499.0
709,-21.75,21.0,9151156.0
710,-21.5,21.0,9200054.0
711,-21.25,21.0,9252740.0
712,-21.0,21.0,9305445.0
713,-20.75,21.0,9358162.0
714,-20.5,21.0,9407140.0
715,-20.25,21.0,9459894.0
716,-20.0,21.0,9508905.0
717,-19.75,21.0,9565481.0
718,-19.5,21.0,9614525.0
719,-19.25,21.0,9667373.0
720,-19.0,21.0,9716451.0
721,-18.75,21.0,9769336.0
722,-18.5,21.0,9822241.0
723,-18.25,21.0,9871388.0
724,-18.0,21.0,9924321.0
725,-17.75,21.0,9973459.0
726,-17.5,21.0,10026367.0
727,-17.25,21.0,10079257.0
728,-17.0,21.0,10128364.0
729,-16.75,21.0,10181226.0
730,-16.5,21.0,10234080.0
731,-16.25,21.0,10283140.0
732,-61.75,20.75,936310.0
733,-61.5,20.75,988757.0
734,-61.25,20.75,1037477.0
735,-61.0,20.75,1089955.0
736,-60.75,20.75,1138708.0
737,-60.5,20.75,1191227.0
738,-60.25,20.75,1240006.0
739,-60.0,20.75,1292564.0
740,-59.75,20.75,1345133.0
741,-59.5,20.75,1393964.0
742,-59.25,20.75,1446574.0
743,-59.0,20.75,1495434.0
744,-58.75,20.75,1548077.0
745,-58.5,20.75,1600732.0
746,-58.25,20.75,1649641.0
747,-58.0,20.75,1702330.0
748,-57.75,20.75,1755029.0
749,-57.5,20.75,1803990.0
750,-57.25,20.75,1856721.0
751,-57.0,20.75,1909477.0
752,-56.75,20.75,1958471.0
753,-56.5,20.75,2011253.0
754,-56.25,20.75,2064050.0
755,-56.0,20.75,2113089.0
756,-55.75,20.75,2162141.0
757,-55.5,20.75,2214979.0
758,-55.25,20.75,2267835.0
759,-55.0,20.75,2320701.0
760,-54.75,20.75,2369807.0
761,-54.5,20.75,2422702.0
762,-54.25,20.75,2475612.0
763,-54.0,20.75,2524754.0
764,-53.75,20.75,2577686.0
765,-53.5,20.75,2630619.0
766,-53.25,20.75,2679745.0
767,-53.0,20.75,2732636.0
768,-52.75,20.75,2781718.0
769,-52.5,20.75,2834568.0
770,-52.25,20.75,2887390.0
771,-52.0,20.75,2940194.0
772,-51.75,20.75,2989210.0
773,-51.5,20.75,3041965.0
774,-51.25,20.75,3094715.0
775,-51.0,20.75,3147434.0
776,-50.75,20.75,3196376.0
777,-50.5,20.75,3249066.0
778,-50.25,20.75,3297966.0
779,-50.0,20.75,3350624.0
780,-49.75,20.75,3403259.0
781,-49.5,20.75,3455870.0
782,-49.25,20.75,3504723.0
783,-49.0,20.75,3557306.0
784,-48.75,20.75,3609870.0
785,-48.5,20.75,3658675.0
786,-48.25,20.75,3711210.0
787,-48.0,20.75,3763723.0
788,-47.75,20.75,3816240.0
789,-47.5,20.75,3868732.0
790,-47.25,20.75,3917457.0
791,-47.0,20.75,3969923.0
792,-46.75,20.75,4022375.0
793,-46.5,20.75,4071064.0
794,-46.25,20.75,4123486.0
795,-46.0,20.75,4175903.0
796,-45.75,20.75,4224560.0
797,-45.5,20.75,4276946.0
798,-45.25,20.75,4329314.0
799,-45.0,20.75,4381686.0
800,-44.75,20.75,4430308.0
801,-44.5,20.75,4482642.0
802,-44.25,20.75,4534967.0
803,-44.0,20.75,4583557.0
804,-43.75,20.75,4635877.0
805,-43.5,20.75,4688182.0
806,-43.25,20.75,4740469.0
807,-43.0,20.75,4789012.0
808,-42.75,20.75,4841294.0
809,-42.5,20.75,4893571.0
810,-42.25,20.75,4945836.0
811,-42.0,20.75,4998084.0
812,-41.75,20.75,5046601.0
813,-41.5,20.75,5098823.0
814,-41.25,20.75,5151059.0
815,-41.0,20.75,5203297.0
816,-40.75,20.75,5251789.0
817,-40.5,20.75,5304009.0
818,-40.25,20.75,5356222.0
819,-40.0,20.75,5404687.0
820,-39.75,20.75,5456879.0
821,-39.5,20.75,5509071.0
822,-39.25,20.75,5561254.0
823,-39.0,20.75,5613434.0
824,-38.75,20.75,5665627.0
825,-38.5,20.75,5714092.0
826,-38.25,20.75,5766283.0
827,-38.0,20.75,5818475.0
828,-37.75,20.75,5866921.0
829,-37.5,20.75,5919085.0
830,-37.25,20.75,5971249.0
831,-37.0,20.75,6019688.0
832,-36.75,20.75,6071852.0
833,-36.5,20.75,6124016.0
834,-36.25,20.75,6176180.0
835,-36.0,20.75,6228345.0
836,-35.75,20.75,6276782.0
837,-35.5,20.75,6328946.0
838,-35.25,20.75,6381110.0
839,-35.0,20.75,6433274.0
840,-34.75,20.75,6481711.0
841,-34.5,20.75,6533875.0
842,-34.25,20.75,6586039.0
843,-34.0,20.75,6638212.0
844,-33.75,20.75,6690404.0
845,-33.5,20.75,6738869.0
846,-33.25,20.75,6791060.0
847,-33.0,20.75,6843251.0
848,-32.75,20.75,6895432.0
849,-32.5,20.75,6943888.0
850,-32.25,20.75,6996080.0
851,-32.0,20.75,7048272.0
852,-31.75,20.75,7096735.0
853,-31.5,20.75,7148949.0
854,-31.25,20.75,7201169.0
855,-31.0,20.75,7253387.0
856,-30.75,20.75,7305628.0
857,-30.5,20.75,7354133.0
858,-30.25,20.75,7406354.0
859,-30.0,20.75,7458601.0
860,-29.75,20.75,7510849.0
861,-29.5,20.75,7563115.0
862,-29.25,20.75,7611656.0
863,-29.0,20.75,7663940.0
864,-28.75,20.75,7716215.0
865,-28.5,20.75,7768503.0
866,-28.25,20.75,7817070.0
867,-28.0,20.75,7869389.0
868,-27.75,20.75,7921716.0
869,-27.5,20.75,7974042.0
870,-27.25,20.75,8022637.0
871,-27.0,20.75,8074995.0
872,-26.75,20.75,8127370.0
873,-26.5,20.75,8175995.0
874,-26.25,20.75,8228380.0
875,-26.0,20.75,8280780.0
876,-25.75,20.75,8333197.0
877,-25.5,20.75,8381873.0
878,-25.25,20.75,8434307.0
879,-25.0,20.75,8486760.0
880,-24.75,20.75,8535478.0
881,-24.5,20.75,8587949.0
882,-24.25,20.75,8640442.0
883,-24.0,20.75,8692956.0
884,-23.75,20.75,8745471.0
885,-23.5,20.75,8794253.0
886,-23.25,20.75,8846811.0
887,-23.0,20.75,8895618.0
888,-22.75,20.75,8948200.0
889,-22.5,20.75,9000808.0
890,-22.25,20.75,9049661.0
891,-22.0,20.75,9106053.0
892,-21.75,20.75,9154951.0
893,-21.5,20.75,9207612.0
894,-21.25,20.75,9256537.0
895,-21.0,20.75,9309243.0
896,-20.75,20.75,9361963.0
897,-20.5,20.75,9414711.0
898,-20.25,20.75,9463698.0
899,-20.0,20.75,9516483.0
900,-19.75,20.75,9565515.0
901,-19.5,20.75,9622108.0
902,-19.25,20.75,9671182.0
903,-19.0,20.75,9724037.0
904,-18.75,20.75,9773150.0
905,-18.5,20.75,9826056.0
906,-18.25,20.75,9878986.0
907,-18.0,20.75,9928135.0
908,-17.75,20.75,9981053.0
909,-17.5,20.75,10030180.0
910,-17.25,20.75,10083069.0
911,-17.0,20.75,10135950.0
912,-16.75,20.75,10185036.0
913,-16.5,20.75,10241663.0
914,-16.25,20.75,10290723.0
915,-61.75,20.5,928853.0
916,-61.5,20.5,981300.0
917,-61.25,20.5,1030014.0
918,-61.0,20.5,1082491.0
919,-60.75,20.5,1131243.0
920,-60.5,20.5,1183757.0
921,-60.25,20.5,1236289.0
922,-60.0,20.5,1285089.0
923,-59.75,20.5,1337657.0
924,-59.5,20.5,1386487.0
925,-59.25,20.5,1439092.0
926,-59.0,20.5,1491708.0
927,-58.75,20.5,1540591.0
928,-58.5,20.5,1593242.0
929,-58.25,20.5,1645913.0
930,-58.0,20.5,1694836.0
931,-57.75,20.5,1747536.0
932,-57.5,20.5,1800258.0
933,-57.25,20.5,1849220.0
934,-57.0,20.5,1901976.0
935,-56.75,20.5,1950966.0
936,-56.5,20.5,2003748.0
937,-56.25,20.5,2056541.0
938,-56.0,20.5,2105579.0
939,-55.75,20.5,2158401.0
940,-55.5,20.5,2211241.0
941,-55.25,20.5,2260318.0
942,-55.0,20.5,2313183.0
943,-54.75,20.5,2366063.0
944,-54.5,20.5,2418959.0
945,-54.25,20.5,2468086.0
946,-54.0,20.5,2521008.0
947,-53.75,20.5,2570156.0
948,-53.5,20.5,2623093.0
949,-53.25,20.5,2675999.0
950,-53.0,20.5,2725118.0
951,-52.75,20.5,2777977.0
952,-52.5,20.5,2830828.0
953,-52.25,20.5,2883652.0
954,-52.0,20.5,2932684.0
955,-51.75,20.5,2985474.0
956,-51.5,20.5,3038232.0
957,-51.25,20.5,3090982.0
958,-51.0,20.5,3139940.0
959,-50.75,20.5,3192646.0
960,-50.5,20.5,3241576.0
961,-50.25,20.5,3298000.0
962,-50.0,20.5,3346898.0
963,-49.75,20.5,3399535.0
964,-49.5,20.5,3448388.0
965,-49.25,20.5,3501000.0
966,-49.0,20.5,3553586.0
967,-48.75,20.5,3606149.0
968,-48.5,20.5,3658708.0
969,-48.25,20.5,3707492.0
970,-48.0,20.5,3760006.0
971,-47.75,20.5,3812523.0
972,-47.5,20.5,3861270.0
973,-47.25,20.5,3913742.0
974,-47.0,20.5,3966208.0
975,-46.75,20.5,4018664.0
976,-46.5,20.5,4071098.0
977,-46.25,20.5,4119775.0
978,-46.0,20.5,4172193.0
979,-45.75,20.5,4224594.0
980,-45.5,20.5,4273241.0
981,-45.25,20.5,4325606.0
982,-45.0,20.5,4377981.0
983,-44.75,20.5,4430342.0
984,-44.5,20.5,4478938.0
985,-44.25,20.5,4531265.0
986,-44.0,20.5,4583591.0
987,-43.75,20.5,4635911.0
988,-43.5,20.5,4684480.0
989,-43.25,20.5,4736769.0
990,-43.0,20.5,4789046.0
991,-42.75,20.5,4841328.0
992,-42.5,20.5,4893604.0
993,-42.25,20.5,4942138.0
994,-42.0,20.5,4994386.0
995,-41.75,20.5,5046635.0
996,-41.5,20.5,5098857.0
997,-41.25,20.5,5147361.0
998,-41.0,20.5,5199601.0
999,-40.75,20.5,5251822.0
1000,-40.5,20.5,5304043.0
1001,-40.25,20.5,5356256.0
1002,-40.0,20.5,5408448.0
1003,-39.75,20.5,5456913.0
1004,-39.5,20.5,5509105.0
1005,-39.25,20.5,5561287.0
1006,-39.0,20.5,5609740.0
1007,-38.75,20.5,5661933.0
1008,-38.5,20.5,5714125.0
1009,-38.25,20.5,5766318.0
1010,-38.0,20.5,5818510.0
1011,-37.75,20.5,5866954.0
1012,-37.5,20.5,5919119.0
1013,-37.25,20.5,5971283.0
1014,-37.0,20.5,6023447.0
1015,-36.75,20.5,6075611.0
1016,-36.5,20.5,6124049.0
1017,-36.25,20.5,6176214.0
1018,-36.0,20.5,6228378.0
1019,-35.75,20.5,6280542.0
1020,-35.5,20.5,6332705.0
1021,-35.25,20.5,6381143.0
1022,-35.0,20.5,6433307.0
1023,-34.75,20.5,6485471.0
1024,-34.5,20.5,6537635.0
1025,-34.25,20.5,6586072.0
1026,-34.0,20.5,6638247.0
1027,-33.75,20.5,6690439.0
1028,-33.5,20.5,6738902.0
1029,-33.25,20.5,6791094.0
1030,-33.0,20.5,6843285.0
1031,-32.75,20.5,6895465.0
1032,-32.5,20.5,6947650.0
1033,-32.25,20.5,6999842.0
1034,-32.0,20.5,7048305.0
1035,-31.75,20.5,7100497.0
1036,-31.5,20.5,7152713.0
1037,-31.25,20.5,7201202.0
1038,-31.0,20.5,7253421.0
1039,-30.75,20.5,7305662.0
1040,-30.5,20.5,7357897.0
1041,-30.25,20.5,7410120.0
1042,-30.0,20.5,7458635.0
1043,-29.75,20.5,7510883.0
1044,-29.5,20.5,7563148.0
1045,-29.25,20.5,7615424.0
1046,-29.0,20.5,7667708.0
1047,-28.75,20.5,7716249.0
1048,-28.5,20.5,7768537.0
1049,-28.25,20.5,7820840.0
1050,-28.0,20.5,7873161.0
1051,-27.75,20.5,7921750.0
1052,-27.5,20.5,7974076.0
1053,-27.25,20.5,8026411.0
1054,-27.0,20.5,8078770.0
1055,-26.75,20.5,8127404.0
1056,-26.5,20.5,8179770.0
1057,-26.25,20.5,8232156.0
1058,-26.0,20.5,8280814.0
1059,-25.75,20.5,8333231.0
1060,-25.5,20.5,8385651.0
1061,-25.25,20.5,8438088.0
1062,-25.0,20.5,8490541.0
1063,-24.75,20.5,8539259.0
1064,-24.5,20.5,8591731.0
1065,-24.25,20.5,8644225.0
1066,-24.0,20.5,8696743.0
1067,-23.75,20.5,8745505.0
1068,-23.5,20.5,8798040.0
1069,-23.25,20.5,8850602.0
1070,-23.0,20.5,8903163.0
1071,-22.75,20.5,8951989.0
1072,-22.5,20.5,9004600.0
1073,-22.25,20.5,9057211.0
1074,-22.0,20.5,9106087.0
1075,-21.75,20.5,9158745.0
1076,-21.5,20.5,9211408.0
1077,-21.25,20.5,9264099.0
1078,-21.0,20.5,9313041.0
1079,-20.75,20.5,9365762.0
1080,-20.5,20.5,9418516.0
1081,-20.25,20.5,9471272.0
1082,-20.0,20.5,9520289.0
1083,-19.75,20.5,9573093.0
1084,-19.5,20.5,9622142.0
1085,-19.25,20.5,9674989.0
1086,-19.0,20.5,9727847.0
1087,-18.75,20.5,9780744.0
1088,-18.5,20.5,9829870.0
1089,-18.25,20.5,9882802.0
1090,-18.0,20.5,9935729.0
1091,-17.75,20.5,9984867.0
1092,-17.5,20.5,10037771.0
1093,-17.25,20.5,10090659.0
1094,-17.0,20.5,10139760.0
1095,-16.75,20.5,10192623.0
1096,-16.5,20.5,10245473.0
1097,-16.25,20.5,10298305.0
1098,-61.75,20.25,921399.0
1099,-61.5,20.25,973844.0
1100,-61.25,20.25,1022553.0
1101,-61.0,20.25,1075028.0
1102,-60.75,20.25,1127528.0
1103,-60.5,20.25,1176287.0
1104,-60.25,20.25,1228820.0
1105,-60.0,20.25,1277616.0
1106,-59.75,20.25,1330178.0
1107,-59.5,20.25,1382765.0
1108,-59.25,20.25,1431610.0
1109,-59.0,20.25,1484225.0
1110,-58.75,20.25,1536865.0
1111,-58.5,20.25,1585752.0
1112,-58.25,20.25,1638424.0
1113,-58.0,20.25,1687343.0
1114,-57.75,20.25,1740042.0
1115,-57.5,20.25,1792761.0
1116,-57.25,20.25,1841721.0
1117,-57.0,20.25,1894474.0
1118,-56.75,20.25,1947230.0
1119,-56.5,20.25,1996243.0
1120,-56.25,20.25,2049031.0
1121,-56.0,20.25,2101841.0
1122,-55.75,20.25,2150887.0
1123,-55.5,20.25,2203727.0
1124,-55.25,20.25,2256576.0
1125,-55.0,20.25,2309441.0
1126,-54.75,20.25,2358541.0
1127,-54.5,20.25,2411437.0
1128,-54.25,20.25,2464340.0
1129,-54.0,20.25,2513482.0
1130,-53.75,20.25,2566409.0
1131,-53.5,20.25,2619347.0
1132,-53.25,20.25,2668474.0
1133,-53.0,20.25,2721374.0
1134,-52.75,20.25,2774239.0
1135,-52.5,20.25,2827088.0
1136,-52.25,20.25,2876142.0
1137,-52.0,20.25,2928946.0
1138,-51.75,20.25,2981738.0
1139,-51.5,20.25,3034497.0
1140,-51.25,20.25,3083483.0
1141,-51.0,20.25,3136210.0
1142,-50.75,20.25,3188916.0
1143,-50.5,20.25,3241610.0
1144,-50.25,20.25,3290514.0
1145,-50.0,20.25,3343172.0
1146,-49.75,20.25,3395810.0
1147,-49.5,20.25,3448422.0
1148,-49.25,20.25,3497278.0
1149,-49.0,20.25,3549864.0
1150,-48.75,20.25,3602426.0
1151,-48.5,20.25,3651234.0
1152,-48.25,20.25,3703773.0
1153,-48.0,20.25,3756289.0
1154,-47.75,20.25,3808808.0
1155,-47.5,20.25,3861304.0
1156,-47.25,20.25,3910029.0
1157,-47.0,20.25,3962494.0
1158,-46.75,20.25,4014951.0
1159,-46.5,20.25,4063644.0
1160,-46.25,20.25,4116062.0
1161,-46.0,20.25,4168483.0
1162,-45.75,20.25,4220886.0
1163,-45.5,20.25,4273275.0
1164,-45.25,20.25,4325639.0
1165,-45.0,20.25,4374275.0
1166,-44.75,20.25,4426636.0
1167,-44.5,20.25,4478972.0
1168,-44.25,20.25,4531299.0
1169,-44.0,20.25,4579887.0
1170,-43.75,20.25,4632209.0
1171,-43.5,20.25,4684514.0
1172,-43.25,20.25,4736803.0
1173,-43.0,20.25,4785346.0
1174,-42.75,20.25,4837628.0
1175,-42.5,20.25,4889904.0
1176,-42.25,20.25,4942171.0
1177,-42.0,20.25,4994420.0
1178,-41.75,20.25,5042937.0
1179,-41.5,20.25,5095161.0
1180,-41.25,20.25,5147394.0
1181,-41.0,20.25,5199635.0
1182,-40.75,20.25,5251856.0
1183,-40.5,20.25,5300347.0
1184,-40.25,20.25,5352562.0
1185,-40.0,20.25,5404754.0
1186,-39.75,20.25,5456948.0
1187,-39.5,20.25,5505411.0
1188,-39.25,20.25,5557595.0
1189,-39.0,20.25,5609773.0
1190,-38.75,20.25,5661966.0
1191,-38.5,20.25,5714159.0
1192,-38.25,20.25,5766351.0
1193,-38.0,20.25,5814816.0
1194,-37.75,20.25,5866989.0
1195,-37.5,20.25,5919153.0
1196,-37.25,20.25,5971316.0
1197,-37.0,20.25,6019755.0
1198,-36.75,20.25,6071919.0
1199,-36.5,20.25,6124083.0
1200,-36.25,20.25,6176247.0
1201,-36.0,20.25,6228410.0
1202,-35.75,20.25,6276849.0
1203,-35.5,20.25,6329013.0
1204,-35.25,20.25,6381177.0
1205,-35.0,20.25,6433341.0
1206,-34.75,20.25,6485504.0
1207,-34.5,20.25,6533943.0
1208,-34.25,20.25,6586107.0
1209,-34.0,20.25,6638281.0
1210,-33.75,20.25,6690472.0
1211,-33.5,20.25,6742664.0
1212,-33.25,20.25,6794855.0
1213,-33.0,20.25,6843318.0
1214,-32.75,20.25,6895499.0
1215,-32.5,20.25,6947684.0
1216,-32.25,20.25,6999877.0
1217,-32.0,20.25,7048339.0
1218,-31.75,20.25,7100531.0
1219,-31.5,20.25,7152747.0
1220,-31.25,20.25,7204966.0
1221,-31.0,20.25,7257185.0
1222,-30.75,20.25,7305695.0
1223,-30.5,20.25,7357931.0
1224,-30.25,20.25,7410154.0
1225,-30.0,20.25,7462401.0
1226,-29.75,20.25,7514648.0
1227,-29.5,20.25,7563182.0
1228,-29.25,20.25,7615458.0
1229,-29.0,20.25,7667742.0
1230,-28.75,20.25,7720017.0
1231,-28.5,20.25,7772307.0
1232,-28.25,20.25,7820874.0
1233,-28.0,20.25,7873195.0
1234,-27.75,20.25,7925520.0
1235,-27.5,20.25,7977848.0
1236,-27.25,20.25,8026445.0
1237,-27.0,20.25,8078804.0
1238,-26.75,20.25,8131179.0
1239,-26.5,20.25,8183546.0
1240,-26.25,20.25,8232190.0
1241,-26.0,20.25,8288336.0
1242,-25.75,20.25,8337010.0
1243,-25.5,20.25,8389429.0
1244,-25.25,20.25,8441867.0
1245,-25.0,20.25,8490575.0
1246,-24.75,20.25,8543042.0
1247,-24.5,20.25,8595513.0
1248,-24.25,20.25,8648010.0
1249,-24.0,20.25,8696777.0
1250,-23.75,20.25,8749290.0
1251,-23.5,20.25,8801828.0
1252,-23.25,20.25,8854391.0
1253,-23.0,20.25,8903197.0
1254,-22.75,20.25,8955782.0
1255,-22.5,20.25,9008392.0
1256,-22.25,20.25,9061002.0
1257,-22.0,20.25,9113641.0
1258,-21.75,20.25,9162539.0
1259,-21.5,20.25,9215204.0
1260,-21.25,20.25,9264133.0
1261,-21.0,20.25,9320606.0
1262,-20.75,20.25,9369564.0
1263,-20.5,20.25,9422318.0
1264,-20.25,20.25,9471306.0
1265,-20.0,20.25,9527867.0
1266,-19.75,20.25,9576899.0
1267,-19.5,20.25,9629724.0
1268,-19.25,20.25,9678799.0
1269,-19.0,20.25,9731658.0
1270,-18.75,20.25,9784558.0
1271,-18.5,20.25,9837464.0
1272,-18.25,20.25,9886619.0
1273,-18.0,20.25,9939543.0
1274,-17.75,20.25,9992461.0
1275,-17.5,20.25,10041583.0
1276,-17.25,20.25,10094471.0
1277,-17.0,20.25,10147346.0
1278,-16.75,20.25,10200209.0
1279,-16.5,20.25,10249281.0
1280,-16.25,20.25,10302113.0
1281,-61.75,20.0,913946.0
1282,-61.5,20.0,966385.0
1283,-61.25,20.0,1018840.0
1284,-61.0,20.0,1067567.0
1285,-60.75,20.0,1120063.0
1286,-60.5,20.0,1168818.0
1287,-60.25,20.0,1221349.0
1288,-60.0,20.0,1273897.0
1289,-59.75,20.0,1322701.0
1290,-59.5,20.0,1375288.0
1291,-59.25,20.0,1424129.0
1292,-59.0,20.0,1476744.0
1293,-58.75,20.0,1529380.0
1294,-58.5,20.0,1578263.0
1295,-58.25,20.0,1630934.0
1296,-58.0,20.0,1683613.0
1297,-57.75,20.0,1732548.0
1298,-57.5,20.0,1785263.0
1299,-57.25,20.0,1837990.0
1300,-57.0,20.0,1890740.0
1301,-56.75,20.0,1939726.0
1302,-56.5,20.0,1992507.0
1303,-56.25,20.0,2045293.0
1304,-56.0,20.0,2094331.0
1305,-55.75,20.0,2147148.0
1306,-55.5,20.0,2199987.0
1307,-55.25,20.0,2249058.0
1308,-55.0,20.0,2301923.0
1309,-54.75,20.0,2354798.0
1310,-54.5,20.0,2407693.0
1311,-54.25,20.0,2456814.0
1312,-54.0,20.0,2509737.0
1313,-53.75,20.0,2562661.0
1314,-53.5,20.0,2611821.0
1315,-53.25,20.0,2664729.0
1316,-53.0,20.0,2717631.0
1317,-52.75,20.0,2770499.0
1318,-52.5,20.0,2819574.0
1319,-52.25,20.0,2872405.0
1320,-52.0,20.0,2925208.0
1321,-51.75,20.0,2978002.0
1322,-51.5,20.0,3026995.0
1323,-51.25,20.0,3079750.0
1324,-51.0,20.0,3132478.0
1325,-50.75,20.0,3185186.0
1326,-50.5,20.0,3234120.0
1327,-50.25,20.0,3286788.0
1328,-50.0,20.0,3339446.0
1329,-49.75,20.0,3392087.0
1330,-49.5,20.0,3440943.0
1331,-49.25,20.0,3493553.0
1332,-49.0,20.0,3546142.0
1333,-48.75,20.0,3598705.0
1334,-48.5,20.0,3651268.0
1335,-48.25,20.0,3700056.0
1336,-48.0,20.0,3752572.0
1337,-47.75,20.0,3805091.0
1338,-47.5,20.0,3853841.0
1339,-47.25,20.0,3910063.0
1340,-47.0,20.0,3958781.0
1341,-46.75,20.0,4011239.0
1342,-46.5,20.0,4063678.0
1343,-46.25,20.0,4116096.0
1344,-46.0,20.0,4164773.0
1345,-45.75,20.0,4217177.0
1346,-45.5,20.0,4269567.0
1347,-45.25,20.0,4321930.0
1348,-45.0,20.0,4374309.0
1349,-44.75,20.0,4426670.0
1350,-44.5,20.0,4475268.0
1351,-44.25,20.0,4527597.0
1352,-44.0,20.0,4579921.0
1353,-43.75,20.0,4632243.0
1354,-43.5,20.0,4680812.0
1355,-43.25,20.0,4733103.0
1356,-43.0,20.0,4785380.0
1357,-42.75,20.0,4837662.0
1358,-42.5,20.0,4889938.0
1359,-42.25,20.0,4938473.0
1360,-42.0,20.0,4990722.0
1361,-41.75,20.0,5042971.0
1362,-41.5,20.0,5095194.0
1363,-41.25,20.0,5147428.0
1364,-41.0,20.0,5195939.0
1365,-40.75,20.0,5248159.0
1366,-40.5,20.0,5300380.0
1367,-40.25,20.0,5352596.0
1368,-40.0,20.0,5404788.0
1369,-39.75,20.0,5456980.0
1370,-39.5,20.0,5505446.0
1371,-39.25,20.0,5557630.0
1372,-39.0,20.0,5609808.0
1373,-38.75,20.0,5661999.0
1374,-38.5,20.0,5710464.0
1375,-38.25,20.0,5762657.0
1376,-38.0,20.0,5814849.0
1377,-37.75,20.0,5867022.0
1378,-37.5,20.0,5919187.0
1379,-37.25,20.0,5971351.0
1380,-37.0,20.0,6023515.0
1381,-36.75,20.0,6071952.0
1382,-36.5,20.0,6124117.0
1383,-36.25,20.0,6176281.0
1384,-36.0,20.0,6228445.0
1385,-35.75,20.0,6280609.0
1386,-35.5,20.0,6332773.0
1387,-35.25,20.0,6381210.0
1388,-35.0,20.0,6433375.0
1389,-34.75,20.0,6485539.0
1390,-34.5,20.0,6537703.0
1391,-34.25,20.0,6586140.0
1392,-34.0,20.0,6638314.0
1393,-33.75,20.0,6690506.0
1394,-33.5,20.0,6742697.0
1395,-33.25,20.0,6794888.0
1396,-33.0,20.0,6843353.0
1397,-32.75,20.0,6895534.0
1398,-32.5,20.0,6947719.0
1399,-32.25,20.0,6999909.0
1400,-32.0,20.0,7052101.0
1401,-31.75,20.0,7104293.0
1402,-31.5,20.0,7152780.0
1403,-31.25,20.0,7204999.0
1404,-31.0,20.0,7257219.0
1405,-30.75,20.0,7309461.0
1406,-30.5,20.0,7361694.0
1407,-30.25,20.0,7413920.0
1408,-30.0,20.0,7462435.0
1409,-29.75,20.0,7514682.0
1410,-29.5,20.0,7566950.0
1411,-29.25,20.0,7619226.0
1412,-29.0,20.0,7671510.0
1413,-28.75,20.0,7720051.0
1414,-28.5,20.0,7772341.0
1415,-28.25,20.0,7824644.0
1416,-28.0,20.0,7876967.0
1417,-27.75,20.0,7925554.0
1418,-27.5,20.0,7977882.0
1419,-27.25,20.0,8030219.0
1420,-27.0,20.0,8082578.0
1421,-26.75,20.0,8134954.0
1422,-26.5,20.0,8187321.0
1423,-26.25,20.0,8235965.0
1424,-26.0,20.0,8288370.0
1425,-25.75,20.0,8340790.0
1426,-25.5,20.0,8393207.0
1427,-25.25,20.0,8441901.0
1428,-25.0,20.0,8494358.0
1429,-24.75,20.0,8546824.0
1430,-24.5,20.0,8599294.0
1431,-24.25,20.0,8651793.0
1432,-24.0,20.0,8700562.0
1433,-23.75,20.0,8753077.0
1434,-23.5,20.0,8805616.0
1435,-23.25,20.0,8858182.0
1436,-23.0,20.0,8910743.0
1437,-22.75,20.0,8959573.0
1438,-22.5,20.0,9012185.0
1439,-22.25,20.0,9064797.0
1440,-22.0,20.0,9113675.0
1441,-21.75,20.0,9170095.0
1442,-21.5,20.0,9219001.0
1443,-21.25,20.0,9271697.0
1444,-21.0,20.0,9320640.0
1445,-20.75,20.0,9373367.0
1446,-20.5,20.0,9426120.0
1447,-20.25,20.0,9478880.0
1448,-20.0,20.0,9527901.0
1449,-19.75,20.0,9580706.0
1450,-19.5,20.0,9633532.0
1451,-19.25,20.0,9686382.0
1452,-19.0,20.0,9735471.0
1453,-18.75,20.0,9788371.0
1454,-18.5,20.0,9841278.0
1455,-18.25,20.0,9894217.0
1456,-18.0,20.0,9943358.0
1457,-17.75,20.0,9996275.0
1458,-17.5,20.0,10049173.0
1459,-17.25,20.0,10098284.0
1460,-17.0,20.0,10151156.0
1461,-16.75,20.0,10204019.0
1462,-16.5,20.0,10256863.0
1463,-16.25,20.0,10309696.0
1464,-61.75,19.75,906493.0
1465,-61.5,19.75,958928.0
1466,-61.25,19.75,1007630.0
1467,-61.0,19.75,1060105.0
1468,-60.75,19.75,1112596.0
1469,-60.5,19.75,1165101.0
1470,-60.25,19.75,1213880.0
1471,-60.0,19.75,1266424.0
1472,-59.75,19.75,1315228.0
1473,-59.5,19.75,1367810.0
1474,-59.25,19.75,1420405.0
1475,-59.0,19.75,1469262.0
1476,-58.75,19.75,1521894.0
1477,-58.5,19.75,1574537.0
1478,-58.25,19.75,1627206.0
1479,-58.0,19.75,1676120.0
1480,-57.75,19.75,1728818.0
1481,-57.5,19.75,1781531.0
1482,-57.25,19.75,1830492.0
1483,-57.0,19.75,1883238.0
1484,-56.75,19.75,1935992.0
1485,-56.5,19.75,1985001.0
1486,-56.25,19.75,2037784.0
1487,-56.0,19.75,2090593.0
1488,-55.75,19.75,2139634.0
1489,-55.5,19.75,2192473.0
1490,-55.25,19.75,2245316.0
1491,-55.0,19.75,2298181.0
1492,-54.75,19.75,2351055.0
1493,-54.5,19.75,2400171.0
1494,-54.25,19.75,2453068.0
1495,-54.0,19.75,2505991.0
1496,-53.75,19.75,2555133.0
1497,-53.5,19.75,2608074.0
1498,-53.25,19.75,2660986.0
1499,-53.0,19.75,2713888.0
1500,-52.75,19.75,2762983.0
1501,-52.5,19.75,2815835.0
1502,-52.25,19.75,2868666.0
1503,-52.0,19.75,2921470.0
1504,-51.75,19.75,2970496.0
1505,-51.5,19.75,3023262.0
1506,-51.25,19.75,3076015.0
1507,-51.0,19.75,3128746.0
1508,-50.75,19.75,3177689.0
1509,-50.5,19.75,3234154.0
1510,-50.25,19.75,3283061.0
1511,-50.0,19.75,3335720.0
1512,-49.75,19.75,3388361.0
1513,-49.5,19.75,3440977.0
1514,-49.25,19.75,3489830.0
1515,-49.0,19.75,3542420.0
1516,-48.75,19.75,3594984.0
1517,-48.5,19.75,3643794.0
1518,-48.25,19.75,3700090.0
1519,-48.0,19.75,3748857.0
1520,-47.75,19.75,3801375.0
1521,-47.5,19.75,3853875.0
1522,-47.25,19.75,3906348.0
1523,-47.0,19.75,3955066.0
1524,-46.75,19.75,4007528.0
1525,-46.5,19.75,4059968.0
1526,-46.25,19.75,4112386.0
1527,-46.0,19.75,4164807.0
1528,-45.75,19.75,4213470.0
1529,-45.5,19.75,4265859.0
1530,-45.25,19.75,4318223.0
1531,-45.0,19.75,4370602.0
1532,-44.75,19.75,4419223.0
1533,-44.5,19.75,4475302.0
1534,-44.25,19.75,4527631.0
1535,-44.0,19.75,4576217.0
1536,-43.75,19.75,4628541.0
1537,-43.5,19.75,4680846.0
1538,-43.25,19.75,4733137.0
1539,-43.0,19.75,4781680.0
1540,-42.75,19.75,4833961.0
1541,-42.5,19.75,4886238.0
1542,-42.25,19.75,4938507.0
1543,-42.0,19.75,4990756.0
1544,-41.75,19.75,5043004.0
1545,-41.5,19.75,5091498.0
1546,-41.25,19.75,5143730.0
1547,-41.0,19.75,5195972.0
1548,-40.75,19.75,5248193.0
1549,-40.5,19.75,5300414.0
1550,-40.25,19.75,5352629.0
1551,-40.0,19.75,5401094.0
1552,-39.75,19.75,5453286.0
1553,-39.5,19.75,5505479.0
1554,-39.25,19.75,5557664.0
1555,-39.0,19.75,5609842.0
1556,-38.75,19.75,5662034.0
1557,-38.5,19.75,5714226.0
1558,-38.25,19.75,5762691.0
1559,-38.0,19.75,5814883.0
1560,-37.75,19.75,5867056.0
1561,-37.5,19.75,5919220.0
1562,-37.25,19.75,5971384.0
1563,-37.0,19.75,6019823.0
1564,-36.75,19.75,6071987.0
1565,-36.5,19.75,6124151.0
1566,-36.25,19.75,6176314.0
1567,-36.0,19.75,6228478.0
1568,-35.75,19.75,6280642.0
1569,-35.5,19.75,6329081.0
1570,-35.25,19.75,6381245.0
1571,-35.0,19.75,6433409.0
1572,-34.75,19.75,6485572.0
1573,-34.5,19.75,6537736.0
1574,-34.25,19.75,6589900.0
1575,-34.0,19.75,6642076.0
1576,-33.75,19.75,6694268.0
1577,-33.5,19.75,6742731.0
1578,-33.25,19.75,6794923.0
1579,-33.0,19.75,6847115.0
1580,-32.75,19.75,6899294.0
1581,-32.5,19.75,6947752.0
1582,-32.25,19.75,6999943.0
1583,-32.0,19.75,7052135.0
1584,-31.75,19.75,7104326.0
1585,-31.5,19.75,7156544.0
1586,-31.25,19.75,7208763.0
1587,-31.0,19.75,7257252.0
1588,-30.75,19.75,7309495.0
1589,-30.5,19.75,7361728.0
1590,-30.25,19.75,7413953.0
1591,-30.0,19.75,7466201.0
1592,-29.75,19.75,7518448.0
1593,-29.5,19.75,7566984.0
1594,-29.25,19.75,7619259.0
1595,-29.0,19.75,7671544.0
1596,-28.75,19.75,7723819.0
1597,-28.5,19.75,7776111.0
1598,-28.25,19.75,7824678.0
1599,-28.0,19.75,7877001.0
1600,-27.75,19.75,7929324.0
1601,-27.5,19.75,7981654.0
1602,-27.25,19.75,8033992.0
1603,-27.0,19.75,8086351.0
1604,-26.75,19.75,8138731.0
1605,-26.5,19.75,8187355.0
1606,-26.25,19.75,8239742.0
1607,-26.0,19.75,8292148.0
1608,-25.75,19.75,8344571.0
1609,-25.5,19.75,8393241.0
1610,-25.25,19.75,8445682.0
1611,-25.0,19.75,8498139.0
1612,-24.75,19.75,8550605.0
1613,-24.5,19.75,8603078.0
1614,-24.25,19.75,8651827.0
1615,-24.0,19.75,8704347.0
1616,-23.75,19.75,8756863.0
1617,-23.5,19.75,8809404.0
1618,-23.25,19.75,8861970.0
1619,-23.0,19.75,8910777.0
1620,-22.75,19.75,8963366.0
1621,-22.5,19.75,9015977.0
1622,-22.25,19.75,9068590.0
1623,-22.0,19.75,9121232.0
1624,-21.75,19.75,9170129.0
1625,-21.5,19.75,9222799.0
1626,-21.25,19.75,9275497.0
1627,-21.0,19.75,9328206.0
1628,-20.75,19.75,9377168.0
1629,-20.5,19.75,9429923.0
1630,-20.25,19.75,9482684.0
1631,-20.0,19.75,9535479.0
1632,-19.75,19.75,9584511.0
1633,-19.5,19.75,9637341.0
1634,-19.25,19.75,9690192.0
1635,-19.0,19.75,9743062.0
1636,-18.75,19.75,9792184.0
1637,-18.5,19.75,9845091.0
1638,-18.25,19.75,9898033.0
1639,-18.0,19.75,9950952.0
1640,-17.75,19.75,10003869.0
1641,-17.5,19.75,10052985.0
1642,-17.25,19.75,10105875.0
1643,-17.0,19.75,10158742.0
1644,-16.75,19.75,10211605.0
1645,-16.5,19.75,10260671.0
1646,-16.25,19.75,10313504.0
1647,-61.75,19.5,899039.0
1648,-61.5,19.5,951470.0
1649,-61.25,19.5,1000172.0
1650,-61.0,19.5,1052645.0
1651,-60.75,19.5,1105131.0
1652,-60.5,19.5,1153884.0
1653,-60.25,19.5,1206410.0
1654,-60.0,19.5,1258949.0
1655,-59.75,19.5,1311509.0
1656,-59.5,19.5,1360332.0
1657,-59.25,19.5,1412924.0
1658,-59.0,19.5,1465538.0
1659,-58.75,19.5,1518168.0
1660,-58.5,19.5,1567051.0
1661,-58.25,19.5,1619715.0
1662,-58.0,19.5,1672390.0
1663,-57.75,19.5,1721324.0
1664,-57.5,19.5,1774034.0
1665,-57.25,19.5,1826760.0
1666,-57.0,19.5,1879504.0
1667,-56.75,19.5,1928491.0
1668,-56.5,19.5,1981265.0
1669,-56.25,19.5,2034048.0
1670,-56.0,19.5,2083083.0
1671,-55.75,19.5,2135894.0
1672,-55.5,19.5,2188733.0
1673,-55.25,19.5,2237798.0
1674,-55.0,19.5,2294440.0
1675,-54.75,19.5,2343533.0
1676,-54.5,19.5,2396427.0
1677,-54.25,19.5,2449323.0
1678,-54.0,19.5,2498465.0
1679,-53.75,19.5,2551387.0
1680,-53.5,19.5,2604329.0
1681,-53.25,19.5,2657242.0
1682,-53.0,19.5,2706366.0
1683,-52.75,19.5,2759242.0
1684,-52.5,19.5,2812094.0
1685,-52.25,19.5,2864928.0
1686,-52.0,19.5,2913960.0
1687,-51.75,19.5,2966761.0
1688,-51.5,19.5,3019527.0
1689,-51.25,19.5,3072281.0
1690,-51.0,19.5,3125015.0
1691,-50.75,19.5,3177723.0
1692,-50.5,19.5,3226660.0
1693,-50.25,19.5,3279333.0
1694,-50.0,19.5,3331992.0
1695,-49.75,19.5,3384636.0
1696,-49.5,19.5,3433495.0
1697,-49.25,19.5,3486105.0
1698,-49.0,19.5,3538698.0
1699,-48.75,19.5,3591264.0
1700,-48.5,19.5,3643828.0
1701,-48.25,19.5,3692620.0
1702,-48.0,19.5,3745140.0
1703,-47.75,19.5,3797660.0
1704,-47.5,19.5,3850160.0
1705,-47.25,19.5,3902635.0
1706,-47.0,19.5,3955100.0
1707,-46.75,19.5,4003815.0
1708,-46.5,19.5,4056257.0
1709,-46.25,19.5,4108676.0
1710,-46.0,19.5,4161096.0
1711,-45.75,19.5,4213504.0
1712,-45.5,19.5,4265893.0
1713,-45.25,19.5,4314517.0
1714,-45.0,19.5,4366896.0
1715,-44.75,19.5,4419257.0
1716,-44.5,19.5,4471597.0
1717,-44.25,19.5,4523927.0
1718,-44.0,19.5,4576251.0
1719,-43.75,19.5,4628574.0
1720,-43.5,19.5,4677144.0
1721,-43.25,19.5,4729436.0
1722,-43.0,19.5,4781713.0
1723,-42.75,19.5,4833995.0
1724,-42.5,19.5,4886272.0
1725,-42.25,19.5,4934809.0
1726,-42.0,19.5,4987058.0
1727,-41.75,19.5,5039306.0
1728,-41.5,19.5,5091532.0
1729,-41.25,19.5,5143764.0
1730,-41.0,19.5,5196006.0
1731,-40.75,19.5,5244497.0
1732,-40.5,19.5,5296717.0
1733,-40.25,19.5,5348935.0
1734,-40.0,19.5,5401127.0
1735,-39.75,19.5,5453320.0
1736,-39.5,19.5,5505513.0
1737,-39.25,19.5,5557697.0
1738,-39.0,19.5,5609875.0
1739,-38.75,19.5,5658340.0
1740,-38.5,19.5,5710532.0
1741,-38.25,19.5,5762724.0
1742,-38.0,19.5,5814917.0
1743,-37.75,19.5,5867091.0
1744,-37.5,19.5,5919255.0
1745,-37.25,19.5,5967692.0
1746,-37.0,19.5,6019856.0
1747,-36.75,19.5,6072020.0
1748,-36.5,19.5,6124184.0
1749,-36.25,19.5,6176349.0
1750,-36.0,19.5,6228513.0
1751,-35.75,19.5,6280677.0
1752,-35.5,19.5,6329114.0
1753,-35.25,19.5,6381278.0
1754,-35.0,19.5,6433442.0
1755,-34.75,19.5,6485606.0
1756,-34.5,19.5,6537771.0
1757,-34.25,19.5,6589935.0
1758,-34.0,19.5,6638382.0
1759,-33.75,19.5,6690573.0
1760,-33.5,19.5,6742765.0
1761,-33.25,19.5,6794957.0
1762,-33.0,19.5,6847148.0
1763,-32.75,19.5,6899327.0
1764,-32.5,19.5,6951514.0
1765,-32.25,19.5,7003705.0
1766,-32.0,19.5,7052168.0
1767,-31.75,19.5,7104360.0
1768,-31.5,19.5,7156577.0
1769,-31.25,19.5,7208797.0
1770,-31.0,19.5,7261016.0
1771,-30.75,19.5,7313261.0
1772,-30.5,19.5,7365492.0
1773,-30.25,19.5,7413987.0
1774,-30.0,19.5,7466235.0
1775,-29.75,19.5,7518482.0
1776,-29.5,19.5,7570752.0
1777,-29.25,19.5,7623027.0
1778,-29.0,19.5,7671577.0
1779,-28.75,19.5,7723852.0
1780,-28.5,19.5,7776145.0
1781,-28.25,19.5,7828447.0
1782,-28.0,19.5,7880773.0
1783,-27.75,19.5,7933093.0
1784,-27.5,19.5,7985425.0
1785,-27.25,19.5,8037766.0
1786,-27.0,19.5,8086385.0
1787,-26.75,19.5,8138765.0
1788,-26.5,19.5,8191131.0
1789,-26.25,19.5,8243518.0
1790,-26.0,19.5,8292181.0
1791,-25.75,19.5,8344605.0
1792,-25.5,19.5,8397018.0
1793,-25.25,19.5,8449461.0
1794,-25.0,19.5,8501921.0
1795,-24.75,19.5,8554388.0
1796,-24.5,19.5,8603112.0
1797,-24.25,19.5,8655612.0
1798,-24.0,19.5,8708130.0
1799,-23.75,19.5,8760649.0
1800,-23.5,19.5,8813192.0
1801,-23.25,19.5,8862004.0
1802,-23.0,19.5,8918323.0
1803,-22.75,19.5,8967157.0
1804,-22.5,19.5,9019769.0
1805,-22.25,19.5,9072385.0
1806,-22.0,19.5,9121266.0
1807,-21.75,19.5,9177687.0
1808,-21.5,19.5,9226597.0
1809,-21.25,19.5,9279297.0
1810,-21.0,19.5,9332007.0
1811,-20.75,19.5,9384738.0
1812,-20.5,19.5,9433724.0
1813,-20.25,19.5,9486489.0
1814,-20.0,19.5,9539285.0
1815,-19.75,19.5,9592089.0
1816,-19.5,19.5,9641148.0
1817,-19.25,19.5,9694003.0
1818,-19.0,19.5,9746874.0
1819,-18.75,19.5,9799774.0
1820,-18.5,19.5,9848906.0
1821,-18.25,19.5,9905628.0
1822,-18.0,19.5,9954766.0
1823,-17.75,19.5,10007684.0
1824,-17.5,19.5,10060575.0
1825,-17.25,19.5,10109687.0
1826,-17.0,19.5,10162553.0
1827,-16.75,19.5,10215415.0
1828,-16.5,19.5,10268253.0
1829,-16.25,19.5,10321086.0
1830,-61.75,19.25,891586.0
1831,-61.5,19.25,944013.0
1832,-61.25,19.25,996460.0
1833,-61.0,19.25,1045182.0
1834,-60.75,19.25,1097666.0
1835,-60.5,19.25,1150168.0
1836,-60.25,19.25,1202693.0
1837,-60.0,19.25,1251475.0
1838,-59.75,19.25,1304036.0
1839,-59.5,19.25,1352855.0
1840,-59.25,19.25,1405443.0
1841,-59.0,19.25,1458057.0
1842,-58.75,19.25,1510684.0
1843,-58.5,19.25,1559566.0
1844,-58.25,19.25,1612227.0
1845,-58.0,19.25,1664898.0
1846,-57.75,19.25,1713831.0
1847,-57.5,19.25,1770302.0
1848,-57.25,19.25,1819262.0
1849,-57.0,19.25,1872002.0
1850,-56.75,19.25,1924757.0
1851,-56.5,19.25,1973759.0
1852,-56.25,19.25,2026542.0
1853,-56.0,19.25,2079346.0
1854,-55.75,19.25,2132157.0
1855,-55.5,19.25,2181219.0
1856,-55.25,19.25,2234057.0
1857,-55.0,19.25,2286923.0
1858,-54.75,19.25,2339789.0
1859,-54.5,19.25,2388905.0
1860,-54.25,19.25,2441800.0
1861,-54.0,19.25,2494719.0
1862,-53.75,19.25,2547640.0
1863,-53.5,19.25,2600583.0
1864,-53.25,19.25,2649721.0
1865,-53.0,19.25,2702623.0
1866,-52.75,19.25,2755499.0
1867,-52.5,19.25,2808353.0
1868,-52.25,19.25,2857418.0
1869,-52.0,19.25,2910224.0
1870,-51.75,19.25,2963024.0
1871,-51.5,19.25,3015793.0
1872,-51.25,19.25,3068548.0
1873,-51.0,19.25,3121282.0
1874,-50.75,19.25,3170225.0
1875,-50.5,19.25,3222931.0
1876,-50.25,19.25,3275605.0
1877,-50.0,19.25,3328264.0
1878,-49.75,19.25,3380909.0
1879,-49.5,19.25,3433529.0
1880,-49.25,19.25,3482382.0
1881,-49.0,19.25,3534976.0
1882,-48.75,19.25,3587544.0
1883,-48.5,19.25,3640107.0
1884,-48.25,19.25,3692654.0
1885,-48.0,19.25,3745174.0
1886,-47.75,19.25,3793943.0
1887,-47.5,19.25,3846444.0
1888,-47.25,19.25,3898921.0
1889,-47.0,19.25,3951387.0
1890,-46.75,19.25,4003848.0
1891,-46.5,19.25,4052548.0
1892,-46.25,19.25,4104965.0
1893,-46.0,19.25,4157386.0
1894,-45.75,19.25,4209796.0
1895,-45.5,19.25,4262185.0
1896,-45.25,19.25,4314551.0
1897,-45.0,19.25,4366930.0
1898,-44.75,19.25,4415551.0
1899,-44.5,19.25,4467893.0
1900,-44.25,19.25,4520226.0
1901,-44.0,19.25,4572546.0
1902,-43.75,19.25,4624872.0
1903,-43.5,19.25,4677178.0
1904,-43.25,19.25,4729470.0
1905,-43.0,19.25,4781747.0
1906,-42.75,19.25,4830295.0
1907,-42.5,19.25,4882572.0
1908,-42.25,19.25,4934843.0
1909,-42.0,19.25,4987091.0
1910,-41.75,19.25,5039340.0
1911,-41.5,19.25,5091565.0
1912,-41.25,19.25,5140065.0
1913,-41.0,19.25,5192310.0
1914,-40.75,19.25,5244530.0
1915,-40.5,19.25,5296751.0
1916,-40.25,19.25,5348969.0
1917,-40.0,19.25,5401161.0
1918,-39.75,19.25,5453353.0
1919,-39.5,19.25,5501818.0
1920,-39.25,19.25,5554005.0
1921,-39.0,19.25,5606181.0
1922,-38.75,19.25,5658373.0
1923,-38.5,19.25,5710566.0
1924,-38.25,19.25,5762758.0
1925,-38.0,19.25,5814950.0
1926,-37.75,19.25,5867124.0
1927,-37.5,19.25,5919288.0
1928,-37.25,19.25,5971452.0
1929,-37.0,19.25,6019891.0
1930,-36.75,19.25,6072055.0
1931,-36.5,19.25,6124218.0
1932,-36.25,19.25,6176382.0
1933,-36.0,19.25,6228546.0
1934,-35.75,19.25,6280710.0
1935,-35.5,19.25,6332874.0
1936,-35.25,19.25,6381313.0
1937,-35.0,19.25,6433477.0
1938,-34.75,19.25,6485640.0
1939,-34.5,19.25,6537804.0
1940,-34.25,19.25,6589968.0
1941,-34.0,19.25,6642143.0
1942,-33.75,19.25,6694335.0
1943,-33.5,19.25,6746527.0
1944,-33.25,19.25,6794990.0
1945,-33.0,19.25,6847182.0
1946,-32.75,19.25,6899361.0
1947,-32.5,19.25,6951547.0
1948,-32.25,19.25,7003738.0
1949,-32.0,19.25,7055930.0
1950,-31.75,19.25,7108122.0
1951,-31.5,19.25,7160341.0
1952,-31.25,19.25,7208830.0
1953,-31.0,19.25,7261050.0
1954,-30.75,19.25,7313294.0
1955,-30.5,19.25,7365525.0
1956,-30.25,19.25,7417753.0
1957,-30.0,19.25,7470000.0
1958,-29.75,19.25,7522248.0
1959,-29.5,19.25,7570786.0
1960,-29.25,19.25,7623061.0
1961,-29.0,19.25,7675345.0
1962,-28.75,19.25,7727620.0
1963,-28.5,19.25,7779915.0
1964,-28.25,19.25,7828481.0
1965,-28.0,19.25,7884544.0
1966,-27.75,19.25,7936866.0
1967,-27.5,19.25,7985459.0
1968,-27.25,19.25,8037800.0
1969,-27.0,19.25,8090159.0
1970,-26.75,19.25,8142540.0
1971,-26.5,19.25,8191165.0
1972,-26.25,19.25,8243552.0
1973,-26.0,19.25,8299703.0
1974,-25.75,19.25,8348382.0
1975,-25.5,19.25,8400798.0
1976,-25.25,19.25,8453240.0
1977,-25.0,19.25,8505704.0
1978,-24.75,19.25,8554422.0
1979,-24.5,19.25,8610646.0
1980,-24.25,19.25,8659395.0
1981,-24.0,19.25,8711914.0
1982,-23.75,19.25,8764435.0
1983,-23.5,19.25,8816979.0
1984,-23.25,19.25,8869546.0
1985,-23.0,19.25,8918357.0
1986,-22.75,19.25,8970950.0
1987,-22.5,19.25,9023561.0
1988,-22.25,19.25,9076178.0
1989,-22.0,19.25,9128824.0
1990,-21.75,19.25,9177721.0
1991,-21.5,19.25,9230396.0
1992,-21.25,19.25,9283097.0
1993,-21.0,19.25,9335806.0
1994,-20.75,19.25,9388541.0
1995,-20.5,19.25,9441294.0
1996,-20.25,19.25,9490292.0
1997,-20.0,19.25,9543092.0
1998,-19.75,19.25,9595896.0
1999,-19.5,19.25,9648734.0
2000,-19.25,19.25,9697812.0
2001,-19.0,19.25,9750687.0
2002,-18.75,19.25,9803587.0
2003,-18.5,19.25,9856501.0
2004,-18.25,19.25,9909441.0
2005,-18.0,19.25,9962360.0
2006,-17.75,19.25,10011498.0
2007,-17.5,19.25,10064387.0
2008,-17.25,19.25,10117277.0
2009,-17.0,19.25,10166364.0
2010,-16.75,19.25,10223001.0
2011,-16.5,19.25,10272061.0
2012,-16.25,19.25,10324894.0
2013,-61.75,19.0,887876.0
2014,-61.5,19.0,936555.0
2015,-61.25,19.0,989004.0
2016,-61.0,19.0,1037721.0
2017,-60.75,19.0,1090201.0
2018,-60.5,19.0,1142703.0
2019,-60.25,19.0,1195224.0
2020,-60.0,19.0,1244002.0
2021,-59.75,19.0,1296562.0
2022,-59.5,19.0,1349133.0
2023,-59.25,19.0,1401721.0
2024,-59.0,19.0,1450575.0
2025,-58.75,19.0,1503197.0
2026,-58.5,19.0,1555840.0
2027,-58.25,19.0,1604737.0
2028,-58.0,19.0,1657408.0
2029,-57.75,19.0,1710101.0
2030,-57.5,19.0,1762805.0
2031,-57.25,19.0,1811765.0
2032,-57.0,19.0,1868269.0
2033,-56.75,19.0,1917255.0
2034,-56.5,19.0,1970023.0
2035,-56.25,19.0,2022806.0
2036,-56.0,19.0,2071836.0
2037,-55.75,19.0,2124647.0
2038,-55.5,19.0,2177479.0
2039,-55.25,19.0,2230316.0
2040,-55.0,19.0,2283181.0
2041,-54.75,19.0,2332271.0
2042,-54.5,19.0,2385162.0
2043,-54.25,19.0,2438056.0
2044,-54.0,19.0,2490972.0
2045,-53.75,19.0,2543895.0
2046,-53.5,19.0,2593056.0
2047,-53.25,19.0,2645977.0
2048,-53.0,19.0,2698878.0
2049,-52.75,19.0,2751757.0
2050,-52.5,19.0,2800835.0
2051,-52.25,19.0,2853679.0
2052,-52.0,19.0,2906487.0
2053,-51.75,19.0,2959288.0
2054,-51.5,19.0,3012060.0
2055,-51.25,19.0,3064813.0
2056,-51.0,19.0,3113784.0
2057,-50.75,19.0,3170259.0
2058,-50.5,19.0,3219200.0
2059,-50.25,19.0,3271877.0
2060,-50.0,19.0,3324536.0
2061,-49.75,19.0,3377184.0
2062,-49.5,19.0,3426047.0
2063,-49.25,19.0,3478657.0
2064,-49.0,19.0,3531255.0
2065,-48.75,19.0,3583824.0
2066,-48.5,19.0,3636388.0
2067,-48.25,19.0,3688935.0
2068,-48.0,19.0,3741459.0
2069,-47.75,19.0,3793977.0
2070,-47.5,19.0,3842728.0
2071,-47.25,19.0,3895206.0
2072,-47.0,19.0,3947672.0
2073,-46.75,19.0,4000136.0
2074,-46.5,19.0,4052582.0
2075,-46.25,19.0,4104999.0
2076,-46.0,19.0,4153676.0
2077,-45.75,19.0,4206087.0
2078,-45.5,19.0,4258477.0
2079,-45.25,19.0,4310845.0
2080,-45.0,19.0,4363224.0
2081,-44.75,19.0,4415585.0
2082,-44.5,19.0,4467927.0
2083,-44.25,19.0,4516522.0
2084,-44.0,19.0,4568842.0
2085,-43.75,19.0,4621169.0
2086,-43.5,19.0,4673476.0
2087,-43.25,19.0,4725770.0
2088,-43.0,19.0,4778047.0
2089,-42.75,19.0,4830329.0
2090,-42.5,19.0,4882606.0
2091,-42.25,19.0,4934876.0
2092,-42.0,19.0,4983393.0
2093,-41.75,19.0,5035642.0
2094,-41.5,19.0,5087869.0
2095,-41.25,19.0,5140099.0
2096,-41.0,19.0,5192344.0
2097,-40.75,19.0,5244564.0
2098,-40.5,19.0,5296784.0
2099,-40.25,19.0,5345275.0
2100,-40.0,19.0,5397467.0
2101,-39.75,19.0,5449659.0
2102,-39.5,19.0,5501851.0
2103,-39.25,19.0,5554038.0
2104,-39.0,19.0,5606215.0
2105,-38.75,19.0,5658407.0
2106,-38.5,19.0,5710599.0
2107,-38.25,19.0,5762791.0
2108,-38.0,19.0,5811256.0
2109,-37.75,19.0,5863431.0
2110,-37.5,19.0,5915596.0
2111,-37.25,19.0,5967760.0
2112,-37.0,19.0,6019924.0
2113,-36.75,19.0,6072088.0
2114,-36.5,19.0,6124252.0
2115,-36.25,19.0,6176417.0
2116,-36.0,19.0,6228581.0
2117,-35.75,19.0,6280745.0
2118,-35.5,19.0,6329182.0
2119,-35.25,19.0,6381346.0
2120,-35.0,19.0,6433510.0
2121,-34.75,19.0,6485674.0
2122,-34.5,19.0,6537838.0
2123,-34.25,19.0,6590001.0
2124,-34.0,19.0,6642177.0
2125,-33.75,19.0,6694368.0
2126,-33.5,19.0,6746560.0
2127,-33.25,19.0,6798752.0
2128,-33.0,19.0,6850944.0
2129,-32.75,19.0,6903120.0
2130,-32.5,19.0,6951580.0
2131,-32.25,19.0,7003772.0
2132,-32.0,19.0,7055964.0
2133,-31.75,19.0,7108156.0
2134,-31.5,19.0,7160374.0
2135,-31.25,19.0,7212594.0
2136,-31.0,19.0,7264814.0
2137,-30.75,19.0,7317060.0
2138,-30.5,19.0,7365559.0
2139,-30.25,19.0,7417787.0
2140,-30.0,19.0,7470034.0
2141,-29.75,19.0,7522281.0
2142,-29.5,19.0,7574554.0
2143,-29.25,19.0,7626829.0
2144,-29.0,19.0,7675379.0
2145,-28.75,19.0,7727654.0
2146,-28.5,19.0,7779949.0
2147,-28.25,19.0,7832250.0
2148,-28.0,19.0,7884578.0
2149,-27.75,19.0,7936900.0
2150,-27.5,19.0,7989231.0
2151,-27.25,19.0,8041574.0
2152,-27.0,19.0,8090193.0
2153,-26.75,19.0,8142574.0
2154,-26.5,19.0,8198683.0
2155,-26.25,19.0,8247327.0
2156,-26.0,19.0,8299737.0
2157,-25.75,19.0,8352160.0
2158,-25.5,19.0,8404578.0
2159,-25.25,19.0,8453274.0
2160,-25.0,19.0,8509485.0
2161,-24.75,19.0,8558203.0
2162,-24.5,19.0,8610680.0
2163,-24.25,19.0,8663180.0
2164,-24.0,19.0,8715699.0
2165,-23.75,19.0,8768220.0
2166,-23.5,19.0,8820768.0
2167,-23.25,19.0,8869580.0
2168,-23.0,19.0,8922148.0
2169,-22.75,19.0,8974741.0
2170,-22.5,19.0,9027353.0
2171,-22.25,19.0,9079973.0
2172,-22.0,19.0,9128858.0
2173,-21.75,19.0,9185279.0
2174,-21.5,19.0,9234193.0
2175,-21.25,19.0,9286897.0
2176,-21.0,19.0,9339606.0
2177,-20.75,19.0,9392342.0
2178,-20.5,19.0,9445097.0
2179,-20.25,19.0,9497866.0
2180,-20.0,19.0,9546897.0
2181,-19.75,19.0,9599705.0
2182,-19.5,19.0,9652544.0
2183,-19.25,19.0,9705398.0
2184,-19.0,19.0,9754498.0
2185,-18.75,19.0,9811177.0
2186,-18.5,19.0,9860318.0
2187,-18.25,19.0,9913256.0
2188,-18.0,19.0,9966173.0
2189,-17.75,19.0,10019088.0
2190,-17.5,19.0,10068200.0
2191,-17.25,19.0,10121088.0
2192,-17.0,19.0,10173950.0
2193,-16.75,19.0,10226808.0
2194,-16.5,19.0,10279643.0
2195,-16.25,19.0,10328700.0
2196,-61.75,18.75,876679.0
2197,-61.5,18.75,929098.0
2198,-61.25,18.75,981545.0
2199,-61.0,18.75,1034007.0
2200,-60.75,18.75,1082734.0
2201,-60.5,18.75,1135238.0
2202,-60.25,18.75,1187753.0
2203,-60.0,18.75,1240285.0
2204,-59.75,18.75,1289087.0
2205,-59.5,18.75,1341656.0
2206,-59.25,18.75,1394242.0
2207,-59.0,18.75,1446852.0
2208,-58.75,18.75,1495711.0
2209,-58.5,18.75,1548354.0
2210,-58.25,18.75,1601009.0
2211,-58.0,18.75,1653680.0
2212,-57.75,18.75,1702608.0
2213,-57.5,18.75,1755307.0
2214,-57.25,18.75,1808033.0
2215,-57.0,18.75,1860768.0
2216,-56.75,18.75,1913521.0
2217,-56.5,18.75,1966288.0
2218,-56.25,18.75,2015301.0
2219,-56.0,18.75,2068098.0
2220,-55.75,18.75,2120909.0
2221,-55.5,18.75,2169965.0
2222,-55.25,18.75,2226578.0
2223,-55.0,18.75,2275663.0
2224,-54.75,18.75,2328529.0
2225,-54.5,18.75,2381418.0
2226,-54.25,18.75,2430534.0
2227,-54.0,18.75,2487227.0
2228,-53.75,18.75,2536369.0
2229,-53.5,18.75,2589308.0
2230,-53.25,18.75,2642233.0
2231,-53.0,18.75,2695134.0
2232,-52.75,18.75,2744239.0
2233,-52.5,18.75,2797094.0
2234,-52.25,18.75,2849938.0
2235,-52.0,18.75,2902751.0
2236,-51.75,18.75,2955553.0
2237,-51.5,18.75,3008325.0
2238,-51.25,18.75,3057311.0
2239,-51.0,18.75,3113818.0
2240,-50.75,18.75,3162764.0
2241,-50.5,18.75,3215470.0
2242,-50.25,18.75,3268149.0
2243,-50.0,18.75,3320808.0
2244,-49.75,18.75,3373457.0
2245,-49.5,18.75,3426081.0
2246,-49.25,18.75,3474934.0
2247,-49.0,18.75,3527532.0
2248,-48.75,18.75,3580104.0
2249,-48.5,18.75,3632668.0
2250,-48.25,18.75,3685218.0
2251,-48.0,18.75,3737742.0
2252,-47.75,18.75,3786509.0
2253,-47.5,18.75,3842762.0
2254,-47.25,18.75,3891493.0
2255,-47.0,18.75,3943958.0
2256,-46.75,18.75,3996424.0
2257,-46.5,18.75,4048870.0
2258,-46.25,18.75,4101289.0
2259,-46.0,18.75,4153710.0
2260,-45.75,18.75,4206121.0
2261,-45.5,18.75,4254769.0
2262,-45.25,18.75,4307138.0
2263,-45.0,18.75,4359519.0
2264,-44.75,18.75,4411879.0
2265,-44.5,18.75,4464223.0
2266,-44.25,18.75,4516556.0
2267,-44.0,18.75,4568876.0
2268,-43.75,18.75,4621203.0
2269,-43.5,18.75,4673510.0
2270,-43.25,18.75,4725804.0
2271,-43.0,18.75,4778081.0
2272,-42.75,18.75,4826629.0
2273,-42.5,18.75,4878905.0
2274,-42.25,18.75,4931178.0
2275,-42.0,18.75,4983427.0
2276,-41.75,18.75,5035676.0
2277,-41.5,18.75,5087903.0
2278,-41.25,18.75,5140132.0
2279,-41.0,18.75,5188648.0
2280,-40.75,18.75,5240868.0
2281,-40.5,18.75,5296819.0
2282,-40.25,18.75,5349036.0
2283,-40.0,18.75,5397502.0
2284,-39.75,18.75,5449694.0
2285,-39.5,18.75,5501886.0
2286,-39.25,18.75,5554072.0
2287,-39.0,18.75,5606249.0
2288,-38.75,18.75,5658442.0
2289,-38.5,18.75,5710634.0
2290,-38.25,18.75,5762826.0
2291,-38.0,18.75,5815018.0
2292,-37.75,18.75,5867191.0
2293,-37.5,18.75,5919355.0
2294,-37.25,18.75,5967794.0
2295,-37.0,18.75,6019958.0
2296,-36.75,18.75,6072122.0
2297,-36.5,18.75,6124286.0
2298,-36.25,18.75,6176450.0
2299,-36.0,18.75,6228614.0
2300,-35.75,18.75,6280778.0
2301,-35.5,18.75,6332942.0
2302,-35.25,18.75,6385106.0
2303,-35.0,18.75,6437270.0
2304,-34.75,18.75,6489434.0
2305,-34.5,18.75,6537871.0
2306,-34.25,18.75,6590035.0
2307,-34.0,18.75,6642211.0
2308,-33.75,18.75,6694403.0
2309,-33.5,18.75,6746595.0
2310,-33.25,18.75,6798787.0
2311,-33.0,18.75,6847250.0
2312,-32.75,18.75,6899428.0
2313,-32.5,18.75,6951615.0
2314,-32.25,18.75,7003807.0
2315,-32.0,18.75,7055999.0
2316,-31.75,18.75,7108189.0
2317,-31.5,18.75,7160409.0
2318,-31.25,18.75,7212628.0
2319,-31.0,18.75,7264848.0
2320,-30.75,18.75,7317093.0
2321,-30.5,18.75,7369323.0
2322,-30.25,18.75,7421553.0
2323,-30.0,18.75,7473800.0
2324,-29.75,18.75,7522315.0
2325,-29.5,18.75,7574587.0
2326,-29.25,18.75,7626863.0
2327,-29.0,18.75,7679147.0
2328,-28.75,18.75,7731422.0
2329,-28.5,18.75,7783719.0
2330,-28.25,18.75,7836020.0
2331,-28.0,18.75,7888350.0
2332,-27.75,18.75,7940672.0
2333,-27.5,18.75,7989265.0
2334,-27.25,18.75,8041608.0
2335,-27.0,18.75,8093968.0
2336,-26.75,18.75,8146347.0
2337,-26.5,18.75,8198717.0
2338,-26.25,18.75,8251103.0
2339,-26.0,18.75,8303515.0
2340,-25.75,18.75,8352194.0
2341,-25.5,18.75,8404612.0
2342,-25.25,18.75,8460800.0
2343,-25.0,18.75,8509519.0
2344,-24.75,18.75,8561986.0
2345,-24.5,18.75,8614464.0
2346,-24.25,18.75,8666966.0
2347,-24.0,18.75,8719482.0
2348,-23.75,18.75,8772007.0
2349,-23.5,18.75,8820802.0
2350,-23.25,18.75,8877122.0
2351,-23.0,18.75,8925937.0
2352,-22.75,18.75,8978534.0
2353,-22.5,18.75,9031145.0
2354,-22.25,18.75,9083766.0
2355,-22.0,18.75,9136416.0
2356,-21.75,18.75,9185313.0
2357,-21.5,18.75,9241755.0
2358,-21.25,18.75,9290697.0
2359,-21.0,18.75,9343406.0
2360,-20.75,18.75,9396144.0
2361,-20.5,18.75,9448898.0
2362,-20.25,18.75,9501671.0
2363,-20.0,18.75,9554473.0
2364,-19.75,18.75,9603512.0
2365,-19.5,18.75,9656355.0
2366,-19.25,18.75,9709208.0
2367,-19.0,18.75,9762088.0
2368,-18.75,18.75,9811211.0
2369,-18.5,18.75,9867916.0
2370,-18.25,18.75,9917070.0
2371,-18.0,18.75,9969988.0
2372,-17.75,18.75,10022900.0
2373,-17.5,18.75,10075790.0
2374,-17.25,18.75,10128674.0
2375,-17.0,18.75,10177760.0
2376,-16.75,18.75,10230618.0
2377,-16.5,18.75,10283451.0
2378,-16.25,18.75,10336278.0
2379,-61.75,18.5,872969.0
2380,-61.5,18.5,925389.0
2381,-61.25,18.5,974087.0
2382,-61.0,18.5,1026547.0
2383,-60.75,18.5,1075273.0
2384,-60.5,18.5,1127773.0
2385,-60.25,18.5,1180284.0
2386,-60.0,18.5,1232816.0
2387,-59.75,18.5,1281614.0
2388,-59.5,18.5,1334179.0
2389,-59.25,18.5,1386764.0
2390,-59.0,18.5,1439370.0
2391,-58.75,18.5,1491985.0
2392,-58.5,18.5,1544629.0
2393,-58.25,18.5,1593519.0
2394,-58.0,18.5,1646190.0
2395,-57.75,18.5,1698878.0
2396,-57.5,18.5,1751577.0
2397,-57.25,18.5,1800536.0
2398,-57.0,18.5,1853266.0
2399,-56.75,18.5,1906019.0
2400,-56.5,18.5,1958782.0
2401,-56.25,18.5,2011565.0
2402,-56.0,18.5,2064361.0
2403,-55.75,18.5,2113399.0
2404,-55.5,18.5,2166225.0
2405,-55.25,18.5,2219064.0
2406,-55.0,18.5,2271921.0
2407,-54.75,18.5,2324788.0
2408,-54.5,18.5,2373896.0
2409,-54.25,18.5,2426789.0
2410,-54.0,18.5,2479701.0
2411,-53.75,18.5,2532624.0
2412,-53.5,18.5,2585561.0
2413,-53.25,18.5,2638488.0
2414,-53.0,18.5,2687612.0
2415,-52.75,18.5,2740498.0
2416,-52.5,18.5,2793351.0
2417,-52.25,18.5,2846199.0
2418,-52.0,18.5,2899015.0
2419,-51.75,18.5,2951816.0
2420,-51.5,18.5,3004592.0
2421,-51.25,18.5,3057345.0
2422,-51.0,18.5,3106320.0
2423,-50.75,18.5,3159035.0
2424,-50.5,18.5,3211740.0
2425,-50.25,18.5,3264421.0
2426,-50.0,18.5,3317080.0
2427,-49.75,18.5,3369732.0
2428,-49.5,18.5,3422356.0
2429,-49.25,18.5,3471209.0
2430,-49.0,18.5,3527566.0
2431,-48.75,18.5,3576384.0
2432,-48.5,18.5,3628948.0
2433,-48.25,18.5,3681500.0
2434,-48.0,18.5,3734027.0
2435,-47.75,18.5,3786543.0
2436,-47.5,18.5,3839045.0
2437,-47.25,18.5,3891527.0
2438,-47.0,18.5,3943992.0
2439,-46.75,18.5,3992712.0
2440,-46.5,18.5,4045157.0
2441,-46.25,18.5,4097579.0
2442,-46.0,18.5,4150000.0
2443,-45.75,18.5,4202413.0
2444,-45.5,18.5,4254802.0
2445,-45.25,18.5,4307172.0
2446,-45.0,18.5,4355812.0
2447,-44.75,18.5,4411913.0
2448,-44.5,18.5,4464257.0
2449,-44.25,18.5,4512852.0
2450,-44.0,18.5,4565172.0
2451,-43.75,18.5,4617501.0
2452,-43.5,18.5,4669807.0
2453,-43.25,18.5,4722104.0
2454,-43.0,18.5,4774381.0
2455,-42.75,18.5,4826663.0
2456,-42.5,18.5,4878939.0
2457,-42.25,18.5,4931212.0
2458,-42.0,18.5,4983460.0
2459,-41.75,18.5,5031978.0
2460,-41.5,18.5,5084207.0
2461,-41.25,18.5,5136434.0
2462,-41.0,18.5,5192412.0
2463,-40.75,18.5,5240903.0
2464,-40.5,18.5,5293123.0
2465,-40.25,18.5,5345342.0
2466,-40.0,18.5,5397535.0
2467,-39.75,18.5,5449728.0
2468,-39.5,18.5,5501920.0
2469,-39.25,18.5,5554106.0
2470,-39.0,18.5,5606282.0
2471,-38.75,18.5,5658475.0
2472,-38.5,18.5,5710667.0
2473,-38.25,18.5,5759132.0
2474,-38.0,18.5,5811324.0
2475,-37.75,18.5,5863499.0
2476,-37.5,18.5,5915663.0
2477,-37.25,18.5,5967827.0
2478,-37.0,18.5,6019991.0
2479,-36.75,18.5,6072156.0
2480,-36.5,18.5,6124320.0
2481,-36.25,18.5,6176484.0
2482,-36.0,18.5,6228649.0
2483,-35.75,18.5,6277086.0
2484,-35.5,18.5,6329250.0
2485,-35.25,18.5,6381414.0
2486,-35.0,18.5,6433577.0
2487,-34.75,18.5,6485741.0
2488,-34.5,18.5,6537905.0
2489,-34.25,18.5,6590069.0
2490,-34.0,18.5,6642245.0
2491,-33.75,18.5,6694437.0
2492,-33.5,18.5,6746628.0
2493,-33.25,18.5,6798820.0
2494,-33.0,18.5,6851011.0
2495,-32.75,18.5,6903188.0
2496,-32.5,18.5,6955377.0
2497,-32.25,18.5,7007569.0
2498,-32.0,18.5,7056032.0
2499,-31.75,18.5,7108223.0
2500,-31.5,18.5,7160443.0
2501,-31.25,18.5,7212663.0
2502,-31.0,18.5,7264882.0
2503,-30.75,18.5,7317127.0
2504,-30.5,18.5,7369357.0
2505,-30.25,18.5,7421587.0
2506,-30.0,18.5,7473833.0
2507,-29.75,18.5,7526081.0
2508,-29.5,18.5,7578355.0
2509,-29.25,18.5,7630631.0
2510,-29.0,18.5,7679181.0
2511,-28.75,18.5,7731456.0
2512,-28.5,18.5,7787488.0
2513,-28.25,18.5,7836054.0
2514,-28.0,18.5,7888384.0
2515,-27.75,18.5,7940706.0
2516,-27.5,18.5,7993037.0
2517,-27.25,18.5,8045382.0
2518,-27.0,18.5,8097741.0
2519,-26.75,18.5,8150121.0
2520,-26.5,18.5,8202492.0
2521,-26.25,18.5,8251137.0
2522,-26.0,18.5,8303549.0
2523,-25.75,18.5,8359716.0
2524,-25.5,18.5,8408391.0
2525,-25.25,18.5,8460834.0
2526,-25.0,18.5,8513301.0
2527,-24.75,18.5,8565768.0
2528,-24.5,18.5,8618247.0
2529,-24.25,18.5,8670752.0
2530,-24.0,18.5,8723267.0
2531,-23.75,18.5,8772041.0
2532,-23.5,18.5,8828344.0
2533,-23.25,18.5,8877156.0
2534,-23.0,18.5,8929727.0
2535,-22.75,18.5,8982325.0
2536,-22.5,18.5,9034936.0
2537,-22.25,18.5,9087561.0
2538,-22.0,18.5,9136450.0
2539,-21.75,18.5,9192871.0
2540,-21.5,18.5,9241789.0
2541,-21.25,18.5,9294496.0
2542,-21.0,18.5,9347206.0
2543,-20.75,18.5,9399946.0
2544,-20.5,18.5,9452701.0
2545,-20.25,18.5,9505475.0
2546,-20.0,18.5,9558280.0
2547,-19.75,18.5,9607321.0
2548,-19.5,18.5,9660164.0
2549,-19.25,18.5,9713019.0
2550,-19.0,18.5,9765900.0
2551,-18.75,18.5,9818805.0
2552,-18.5,18.5,9871733.0
2553,-18.25,18.5,9924665.0
2554,-18.0,18.5,9973802.0
2555,-17.75,18.5,10026711.0
2556,-17.5,18.5,10079602.0
2557,-17.25,18.5,10132485.0
2558,-17.0,18.5,10185346.0
2559,-16.75,18.5,10234426.0
2560,-16.5,18.5,10291033.0
2561,-16.25,18.5,10340084.0
2562,-61.75,18.25,865516.0
2563,-61.5,18.25,914191.0
2564,-61.25,18.25,966630.0
2565,-61.0,18.25,1019085.0
2566,-60.75,18.25,1071560.0
2567,-60.5,18.25,1124057.0
2568,-60.25,18.25,1172815.0
2569,-60.0,18.25,1225346.0
2570,-59.75,18.25,1277895.0
2571,-59.5,18.25,1330457.0
2572,-59.25,18.25,1379288.0
2573,-59.0,18.25,1431889.0
2574,-58.75,18.25,1484503.0
2575,-58.5,18.25,1537144.0
2576,-58.25,18.25,1589791.0
2577,-58.0,18.25,1642463.0
2578,-57.75,18.25,1691384.0
2579,-57.5,18.25,1744083.0
2580,-57.25,18.25,1796804.0
2581,-57.0,18.25,1849532.0
2582,-56.75,18.25,1898518.0
2583,-56.5,18.25,1955047.0
2584,-56.25,18.25,2004059.0
2585,-56.0,18.25,2056851.0
2586,-55.75,18.25,2109661.0
2587,-55.5,18.25,2162486.0
2588,-55.25,18.25,2215324.0
2589,-55.0,18.25,2264403.0
2590,-54.75,18.25,2317270.0
2591,-54.5,18.25,2370151.0
2592,-54.25,18.25,2423046.0
2593,-54.0,18.25,2475956.0
2594,-53.75,18.25,2528879.0
2595,-53.5,18.25,2581812.0
2596,-53.25,18.25,2630962.0
2597,-53.0,18.25,2683869.0
2598,-52.75,18.25,2736755.0
2599,-52.5,18.25,2789610.0
2600,-52.25,18.25,2842459.0
2601,-52.0,18.25,2895276.0
2602,-51.75,18.25,2948081.0
2603,-51.5,18.25,3000857.0
2604,-51.25,18.25,3049843.0
2605,-51.0,18.25,3102589.0
2606,-50.75,18.25,3155304.0
2607,-50.5,18.25,3208010.0
2608,-50.25,18.25,3260693.0
2609,-50.0,18.25,3313352.0
2610,-49.75,18.25,3366005.0
2611,-49.5,18.25,3418633.0
2612,-49.25,18.25,3471243.0
2613,-49.0,18.25,3520088.0
2614,-48.75,18.25,3576417.0
2615,-48.5,18.25,3625228.0
2616,-48.25,18.25,3677781.0
2617,-48.0,18.25,3730310.0
2618,-47.75,18.25,3782825.0
2619,-47.5,18.25,3835330.0
2620,-47.25,18.25,3887812.0
2621,-47.0,18.25,3936530.0
2622,-46.75,18.25,3992746.0
2623,-46.5,18.25,4045191.0
2624,-46.25,18.25,4093869.0
2625,-46.0,18.25,4146289.0
2626,-45.75,18.25,4198706.0
2627,-45.5,18.25,4251094.0
2628,-45.25,18.25,4303466.0
2629,-45.0,18.25,4355846.0
2630,-44.75,18.25,4408206.0
2631,-44.5,18.25,4460553.0
2632,-44.25,18.25,4512886.0
2633,-44.0,18.25,4565206.0
2634,-43.75,18.25,4617535.0
2635,-43.5,18.25,4666105.0
2636,-43.25,18.25,4722138.0
2637,-43.0,18.25,4774414.0
2638,-42.75,18.25,4822963.0
2639,-42.5,18.25,4875239.0
2640,-42.25,18.25,4927514.0
2641,-42.0,18.25,4979762.0
2642,-41.75,18.25,5032011.0
2643,-41.5,18.25,5084241.0
2644,-41.25,18.25,5136469.0
2645,-41.0,18.25,5188715.0
2646,-40.75,18.25,5240936.0
2647,-40.5,18.25,5293157.0
2648,-40.25,18.25,5345376.0
2649,-40.0,18.25,5397569.0
2650,-39.75,18.25,5449761.0
2651,-39.5,18.25,5501953.0
2652,-39.25,18.25,5550414.0
2653,-39.0,18.25,5602588.0
2654,-38.75,18.25,5654781.0
2655,-38.5,18.25,5706973.0
2656,-38.25,18.25,5759165.0
2657,-38.0,18.25,5811357.0
2658,-37.75,18.25,5863532.0
2659,-37.5,18.25,5915697.0
2660,-37.25,18.25,5967861.0
2661,-37.0,18.25,6020025.0
2662,-36.75,18.25,6072189.0
2663,-36.5,18.25,6124353.0
2664,-36.25,18.25,6176517.0
2665,-36.0,18.25,6228681.0
2666,-35.75,18.25,6280845.0
2667,-35.5,18.25,6333009.0
2668,-35.25,18.25,6385173.0
2669,-35.0,18.25,6437337.0
2670,-34.75,18.25,6489501.0
2671,-34.5,18.25,6541665.0
2672,-34.25,18.25,6590102.0
2673,-34.0,18.25,6642278.0
2674,-33.75,18.25,6694470.0
2675,-33.5,18.25,6746662.0
2676,-33.25,18.25,6798854.0
2677,-33.0,18.25,6851045.0
2678,-32.75,18.25,6903222.0
2679,-32.5,18.25,6955410.0
2680,-32.25,18.25,7007602.0
2681,-32.0,18.25,7059794.0
2682,-31.75,18.25,7111987.0
2683,-31.5,18.25,7164207.0
2684,-31.25,18.25,7212696.0
2685,-31.0,18.25,7264915.0
2686,-30.75,18.25,7317162.0
2687,-30.5,18.25,7373121.0
2688,-30.25,18.25,7425352.0
2689,-30.0,18.25,7473867.0
2690,-29.75,18.25,7526115.0
2691,-29.5,18.25,7578389.0
2692,-29.25,18.25,7630665.0
2693,-29.0,18.25,7682948.0
2694,-28.75,18.25,7735224.0
2695,-28.5,18.25,7787522.0
2696,-28.25,18.25,7839824.0
2697,-28.0,18.25,7892156.0
2698,-27.75,18.25,7944478.0
2699,-27.5,18.25,7993071.0
2700,-27.25,18.25,8049155.0
2701,-27.0,18.25,8101516.0
2702,-26.75,18.25,8150155.0
2703,-26.5,18.25,8202526.0
2704,-26.25,18.25,8254914.0
2705,-26.0,18.25,8307326.0
2706,-25.75,18.25,8359750.0
2707,-25.5,18.25,8412171.0
2708,-25.25,18.25,8464614.0
2709,-25.0,18.25,8517083.0
2710,-24.75,18.25,8569549.0
2711,-24.5,18.25,8622032.0
2712,-24.25,18.25,8670786.0
2713,-24.0,18.25,8727052.0
2714,-23.75,18.25,8775826.0
2715,-23.5,18.25,8828378.0
2716,-23.25,18.25,8880943.0
2717,-23.0,18.25,8933517.0
2718,-22.75,18.25,8986117.0
2719,-22.5,18.25,9038729.0
2720,-22.25,18.25,9091354.0
2721,-22.0,18.25,9144008.0
2722,-21.75,18.25,9192905.0
2723,-21.5,18.25,9249351.0
2724,-21.25,18.25,9298293.0
2725,-21.0,18.25,9351007.0
2726,-20.75,18.25,9403748.0
2727,-20.5,18.25,9456502.0
2728,-20.25,18.25,9509282.0
2729,-20.0,18.25,9562085.0
2730,-19.75,18.25,9614903.0
2731,-19.5,18.25,9663975.0
2732,-19.25,18.25,9716828.0
2733,-19.0,18.25,9769714.0
2734,-18.75,18.25,9822619.0
2735,-18.5,18.25,9875548.0
2736,-18.25,18.25,9928480.0
2737,-18.0,18.25,9981397.0
2738,-17.75,18.25,10030524.0
2739,-17.5,18.25,10083413.0
2740,-17.25,18.25,10136295.0
2741,-17.0,18.25,10189156.0
2742,-16.75,18.25,10242008.0
2743,-16.5,18.25,10291068.0
2744,-16.25,18.25,10347662.0
2745,-61.75,18.0,858063.0
2746,-61.5,18.0,910481.0
2747,-61.25,18.0,962919.0
2748,-61.0,18.0,1011622.0
2749,-60.75,18.0,1064098.0
2750,-60.5,18.0,1116591.0
2751,-60.25,18.0,1169097.0
2752,-60.0,18.0,1221628.0
2753,-59.75,18.0,1270421.0
2754,-59.5,18.0,1322980.0
2755,-59.25,18.0,1375566.0
2756,-59.0,18.0,1428165.0
2757,-58.75,18.0,1477022.0
2758,-58.5,18.0,1529658.0
2759,-58.25,18.0,1582302.0
2760,-58.0,18.0,1634973.0
2761,-57.75,18.0,1687654.0
2762,-57.5,18.0,1740354.0
2763,-57.25,18.0,1789306.0
2764,-57.0,18.0,1842033.0
2765,-56.75,18.0,1894784.0
2766,-56.5,18.0,1947541.0
2767,-56.25,18.0,2000323.0
2768,-56.0,18.0,2053113.0
2769,-55.75,18.0,2102151.0
2770,-55.5,18.0,2158746.0
2771,-55.25,18.0,2207810.0
2772,-55.0,18.0,2260662.0
2773,-54.75,18.0,2313528.0
2774,-54.5,18.0,2366408.0
2775,-54.25,18.0,2419302.0
2776,-54.0,18.0,2468430.0
2777,-53.75,18.0,2525132.0
2778,-53.5,18.0,2574282.0
2779,-53.25,18.0,2627217.0
2780,-53.0,18.0,2680122.0
2781,-52.75,18.0,2733013.0
2782,-52.5,18.0,2785870.0
2783,-52.25,18.0,2838718.0
2784,-52.0,18.0,2891539.0
2785,-51.75,18.0,2944342.0
2786,-51.5,18.0,2993355.0
2787,-51.25,18.0,3046110.0
2788,-51.0,18.0,3098856.0
2789,-50.75,18.0,3151575.0
2790,-50.5,18.0,3204280.0
2791,-50.25,18.0,3256966.0
2792,-50.0,18.0,3309624.0
2793,-49.75,18.0,3362280.0
2794,-49.5,18.0,3414908.0
2795,-49.25,18.0,3467520.0
2796,-49.0,18.0,3520122.0
2797,-48.75,18.0,3568943.0
2798,-48.5,18.0,3625262.0
2799,-48.25,18.0,3674064.0
2800,-48.0,18.0,3726593.0
2801,-47.75,18.0,3779106.0
2802,-47.5,18.0,3831614.0
2803,-47.25,18.0,3884098.0
2804,-47.0,18.0,3936564.0
2805,-46.75,18.0,3989033.0
2806,-46.5,18.0,4041480.0
2807,-46.25,18.0,4093903.0
2808,-46.0,18.0,4146323.0
2809,-45.75,18.0,4194997.0
2810,-45.5,18.0,4251128.0
2811,-45.25,18.0,4303500.0
2812,-45.0,18.0,4352139.0
2813,-44.75,18.0,4404500.0
2814,-44.5,18.0,4460587.0
2815,-44.25,18.0,4509182.0
2816,-44.0,18.0,4561502.0
2817,-43.75,18.0,4613833.0
2818,-43.5,18.0,4666138.0
2819,-43.25,18.0,4718437.0
2820,-43.0,18.0,4770714.0
2821,-42.75,18.0,4822996.0
2822,-42.5,18.0,4875273.0
2823,-42.25,18.0,4927548.0
2824,-42.0,18.0,4979796.0
2825,-41.75,18.0,5032044.0
2826,-41.5,18.0,5084276.0
2827,-41.25,18.0,5136503.0
2828,-41.0,18.0,5188749.0
2829,-40.75,18.0,5240970.0
2830,-40.5,18.0,5293190.0
2831,-40.25,18.0,5341681.0
2832,-40.0,18.0,5393874.0
2833,-39.75,18.0,5446067.0
2834,-39.5,18.0,5498259.0
2835,-39.25,18.0,5550447.0
2836,-39.0,18.0,5602621.0
2837,-38.75,18.0,5654814.0
2838,-38.5,18.0,5707007.0
2839,-38.25,18.0,5759199.0
2840,-38.0,18.0,5811392.0
2841,-37.75,18.0,5863567.0
2842,-37.5,18.0,5915731.0
2843,-37.25,18.0,5967895.0
2844,-37.0,18.0,6020059.0
2845,-36.75,18.0,6072223.0
2846,-36.5,18.0,6124386.0
2847,-36.25,18.0,6176550.0
2848,-36.0,18.0,6228714.0
2849,-35.75,18.0,6280878.0
2850,-35.5,18.0,6333042.0
2851,-35.25,18.0,6381481.0
2852,-35.0,18.0,6433645.0
2853,-34.75,18.0,6485809.0
2854,-34.5,18.0,6537973.0
2855,-34.25,18.0,6590137.0
2856,-34.0,18.0,6642313.0
2857,-33.75,18.0,6698232.0
2858,-33.5,18.0,6750424.0
2859,-33.25,18.0,6802615.0
2860,-33.0,18.0,6851078.0
2861,-32.75,18.0,6903255.0
2862,-32.5,18.0,6955444.0
2863,-32.25,18.0,7007636.0
2864,-32.0,18.0,7059827.0
2865,-31.75,18.0,7112021.0
2866,-31.5,18.0,7164240.0
2867,-31.25,18.0,7216460.0
2868,-31.0,18.0,7268680.0
2869,-30.75,18.0,7320928.0
2870,-30.5,18.0,7373156.0
2871,-30.25,18.0,7425385.0
2872,-30.0,18.0,7477633.0
2873,-29.75,18.0,7529882.0
2874,-29.5,18.0,7582157.0
2875,-29.25,18.0,7630698.0
2876,-29.0,18.0,7682982.0
2877,-28.75,18.0,7738991.0
2878,-28.5,18.0,7791291.0
2879,-28.25,18.0,7839858.0
2880,-28.0,18.0,7892190.0
2881,-27.75,18.0,7944512.0
2882,-27.5,18.0,7996843.0
2883,-27.25,18.0,8049189.0
2884,-27.0,18.0,8101549.0
2885,-26.75,18.0,8153929.0
2886,-26.5,18.0,8206302.0
2887,-26.25,18.0,8258690.0
2888,-26.0,18.0,8311104.0
2889,-25.75,18.0,8363528.0
2890,-25.5,18.0,8415952.0
2891,-25.25,18.0,8468393.0
2892,-25.0,18.0,8520865.0
2893,-24.75,18.0,8569583.0
2894,-24.5,18.0,8622066.0
2895,-24.25,18.0,8678323.0
2896,-24.0,18.0,8727086.0
2897,-23.75,18.0,8779613.0
2898,-23.5,18.0,8832166.0
2899,-23.25,18.0,8884731.0
2900,-23.0,18.0,8937307.0
2901,-22.75,18.0,8989910.0
2902,-22.5,18.0,9042520.0
2903,-22.25,18.0,9095149.0
2904,-22.0,18.0,9144042.0
2905,-21.75,18.0,9200464.0
2906,-21.5,18.0,9249385.0
2907,-21.25,18.0,9302092.0
2908,-21.0,18.0,9354806.0
2909,-20.75,18.0,9407551.0
2910,-20.5,18.0,9460304.0
2911,-20.25,18.0,9513087.0
2912,-20.0,18.0,9565892.0
2913,-19.75,18.0,9618710.0
2914,-19.5,18.0,9671560.0
2915,-19.25,18.0,9724414.0
2916,-19.0,18.0,9773527.0
2917,-18.75,18.0,9826434.0
2918,-18.5,18.0,9879364.0
2919,-18.25,18.0,9932293.0
2920,-18.0,18.0,9985211.0
2921,-17.75,18.0,10038114.0
2922,-17.5,18.0,10087226.0
2923,-17.25,18.0,10143881.0
2924,-17.0,18.0,10192967.0
2925,-16.75,18.0,10245816.0
2926,-16.5,18.0,10298650.0
2927,-16.25,18.0,10351468.0
2928,-61.75,17.75,850613.0
2929,-61.5,17.75,903028.0
2930,-61.25,17.75,955462.0
2931,-61.0,17.75,1004163.0
2932,-60.75,17.75,1056637.0
2933,-60.5,17.75,1109126.0
2934,-60.25,17.75,1161629.0
2935,-60.0,17.75,1214160.0
2936,-59.75,17.75,1266701.0
2937,-59.5,17.75,1319261.0
2938,-59.25,17.75,1368088.0
2939,-59.0,17.75,1420683.0
2940,-58.75,17.75,1473298.0
2941,-58.5,17.75,1525932.0
2942,-58.25,17.75,1574815.0
2943,-58.0,17.75,1627484.0
2944,-57.75,17.75,1680160.0
2945,-57.5,17.75,1732860.0
2946,-57.25,17.75,1785575.0
2947,-57.0,17.75,1838301.0
2948,-56.75,17.75,1891052.0
2949,-56.5,17.75,1943805.0
2950,-56.25,17.75,1996588.0
2951,-56.0,17.75,2045603.0
2952,-55.75,17.75,2098414.0
2953,-55.5,17.75,2151232.0
2954,-55.25,17.75,2204070.0
2955,-55.0,17.75,2256920.0
2956,-54.75,17.75,2309785.0
2957,-54.5,17.75,2362664.0
2958,-54.25,17.75,2411781.0
2959,-54.0,17.75,2468464.0
2960,-53.75,17.75,2517606.0
2961,-53.5,17.75,2570535.0
2962,-53.25,17.75,2623470.0
2963,-53.0,17.75,2676376.0
2964,-52.75,17.75,2729272.0
2965,-52.5,17.75,2782129.0
2966,-52.25,17.75,2834979.0
2967,-52.0,17.75,2887800.0
2968,-51.75,17.75,2936832.0
2969,-51.5,17.75,2989621.0
2970,-51.25,17.75,3042375.0
2971,-51.0,17.75,3095125.0
2972,-50.75,17.75,3147844.0
2973,-50.5,17.75,3200550.0
2974,-50.25,17.75,3253238.0
2975,-50.0,17.75,3305896.0
2976,-49.75,17.75,3358553.0
2977,-49.5,17.75,3411185.0
2978,-49.25,17.75,3463795.0
2979,-49.0,17.75,3512644.0
2980,-48.75,17.75,3568977.0
2981,-48.5,17.75,3617788.0
2982,-48.25,17.75,3670345.0
2983,-48.0,17.75,3726627.0
2984,-47.75,17.75,3775388.0
2985,-47.5,17.75,3827897.0
2986,-47.25,17.75,3880385.0
2987,-47.0,17.75,3932850.0
2988,-46.75,17.75,3985321.0
2989,-46.5,17.75,4037767.0
2990,-46.25,17.75,4090192.0
2991,-46.0,17.75,4142614.0
2992,-45.75,17.75,4195031.0
2993,-45.5,17.75,4247420.0
2994,-45.25,17.75,4299795.0
2995,-45.0,17.75,4352173.0
2996,-44.75,17.75,4404534.0
2997,-44.5,17.75,4453144.0
2998,-44.25,17.75,4509216.0
2999,-44.0,17.75,4561535.0
3000,-43.75,17.75,4613867.0
3001,-43.5,17.75,4662436.0
3002,-43.25,17.75,4714737.0
3003,-43.0,17.75,4770748.0
3004,-42.75,17.75,4823030.0
3005,-42.5,17.75,4871573.0
3006,-42.25,17.75,4923850.0
3007,-42.0,17.75,4976098.0
3008,-41.75,17.75,5028346.0
3009,-41.5,17.75,5084309.0
3010,-41.25,17.75,5132805.0
3011,-41.0,17.75,5185053.0
3012,-40.75,17.75,5237274.0
3013,-40.5,17.75,5289494.0
3014,-40.25,17.75,5341714.0
3015,-40.0,17.75,5393908.0
3016,-39.75,17.75,5446101.0
3017,-39.5,17.75,5498293.0
3018,-39.25,17.75,5550482.0
3019,-39.0,17.75,5602656.0
3020,-38.75,17.75,5654848.0
3021,-38.5,17.75,5707040.0
3022,-38.25,17.75,5759233.0
3023,-38.0,17.75,5811425.0
3024,-37.75,17.75,5863601.0
3025,-37.5,17.75,5915765.0
3026,-37.25,17.75,5967929.0
3027,-37.0,17.75,6020093.0
3028,-36.75,17.75,6072257.0
3029,-36.5,17.75,6124421.0
3030,-36.25,17.75,6176585.0
3031,-36.0,17.75,6228749.0
3032,-35.75,17.75,6280913.0
3033,-35.5,17.75,6333077.0
3034,-35.25,17.75,6385241.0
3035,-35.0,17.75,6437405.0
3036,-34.75,17.75,6489569.0
3037,-34.5,17.75,6541733.0
3038,-34.25,17.75,6593897.0
3039,-34.0,17.75,6642346.0
3040,-33.75,17.75,6694538.0
3041,-33.5,17.75,6746729.0
3042,-33.25,17.75,6798921.0
3043,-33.0,17.75,6851113.0
3044,-32.75,17.75,6903290.0
3045,-32.5,17.75,6959206.0
3046,-32.25,17.75,7011398.0
3047,-32.0,17.75,7063589.0
3048,-31.75,17.75,7112054.0
3049,-31.5,17.75,7164274.0
3050,-31.25,17.75,7216494.0
3051,-31.0,17.75,7268714.0
3052,-30.75,17.75,7320962.0
3053,-30.5,17.75,7373189.0
3054,-30.25,17.75,7425419.0
3055,-30.0,17.75,7477667.0
3056,-29.75,17.75,7529916.0
3057,-29.5,17.75,7582191.0
3058,-29.25,17.75,7634466.0
3059,-29.0,17.75,7686750.0
3060,-28.75,17.75,7739025.0
3061,-28.5,17.75,7791325.0
3062,-28.25,17.75,7843630.0
3063,-28.0,17.75,7895961.0
3064,-27.75,17.75,7948284.0
3065,-27.5,17.75,8000614.0
3066,-27.25,17.75,8052963.0
3067,-27.0,17.75,8105325.0
3068,-26.75,17.75,8157704.0
3069,-26.5,17.75,8206336.0
3070,-26.25,17.75,8262468.0
3071,-26.0,17.75,8314883.0
3072,-25.75,17.75,8363561.0
3073,-25.5,17.75,8419731.0
3074,-25.25,17.75,8468427.0
3075,-25.0,17.75,8520899.0
3076,-24.75,17.75,8573366.0
3077,-24.5,17.75,8625849.0
3078,-24.25,17.75,8678357.0
3079,-24.0,17.75,8730872.0
3080,-23.75,17.75,8783399.0
3081,-23.5,17.75,8835954.0
3082,-23.25,17.75,8888519.0
3083,-23.0,17.75,8941097.0
3084,-22.75,17.75,8993701.0
3085,-22.5,17.75,9046313.0
3086,-22.25,17.75,9098942.0
3087,-22.0,17.75,9151600.0
3088,-21.75,17.75,9200498.0
3089,-21.5,17.75,9256947.0
3090,-21.25,17.75,9305889.0
3091,-21.0,17.75,9358607.0
3092,-20.75,17.75,9411352.0
3093,-20.5,17.75,9464109.0
3094,-20.25,17.75,9516893.0
3095,-20.0,17.75,9569697.0
3096,-19.75,17.75,9622519.0
3097,-19.5,17.75,9675367.0
3098,-19.25,17.75,9728225.0
3099,-19.0,17.75,9781121.0
3100,-18.75,17.75,9830247.0
3101,-18.5,17.75,9883181.0
3102,-18.25,17.75,9936107.0
3103,-18.0,17.75,9989025.0
3104,-17.75,17.75,10041927.0
3105,-17.5,17.75,10094816.0
3106,-17.25,17.75,10147690.0
3107,-17.0,17.75,10200553.0
3108,-16.75,17.75,10253398.0
3109,-16.5,17.75,10302458.0
3110,-16.25,17.75,10359047.0
3111,-61.75,17.5,843162.0
3112,-61.5,17.5,895575.0
3113,-61.25,17.5,948004.0
3114,-61.0,17.5,1000451.0
3115,-60.75,17.5,1052923.0
3116,-60.5,17.5,1101660.0
3117,-60.25,17.5,1154163.0
3118,-60.0,17.5,1206690.0
3119,-59.75,17.5,1259228.0
3120,-59.5,17.5,1311788.0
3121,-59.25,17.5,1364366.0
3122,-59.0,17.5,1416960.0
3123,-58.75,17.5,1465816.0
3124,-58.5,17.5,1518446.0
3125,-58.25,17.5,1571089.0
3126,-58.0,17.5,1623756.0
3127,-57.75,17.5,1676432.0
3128,-57.5,17.5,1729130.0
3129,-57.25,17.5,1781843.0
3130,-57.0,17.5,1830803.0
3131,-56.75,17.5,1883550.0
3132,-56.5,17.5,1936303.0
3133,-56.25,17.5,1989082.0
3134,-56.0,17.5,2041865.0
3135,-55.75,17.5,2094677.0
3136,-55.5,17.5,2147492.0
3137,-55.25,17.5,2200331.0
3138,-55.0,17.5,2249402.0
3139,-54.75,17.5,2306044.0
3140,-54.5,17.5,2355143.0
3141,-54.25,17.5,2408038.0
3142,-54.0,17.5,2460938.0
3143,-53.75,17.5,2513860.0
3144,-53.5,17.5,2566787.0
3145,-53.25,17.5,2619724.0
3146,-53.0,17.5,2672631.0
3147,-52.75,17.5,2725529.0
3148,-52.5,17.5,2778390.0
3149,-52.25,17.5,2831238.0
3150,-52.0,17.5,2884063.0
3151,-51.75,17.5,2933095.0
3152,-51.5,17.5,2985884.0
3153,-51.25,17.5,3038642.0
3154,-51.0,17.5,3091392.0
3155,-50.75,17.5,3144115.0
3156,-50.5,17.5,3196820.0
3157,-50.25,17.5,3249510.0
3158,-50.0,17.5,3302170.0
3159,-49.75,17.5,3354828.0
3160,-49.5,17.5,3407460.0
3161,-49.25,17.5,3460072.0
3162,-49.0,17.5,3512678.0
3163,-48.75,17.5,3561503.0
3164,-48.5,17.5,3617822.0
3165,-48.25,17.5,3670379.0
3166,-48.0,17.5,3719157.0
3167,-47.75,17.5,3775422.0
3168,-47.5,17.5,3824182.0
3169,-47.25,17.5,3876670.0
3170,-47.0,17.5,3932883.0
3171,-46.75,17.5,3981609.0
3172,-46.5,17.5,4034055.0
3173,-46.25,17.5,4090226.0
3174,-46.0,17.5,4138904.0
3175,-45.75,17.5,4191321.0
3176,-45.5,17.5,4243711.0
3177,-45.25,17.5,4296089.0
3178,-45.0,17.5,4348465.0
3179,-44.75,17.5,4400828.0
3180,-44.5,17.5,4453178.0
3181,-44.25,17.5,4505512.0
3182,-44.0,17.5,4557831.0
3183,-43.75,17.5,4610164.0
3184,-43.5,17.5,4662470.0
3185,-43.25,17.5,4714771.0
3186,-43.0,17.5,4767048.0
3187,-42.75,17.5,4819330.0
3188,-42.5,17.5,4871607.0
3189,-42.25,17.5,4923883.0
3190,-42.0,17.5,4976132.0
3191,-41.75,17.5,5028381.0
3192,-41.5,17.5,5080612.0
3193,-41.25,17.5,5132838.0
3194,-41.0,17.5,5185087.0
3195,-40.75,17.5,5237307.0
3196,-40.5,17.5,5289528.0
3197,-40.25,17.5,5341748.0
3198,-40.0,17.5,5393941.0
3199,-39.75,17.5,5446134.0
3200,-39.5,17.5,5498327.0
3201,-39.25,17.5,5550516.0
3202,-39.0,17.5,5602690.0
3203,-38.75,17.5,5654882.0
3204,-38.5,17.5,5707074.0
3205,-38.25,17.5,5759267.0
3206,-38.0,17.5,5811459.0
3207,-37.75,17.5,5863634.0
3208,-37.5,17.5,5915798.0
3209,-37.25,17.5,5967962.0
3210,-37.0,17.5,6020126.0
3211,-36.75,17.5,6072290.0
3212,-36.5,17.5,6124454.0
3213,-36.25,17.5,6176618.0
3214,-36.0,17.5,6228782.0
3215,-35.75,17.5,6280946.0
3216,-35.5,17.5,6333110.0
3217,-35.25,17.5,6385274.0
3218,-35.0,17.5,6437438.0
3219,-34.75,17.5,6489602.0
3220,-34.5,17.5,6541766.0
3221,-34.25,17.5,6593930.0
3222,-34.0,17.5,6646108.0
3223,-33.75,17.5,6698300.0
3224,-33.5,17.5,6750491.0
3225,-33.25,17.5,6802683.0
3226,-33.0,17.5,6854875.0
3227,-32.75,17.5,6907050.0
3228,-32.5,17.5,6955512.0
3229,-32.25,17.5,7007703.0
3230,-32.0,17.5,7063622.0
3231,-31.75,17.5,7115818.0
3232,-31.5,17.5,7168038.0
3233,-31.25,17.5,7220257.0
3234,-31.0,17.5,7272480.0
3235,-30.75,17.5,7320995.0
3236,-30.5,17.5,7373222.0
3237,-30.25,17.5,7425454.0
3238,-30.0,17.5,7481433.0
3239,-29.75,17.5,7533683.0
3240,-29.5,17.5,7585959.0
3241,-29.25,17.5,7634500.0
3242,-29.0,17.5,7686784.0
3243,-28.75,17.5,7742793.0
3244,-28.5,17.5,7795095.0
3245,-28.25,17.5,7843664.0
3246,-28.0,17.5,7895995.0
3247,-27.75,17.5,7948318.0
3248,-27.5,17.5,8004386.0
3249,-27.25,17.5,8052997.0
3250,-27.0,17.5,8105359.0
3251,-26.75,17.5,8157738.0
3252,-26.5,17.5,8210111.0
3253,-26.25,17.5,8262502.0
3254,-26.0,17.5,8314917.0
3255,-25.75,17.5,8367339.0
3256,-25.5,17.5,8419765.0
3257,-25.25,17.5,8472210.0
3258,-25.0,17.5,8524680.0
3259,-24.75,17.5,8577147.0
3260,-24.5,17.5,8629634.0
3261,-24.25,17.5,8682143.0
3262,-24.0,17.5,8734658.0
3263,-23.75,17.5,8787187.0
3264,-23.5,17.5,8839742.0
3265,-23.25,17.5,8892307.0
3266,-23.0,17.5,8944887.0
3267,-22.75,17.5,8997494.0
3268,-22.5,17.5,9050104.0
3269,-22.25,17.5,9102737.0
3270,-22.0,17.5,9151634.0
3271,-21.75,17.5,9208056.0
3272,-21.5,17.5,9256981.0
3273,-21.25,17.5,9309688.0
3274,-21.0,17.5,9362406.0
3275,-20.75,17.5,9415156.0
3276,-20.5,17.5,9467912.0
3277,-20.25,17.5,9520700.0
3278,-20.0,17.5,9573504.0
3279,-19.75,17.5,9626326.0
3280,-19.5,17.5,9679176.0
3281,-19.25,17.5,9732036.0
3282,-19.0,17.5,9784936.0
3283,-18.75,17.5,9837841.0
3284,-18.5,17.5,9890779.0
3285,-18.25,17.5,9943701.0
3286,-18.0,17.5,9992839.0
3287,-17.75,17.5,10045740.0
3288,-17.5,17.5,10098629.0
3289,-17.25,17.5,10151501.0
3290,-17.0,17.5,10204363.0
3291,-16.75,17.5,10257207.0
3292,-16.5,17.5,10310040.0
3293,-16.25,17.5,10362854.0
3294,-61.75,17.25,835713.0
3295,-61.5,17.25,888122.0
3296,-61.25,17.25,944293.0
3297,-61.0,17.25,992993.0
3298,-60.75,17.25,1045462.0
3299,-60.5,17.25,1097944.0
3300,-60.25,17.25,1150448.0
3301,-60.0,17.25,1202972.0
3302,-59.75,17.25,1251755.0
3303,-59.5,17.25,1304314.0
3304,-59.25,17.25,1356889.0
3305,-59.0,17.25,1409478.0
3306,-58.75,17.25,1462092.0
3307,-58.5,17.25,1514721.0
3308,-58.25,17.25,1567364.0
3309,-58.0,17.25,1616266.0
3310,-57.75,17.25,1668939.0
3311,-57.5,17.25,1721636.0
3312,-57.25,17.25,1774345.0
3313,-57.0,17.25,1827072.0
3314,-56.75,17.25,1879816.0
3315,-56.5,17.25,1932569.0
3316,-56.25,17.25,1985346.0
3317,-56.0,17.25,2034359.0
3318,-55.75,17.25,2090938.0
3319,-55.5,17.25,2139978.0
3320,-55.25,17.25,2192817.0
3321,-55.0,17.25,2245659.0
3322,-54.75,17.25,2298527.0
3323,-54.5,17.25,2351399.0
3324,-54.25,17.25,2404293.0
3325,-54.0,17.25,2457192.0
3326,-53.75,17.25,2510115.0
3327,-53.5,17.25,2563038.0
3328,-53.25,17.25,2615979.0
3329,-53.0,17.25,2668885.0
3330,-52.75,17.25,2721787.0
3331,-52.5,17.25,2770876.0
3332,-52.25,17.25,2827499.0
3333,-52.0,17.25,2876553.0
3334,-51.75,17.25,2929356.0
3335,-51.5,17.25,2982149.0
3336,-51.25,17.25,3034907.0
3337,-51.0,17.25,3087661.0
3338,-50.75,17.25,3140384.0
3339,-50.5,17.25,3193090.0
3340,-50.25,17.25,3245782.0
3341,-50.0,17.25,3298444.0
3342,-49.75,17.25,3351102.0
3343,-49.5,17.25,3403737.0
3344,-49.25,17.25,3456347.0
3345,-49.0,17.25,3508956.0
3346,-48.75,17.25,3561537.0
3347,-48.5,17.25,3614101.0
3348,-48.25,17.25,3666660.0
3349,-48.0,17.25,3719191.0
3350,-47.75,17.25,3771703.0
3351,-47.5,17.25,3824216.0
3352,-47.25,17.25,3876704.0
3353,-47.0,17.25,3925425.0
3354,-46.75,17.25,3981643.0
3355,-46.5,17.25,4034089.0
3356,-46.25,17.25,4082772.0
3357,-46.0,17.25,4138938.0
3358,-45.75,17.25,4191355.0
3359,-45.5,17.25,4243745.0
3360,-45.25,17.25,4292382.0
3361,-45.0,17.25,4348499.0
3362,-44.75,17.25,4400862.0
3363,-44.5,17.25,4449474.0
3364,-44.25,17.25,4501807.0
3365,-44.0,17.25,4557865.0
3366,-43.75,17.25,4610198.0
3367,-43.5,17.25,4658768.0
3368,-43.25,17.25,4711071.0
3369,-43.0,17.25,4767082.0
3370,-42.75,17.25,4819364.0
3371,-42.5,17.25,4871640.0
3372,-42.25,17.25,4920183.0
3373,-42.0,17.25,4972434.0
3374,-41.75,17.25,5028415.0
3375,-41.5,17.25,5080646.0
3376,-41.25,17.25,5132872.0
3377,-41.0,17.25,5185120.0
3378,-40.75,17.25,5233611.0
3379,-40.5,17.25,5285832.0
3380,-40.25,17.25,5341783.0
3381,-40.0,17.25,5393976.0
3382,-39.75,17.25,5446168.0
3383,-39.5,17.25,5498361.0
3384,-39.25,17.25,5550549.0
3385,-39.0,17.25,5602723.0
3386,-38.75,17.25,5654915.0
3387,-38.5,17.25,5707107.0
3388,-38.25,17.25,5755572.0
3389,-38.0,17.25,5807765.0
3390,-37.75,17.25,5863669.0
3391,-37.5,17.25,5915833.0
3392,-37.25,17.25,5967997.0
3393,-37.0,17.25,6020161.0
3394,-36.75,17.25,6072325.0
3395,-36.5,17.25,6124489.0
3396,-36.25,17.25,6176653.0
3397,-36.0,17.25,6228817.0
3398,-35.75,17.25,6280981.0
3399,-35.5,17.25,6333145.0
3400,-35.25,17.25,6385309.0
3401,-35.0,17.25,6437473.0
3402,-34.75,17.25,6489637.0
3403,-34.5,17.25,6541801.0
3404,-34.25,17.25,6593965.0
3405,-34.0,17.25,6646142.0
3406,-33.75,17.25,6698333.0
3407,-33.5,17.25,6750524.0
3408,-33.25,17.25,6802716.0
3409,-33.0,17.25,6854908.0
3410,-32.75,17.25,6907083.0
3411,-32.5,17.25,6959274.0
3412,-32.25,17.25,7011465.0
3413,-32.0,17.25,7063657.0
3414,-31.75,17.25,7115853.0
3415,-31.5,17.25,7168072.0
3416,-31.25,17.25,7220291.0
3417,-31.0,17.25,7272513.0
3418,-30.75,17.25,7324761.0
3419,-30.5,17.25,7376986.0
3420,-30.25,17.25,7429220.0
3421,-30.0,17.25,7481467.0
3422,-29.75,17.25,7533717.0
3423,-29.5,17.25,7585992.0
3424,-29.25,17.25,7638268.0
3425,-29.0,17.25,7690552.0
3426,-28.75,17.25,7742827.0
3427,-28.5,17.25,7795129.0
3428,-28.25,17.25,7847436.0
3429,-28.0,17.25,7899767.0
3430,-27.75,17.25,7952089.0
3431,-27.5,17.25,8004420.0
3432,-27.25,17.25,8056771.0
3433,-27.0,17.25,8109135.0
3434,-26.75,17.25,8161511.0
3435,-26.5,17.25,8213887.0
3436,-26.25,17.25,8266280.0
3437,-26.0,17.25,8318695.0
3438,-25.75,17.25,8371117.0
3439,-25.5,17.25,8423545.0
3440,-25.25,17.25,8475992.0
3441,-25.0,17.25,8528461.0
3442,-24.75,17.25,8580929.0
3443,-24.5,17.25,8633418.0
3444,-24.25,17.25,8685928.0
3445,-24.0,17.25,8738444.0
3446,-23.75,17.25,8790976.0
3447,-23.5,17.25,8843531.0
3448,-23.25,17.25,8896095.0
3449,-23.0,17.25,8944921.0
3450,-22.75,17.25,9001285.0
3451,-22.5,17.25,9053897.0
3452,-22.25,17.25,9102771.0
3453,-22.0,17.25,9159189.0
3454,-21.75,17.25,9208090.0
3455,-21.5,17.25,9264543.0
3456,-21.25,17.25,9313485.0
3457,-21.0,17.25,9366207.0
3458,-20.75,17.25,9418959.0
3459,-20.5,17.25,9471717.0
3460,-20.25,17.25,9524505.0
3461,-20.0,17.25,9577310.0
3462,-19.75,17.25,9630135.0
3463,-19.5,17.25,9682984.0
3464,-19.25,17.25,9735849.0
3465,-19.0,17.25,9788749.0
3466,-18.75,17.25,9841656.0
3467,-18.5,17.25,9894594.0
3468,-18.25,17.25,9947516.0
3469,-18.0,17.25,10000433.0
3470,-17.75,17.25,10049551.0
3471,-17.5,17.25,10106219.0
3472,-17.25,17.25,10155312.0
3473,-17.0,17.25,10208172.0
3474,-16.75,17.25,10261015.0
3475,-16.5,17.25,10313848.0
3476,-16.25,17.25,10366659.0
3477,-61.75,17.0,832006.0
3478,-61.5,17.0,884412.0
3479,-61.25,17.0,933089.0
3480,-61.0,17.0,985536.0
3481,-60.75,17.0,1038001.0
3482,-60.5,17.0,1090479.0
3483,-60.25,17.0,1142982.0
3484,-60.0,17.0,1195502.0
3485,-59.75,17.0,1248035.0
3486,-59.5,17.0,1300594.0
3487,-59.25,17.0,1349412.0
3488,-59.0,17.0,1401999.0
3489,-58.75,17.0,1458369.0
3490,-58.5,17.0,1507235.0
3491,-58.25,17.0,1559878.0
3492,-58.0,17.0,1612539.0
3493,-57.75,17.0,1665210.0
3494,-57.5,17.0,1717906.0
3495,-57.25,17.0,1770614.0
3496,-57.0,17.0,1819574.0
3497,-56.75,17.0,1872314.0
3498,-56.5,17.0,1928836.0
3499,-56.25,17.0,1977841.0
3500,-56.0,17.0,2030624.0
3501,-55.75,17.0,2083428.0
3502,-55.5,17.0,2136239.0
3503,-55.25,17.0,2189077.0
3504,-55.0,17.0,2241918.0
3505,-54.75,17.0,2294785.0
3506,-54.5,17.0,2347656.0
3507,-54.25,17.0,2400549.0
3508,-54.0,17.0,2453447.0
3509,-53.75,17.0,2506368.0
3510,-53.5,17.0,2559291.0
3511,-53.25,17.0,2608453.0
3512,-53.0,17.0,2665142.0
3513,-52.75,17.0,2714265.0
3514,-52.5,17.0,2770910.0
3515,-52.25,17.0,2819985.0
3516,-52.0,17.0,2872814.0
3517,-51.75,17.0,2925619.0
3518,-51.5,17.0,2978412.0
3519,-51.25,17.0,3031174.0
3520,-51.0,17.0,3083927.0
3521,-50.75,17.0,3136655.0
3522,-50.5,17.0,3189360.0
3523,-50.25,17.0,3242054.0
3524,-50.0,17.0,3294718.0
3525,-49.75,17.0,3347376.0
3526,-49.5,17.0,3400013.0
3527,-49.25,17.0,3452623.0
3528,-49.0,17.0,3505234.0
3529,-48.75,17.0,3557817.0
3530,-48.5,17.0,3610381.0
3531,-48.25,17.0,3662939.0
3532,-48.0,17.0,3715473.0
3533,-47.75,17.0,3767986.0
3534,-47.5,17.0,3820500.0
3535,-47.25,17.0,3872990.0
3536,-47.0,17.0,3925459.0
3537,-46.75,17.0,3977929.0
3538,-46.5,17.0,4030377.0
3539,-46.25,17.0,4082806.0
3540,-46.0,17.0,4135227.0
3541,-45.75,17.0,4187645.0
3542,-45.5,17.0,4240038.0
3543,-45.25,17.0,4292416.0
3544,-45.0,17.0,4344791.0
3545,-44.75,17.0,4397156.0
3546,-44.5,17.0,4449508.0
3547,-44.25,17.0,4501841.0
3548,-44.0,17.0,4554161.0
3549,-43.75,17.0,4606494.0
3550,-43.5,17.0,4658802.0
3551,-43.25,17.0,4711105.0
3552,-43.0,17.0,4763382.0
3553,-42.75,17.0,4815663.0
3554,-42.5,17.0,4867940.0
3555,-42.25,17.0,4920216.0
3556,-42.0,17.0,4972468.0
3557,-41.75,17.0,5024717.0
3558,-41.5,17.0,5076950.0
3559,-41.25,17.0,5129174.0
3560,-41.0,17.0,5181422.0
3561,-40.75,17.0,5233644.0
3562,-40.5,17.0,5289595.0
3563,-40.25,17.0,5338087.0
3564,-40.0,17.0,5390282.0
3565,-39.75,17.0,5442474.0
3566,-39.5,17.0,5494666.0
3567,-39.25,17.0,5546857.0
3568,-39.0,17.0,5599029.0
3569,-38.75,17.0,5651221.0
3570,-38.5,17.0,5707142.0
3571,-38.25,17.0,5759334.0
3572,-38.0,17.0,5811526.0
3573,-37.75,17.0,5863702.0
3574,-37.5,17.0,5915866.0
3575,-37.25,17.0,5968030.0
3576,-37.0,17.0,6020194.0
3577,-36.75,17.0,6072358.0
3578,-36.5,17.0,6124522.0
3579,-36.25,17.0,6176686.0
3580,-36.0,17.0,6228850.0
3581,-35.75,17.0,6281014.0
3582,-35.5,17.0,6333178.0
3583,-35.25,17.0,6385342.0
3584,-35.0,17.0,6437506.0
3585,-34.75,17.0,6489670.0
3586,-34.5,17.0,6541834.0
3587,-34.25,17.0,6593998.0
3588,-34.0,17.0,6646175.0
3589,-33.75,17.0,6698367.0
3590,-33.5,17.0,6750559.0
3591,-33.25,17.0,6802750.0
3592,-33.0,17.0,6854942.0
3593,-32.75,17.0,6907117.0
3594,-32.5,17.0,6959307.0
3595,-32.25,17.0,7011499.0
3596,-32.0,17.0,7063691.0
3597,-31.75,17.0,7115887.0
3598,-31.5,17.0,7168105.0
3599,-31.25,17.0,7220324.0
3600,-31.0,17.0,7272547.0
3601,-30.75,17.0,7324795.0
3602,-30.5,17.0,7377020.0
3603,-30.25,17.0,7429254.0
3604,-30.0,17.0,7485233.0
3605,-29.75,17.0,7533750.0
3606,-29.5,17.0,7586026.0
3607,-29.25,17.0,7638301.0
3608,-29.0,17.0,7690586.0
3609,-28.75,17.0,7746596.0
3610,-28.5,17.0,7798899.0
3611,-28.25,17.0,7847470.0
3612,-28.0,17.0,7899801.0
3613,-27.75,17.0,7955861.0
3614,-27.5,17.0,8008192.0
3615,-27.25,17.0,8056805.0
3616,-27.0,17.0,8109169.0
3617,-26.75,17.0,8165285.0
3618,-26.5,17.0,8217664.0
3619,-26.25,17.0,8266314.0
3620,-26.0,17.0,8322472.0
3621,-25.75,17.0,8374895.0
3622,-25.5,17.0,8423579.0
3623,-25.25,17.0,8476026.0
3624,-25.0,17.0,8532241.0
3625,-24.75,17.0,8580963.0
3626,-24.5,17.0,8633452.0
3627,-24.25,17.0,8689715.0
3628,-24.0,17.0,8738478.0
3629,-23.75,17.0,8794763.0
3630,-23.5,17.0,8847322.0
3631,-23.25,17.0,8896129.0
3632,-23.0,17.0,8952467.0
3633,-22.75,17.0,9001319.0
3634,-22.5,17.0,9053931.0
3635,-22.25,17.0,9110325.0
3636,-22.0,17.0,9159223.0
3637,-21.75,17.0,9215648.0
3638,-21.5,17.0,9264577.0
3639,-21.25,17.0,9317285.0
3640,-21.0,17.0,9370008.0
3641,-20.75,17.0,9422763.0
3642,-20.5,17.0,9475520.0
3643,-20.25,17.0,9528312.0
3644,-20.0,17.0,9581115.0
3645,-19.75,17.0,9633943.0
3646,-19.5,17.0,9686793.0
3647,-19.25,17.0,9739661.0
3648,-19.0,17.0,9792562.0
3649,-18.75,17.0,9845470.0
3650,-18.5,17.0,9898411.0
3651,-18.25,17.0,9951329.0
3652,-18.0,17.0,10004248.0
3653,-17.75,17.0,10057141.0
3654,-17.5,17.0,10110032.0
3655,-17.25,17.0,10162898.0
3656,-17.0,17.0,10211983.0
3657,-16.75,17.0,10268597.0
3658,-16.5,17.0,10317657.0
3659,-16.25,17.0,10370465.0
3660,-61.75,16.75,824556.0
3661,-61.5,16.75,876959.0
3662,-61.25,16.75,929377.0
3663,-61.0,16.75,981825.0
3664,-60.75,16.75,1034287.0
3665,-60.5,16.75,1083014.0
3666,-60.25,16.75,1135517.0
3667,-60.0,16.75,1188034.0
3668,-59.75,16.75,1240563.0
3669,-59.5,16.75,1293120.0
3670,-59.25,16.75,1345690.0
3671,-59.0,16.75,1398277.0
3672,-58.75,16.75,1450889.0
3673,-58.5,16.75,1503509.0
3674,-58.25,16.75,1556152.0
3675,-58.0,16.75,1605049.0
3676,-57.75,16.75,1657720.0
3677,-57.5,16.75,1714177.0
3678,-57.25,16.75,1763116.0
3679,-57.0,16.75,1815843.0
3680,-56.75,16.75,1868579.0
3681,-56.5,16.75,1921334.0
3682,-56.25,16.75,1974105.0
3683,-56.0,16.75,2026888.0
3684,-55.75,16.75,2079690.0
3685,-55.5,16.75,2132501.0
3686,-55.25,16.75,2185336.0
3687,-55.0,16.75,2238177.0
3688,-54.75,16.75,2291044.0
3689,-54.5,16.75,2343911.0
3690,-54.25,16.75,2396806.0
3691,-54.0,16.75,2449700.0
3692,-53.75,16.75,2502623.0
3693,-53.5,16.75,2551765.0
3694,-53.25,16.75,2608487.0
3695,-53.0,16.75,2657620.0
3696,-52.75,16.75,2714299.0
3697,-52.5,16.75,2763394.0
3698,-52.25,16.75,2816244.0
3699,-52.0,16.75,2869077.0
3700,-51.75,16.75,2921880.0
3701,-51.5,16.75,2974677.0
3702,-51.25,16.75,3027439.0
3703,-51.0,16.75,3080194.0
3704,-50.75,16.75,3132922.0
3705,-50.5,16.75,3185631.0
3706,-50.25,16.75,3238326.0
3707,-50.0,16.75,3290992.0
3708,-49.75,16.75,3343650.0
3709,-49.5,16.75,3396288.0
3710,-49.25,16.75,3448900.0
3711,-49.0,16.75,3501512.0
3712,-48.75,16.75,3554097.0
3713,-48.5,16.75,3606659.0
3714,-48.25,16.75,3659219.0
3715,-48.0,16.75,3711756.0
3716,-47.75,16.75,3764268.0
3717,-47.5,16.75,3816783.0
3718,-47.25,16.75,3869277.0
3719,-47.0,16.75,3921747.0
3720,-46.75,16.75,3974214.0
3721,-46.5,16.75,4026666.0
3722,-46.25,16.75,4079096.0
3723,-46.0,16.75,4131517.0
3724,-45.75,16.75,4187678.0
3725,-45.5,16.75,4236330.0
3726,-45.25,16.75,4288710.0
3727,-45.0,16.75,4341082.0
3728,-44.75,16.75,4397190.0
3729,-44.5,16.75,4445804.0
3730,-44.25,16.75,4498137.0
3731,-44.0,16.75,4554195.0
3732,-43.75,16.75,4606528.0
3733,-43.5,16.75,4658835.0
3734,-43.25,16.75,4707405.0
3735,-43.0,16.75,4763416.0
3736,-42.75,16.75,4815697.0
3737,-42.5,16.75,4867974.0
3738,-42.25,16.75,4920250.0
3739,-42.0,16.75,4972502.0
3740,-41.75,16.75,5024751.0
3741,-41.5,16.75,5076984.0
3742,-41.25,16.75,5129208.0
3743,-41.0,16.75,5181456.0
3744,-40.75,16.75,5233679.0
3745,-40.5,16.75,5285899.0
3746,-40.25,16.75,5338120.0
3747,-40.0,16.75,5390315.0
3748,-39.75,16.75,5442507.0
3749,-39.5,16.75,5494700.0
3750,-39.25,16.75,5546891.0
3751,-39.0,16.75,5599064.0
3752,-38.75,16.75,5651256.0
3753,-38.5,16.75,5703448.0
3754,-38.25,16.75,5755640.0
3755,-38.0,16.75,5807832.0
3756,-37.75,16.75,5860009.0
3757,-37.5,16.75,5912174.0
3758,-37.25,16.75,5964338.0
3759,-37.0,16.75,6016502.0
3760,-36.75,16.75,6068666.0
3761,-36.5,16.75,6124557.0
3762,-36.25,16.75,6176721.0
3763,-36.0,16.75,6228885.0
3764,-35.75,16.75,6281049.0
3765,-35.5,16.75,6333213.0
3766,-35.25,16.75,6385376.0
3767,-35.0,16.75,6437540.0
3768,-34.75,16.75,6489704.0
3769,-34.5,16.75,6541868.0
3770,-34.25,16.75,6594031.0
3771,-34.0,16.75,6646209.0
3772,-33.75,16.75,6698401.0
3773,-33.5,16.75,6750593.0
3774,-33.25,16.75,6802785.0
3775,-33.0,16.75,6854977.0
3776,-32.75,16.75,6910878.0
3777,-32.5,16.75,6963069.0
3778,-32.25,16.75,7011532.0
3779,-32.0,16.75,7063724.0
3780,-31.75,16.75,7115920.0
3781,-31.5,16.75,7168139.0
3782,-31.25,16.75,7220359.0
3783,-31.0,16.75,7276313.0
3784,-30.75,16.75,7328561.0
3785,-30.5,16.75,7380784.0
3786,-30.25,16.75,7433020.0
3787,-30.0,16.75,7481535.0
3788,-29.75,16.75,7537518.0
3789,-29.5,16.75,7589794.0
3790,-29.25,16.75,7642071.0
3791,-29.0,16.75,7694354.0
3792,-28.75,16.75,7746630.0
3793,-28.5,16.75,7798932.0
3794,-28.25,16.75,7851242.0
3795,-28.0,16.75,7903573.0
3796,-27.75,16.75,7955895.0
3797,-27.5,16.75,8008226.0
3798,-27.25,16.75,8060579.0
3799,-27.0,16.75,8112944.0
3800,-26.75,16.75,8165319.0
3801,-26.5,16.75,8217698.0
3802,-26.25,16.75,8270091.0
3803,-26.0,16.75,8322506.0
3804,-25.75,16.75,8374929.0
3805,-25.5,16.75,8427360.0
3806,-25.25,16.75,8479807.0
3807,-25.0,16.75,8532275.0
3808,-24.75,16.75,8584746.0
3809,-24.5,16.75,8637235.0
3810,-24.25,16.75,8689749.0
3811,-24.0,16.75,8742265.0
3812,-23.75,16.75,8794797.0
3813,-23.5,16.75,8847356.0
3814,-23.25,16.75,8903674.0
3815,-23.0,16.75,8952501.0
3816,-22.75,16.75,9005112.0
3817,-22.5,16.75,9057722.0
3818,-22.25,16.75,9110359.0
3819,-22.0,16.75,9166777.0
3820,-21.75,16.75,9215682.0
3821,-21.5,16.75,9268376.0
3822,-21.25,16.75,9321084.0
3823,-21.0,16.75,9373811.0
3824,-20.75,16.75,9426564.0
3825,-20.5,16.75,9479325.0
3826,-20.25,16.75,9532117.0
3827,-20.0,16.75,9584922.0
3828,-19.75,16.75,9637750.0
3829,-19.5,16.75,9690603.0
3830,-19.25,16.75,9743473.0
3831,-19.0,16.75,9796374.0
3832,-18.75,16.75,9849284.0
3833,-18.5,16.75,9902226.0
3834,-18.25,16.75,9955144.0
3835,-18.0,16.75,10008061.0
3836,-17.75,16.75,10060954.0
3837,-17.5,16.75,10113843.0
3838,-17.25,16.75,10166709.0
3839,-17.0,16.75,10219570.0
3840,-16.75,16.75,10272404.0
3841,-16.5,16.75,10325238.0
3842,-16.25,16.75,10378043.0
3843,-61.75,16.5,817107.0
3844,-61.5,16.5,869506.0
3845,-61.25,16.5,921923.0
3846,-61.0,16.5,974367.0
3847,-60.75,16.5,1026825.0
3848,-60.5,16.5,1079300.0
3849,-60.25,16.5,1131801.0
3850,-60.0,16.5,1184316.0
3851,-59.75,16.5,1233094.0
3852,-59.5,16.5,1289401.0
3853,-59.25,16.5,1341969.0
3854,-59.0,16.5,1390800.0
3855,-58.75,16.5,1443407.0
3856,-58.5,16.5,1496023.0
3857,-58.25,16.5,1548667.0
3858,-58.0,16.5,1601322.0
3859,-57.75,16.5,1653992.0
3860,-57.5,16.5,1706684.0
3861,-57.25,16.5,1759384.0
3862,-57.0,16.5,1812111.0
3863,-56.75,16.5,1864845.0
3864,-56.5,16.5,1917601.0
3865,-56.25,16.5,1970370.0
3866,-56.0,16.5,2023151.0
3867,-55.75,16.5,2075953.0
3868,-55.5,16.5,2124991.0
3869,-55.25,16.5,2181598.0
3870,-55.0,16.5,2230662.0
3871,-54.75,16.5,2287301.0
3872,-54.5,16.5,2336391.0
3873,-54.25,16.5,2389284.0
3874,-54.0,16.5,2442177.0
3875,-53.75,16.5,2495097.0
3876,-53.5,16.5,2548018.0
3877,-53.25,16.5,2600961.0
3878,-53.0,16.5,2653875.0
3879,-52.75,16.5,2706777.0
3880,-52.5,16.5,2759651.0
3881,-52.25,16.5,2812505.0
3882,-52.0,16.5,2865338.0
3883,-51.75,16.5,2918143.0
3884,-51.5,16.5,2970940.0
3885,-51.25,16.5,3023706.0
3886,-51.0,16.5,3076459.0
3887,-50.75,16.5,3129191.0
3888,-50.5,16.5,3181899.0
3889,-50.25,16.5,3234599.0
3890,-50.0,16.5,3287266.0
3891,-49.75,16.5,3339923.0
3892,-49.5,16.5,3392565.0
3893,-49.25,16.5,3445176.0
3894,-49.0,16.5,3501546.0
3895,-48.75,16.5,3550375.0
3896,-48.5,16.5,3602936.0
3897,-48.25,16.5,3655500.0
3898,-48.0,16.5,3708037.0
3899,-47.75,16.5,3764302.0
3900,-47.5,16.5,3813068.0
3901,-47.25,16.5,3865562.0
3902,-47.0,16.5,3921781.0
3903,-46.75,16.5,3974248.0
3904,-46.5,16.5,4022953.0
3905,-46.25,16.5,4079130.0
3906,-46.0,16.5,4131551.0
3907,-45.75,16.5,4180224.0
3908,-45.5,16.5,4236364.0
3909,-45.25,16.5,4288744.0
3910,-45.0,16.5,4341116.0
3911,-44.75,16.5,4393484.0
3912,-44.5,16.5,4445838.0
3913,-44.25,16.5,4498171.0
3914,-44.0,16.5,4550491.0
3915,-43.75,16.5,4602824.0
3916,-43.5,16.5,4655133.0
3917,-43.25,16.5,4707438.0
3918,-43.0,16.5,4759716.0
3919,-42.75,16.5,4811996.0
3920,-42.5,16.5,4864274.0
3921,-42.25,16.5,4916550.0
3922,-42.0,16.5,4972535.0
3923,-41.75,16.5,5024784.0
3924,-41.5,16.5,5073288.0
3925,-41.25,16.5,5125509.0
3926,-41.0,16.5,5177758.0
3927,-40.75,16.5,5233713.0
3928,-40.5,16.5,5285933.0
3929,-40.25,16.5,5338154.0
3930,-40.0,16.5,5390349.0
3931,-39.75,16.5,5442541.0
3932,-39.5,16.5,5494734.0
3933,-39.25,16.5,5546924.0
3934,-39.0,16.5,5599097.0
3935,-38.75,16.5,5651289.0
3936,-38.5,16.5,5703481.0
3937,-38.25,16.5,5755673.0
3938,-38.0,16.5,5807865.0
3939,-37.75,16.5,5860042.0
3940,-37.5,16.5,5915933.0
3941,-37.25,16.5,5968098.0
3942,-37.0,16.5,6020262.0
3943,-36.75,16.5,6072426.0
3944,-36.5,16.5,6124590.0
3945,-36.25,16.5,6176754.0
3946,-36.0,16.5,6228918.0
3947,-35.75,16.5,6281082.0
3948,-35.5,16.5,6333246.0
3949,-35.25,16.5,6385410.0
3950,-35.0,16.5,6437574.0
3951,-34.75,16.5,6489738.0
3952,-34.5,16.5,6541901.0
3953,-34.25,16.5,6594064.0
3954,-34.0,16.5,6646242.0
3955,-33.75,16.5,6698434.0
3956,-33.5,16.5,6750626.0
3957,-33.25,16.5,6802818.0
3958,-33.0,16.5,6855010.0
3959,-32.75,16.5,6907184.0
3960,-32.5,16.5,6959375.0
3961,-32.25,16.5,7015294.0
3962,-32.0,16.5,7067486.0
3963,-31.75,16.5,7119684.0
3964,-31.5,16.5,7171903.0
3965,-31.25,16.5,7224123.0
3966,-31.0,16.5,7276347.0
3967,-30.75,16.5,7328594.0
3968,-30.5,16.5,7380818.0
3969,-30.25,16.5,7433053.0
3970,-30.0,16.5,7485300.0
3971,-29.75,16.5,7537552.0
3972,-29.5,16.5,7589828.0
3973,-29.25,16.5,7642105.0
3974,-29.0,16.5,7694388.0
3975,-28.75,16.5,7750399.0
3976,-28.5,16.5,7798966.0
3977,-28.25,16.5,7851276.0
3978,-28.0,16.5,7903607.0
3979,-27.75,16.5,7959667.0
3980,-27.5,16.5,8011998.0
3981,-27.25,16.5,8060613.0
3982,-27.0,16.5,8116720.0
3983,-26.75,16.5,8169093.0
3984,-26.5,16.5,8221474.0
3985,-26.25,16.5,8273869.0
3986,-26.0,16.5,8326284.0
3987,-25.75,16.5,8378707.0
3988,-25.5,16.5,8431139.0
3989,-25.25,16.5,8483589.0
3990,-25.0,16.5,8536056.0
3991,-24.75,16.5,8588527.0
3992,-24.5,16.5,8641020.0
3993,-24.25,16.5,8693535.0
3994,-24.0,16.5,8746050.0
3995,-23.75,16.5,8798586.0
3996,-23.5,16.5,8851145.0
3997,-23.25,16.5,8903708.0
3998,-23.0,16.5,8956293.0
3999,-22.75,16.5,9008903.0
4000,-22.5,16.5,9061515.0
4001,-22.25,16.5,9114152.0
4002,-22.0,16.5,9166811.0
4003,-21.75,16.5,9219480.0
4004,-21.5,16.5,9272175.0
4005,-21.25,16.5,9324885.0
4006,-21.0,16.5,9377612.0
4007,-20.75,16.5,9430367.0
4008,-20.5,16.5,9483128.0
4009,-20.25,16.5,9535924.0
4010,-20.0,16.5,9588727.0
4011,-19.75,16.5,9641559.0
4012,-19.5,16.5,9694412.0
4013,-19.25,16.5,9747285.0
4014,-19.0,16.5,9800185.0
4015,-18.75,16.5,9853098.0
4016,-18.5,16.5,9906039.0
4017,-18.25,16.5,9958958.0
4018,-18.0,16.5,10011875.0
4019,-17.75,16.5,10064766.0
4020,-17.5,16.5,10117655.0
4021,-17.25,16.5,10170518.0
4022,-17.0,16.5,10223380.0
4023,-16.75,16.5,10276214.0
4024,-16.5,16.5,10329044.0
4025,-16.25,16.5,10381850.0
4026,-61.75,16.25,813400.0
4027,-61.5,16.25,865796.0
4028,-61.25,16.25,914471.0
4029,-61.0,16.25,966910.0
4030,-60.75,16.25,1023112.0
4031,-60.5,16.25,1071838.0
4032,-60.25,16.25,1124336.0
4033,-60.0,16.25,1176846.0
4034,-59.75,16.25,1229377.0
4035,-59.5,16.25,1281927.0
4036,-59.25,16.25,1334491.0
4037,-59.0,16.25,1387078.0
4038,-58.75,16.25,1439683.0
4039,-58.5,16.25,1492297.0
4040,-58.25,16.25,1544941.0
4041,-58.0,16.25,1597594.0
4042,-57.75,16.25,1646502.0
4043,-57.5,16.25,1702954.0
4044,-57.25,16.25,1755653.0
4045,-57.0,16.25,1804613.0
4046,-56.75,16.25,1861113.0
4047,-56.5,16.25,1910099.0
4048,-56.25,16.25,1962864.0
4049,-56.0,16.25,2015645.0
4050,-55.75,16.25,2068443.0
4051,-55.5,16.25,2125026.0
4052,-55.25,16.25,2174084.0
4053,-55.0,16.25,2226923.0
4054,-54.75,16.25,2279783.0
4055,-54.5,16.25,2332650.0
4056,-54.25,16.25,2385539.0
4057,-54.0,16.25,2438434.0
4058,-53.75,16.25,2491350.0
4059,-53.5,16.25,2544273.0
4060,-53.25,16.25,2597215.0
4061,-53.0,16.25,2650132.0
4062,-52.75,16.25,2703033.0
4063,-52.5,16.25,2755910.0
4064,-52.25,16.25,2808763.0
4065,-52.0,16.25,2861601.0
4066,-51.75,16.25,2914404.0
4067,-51.5,16.25,2967205.0
4068,-51.25,16.25,3019971.0
4069,-51.0,16.25,3072726.0
4070,-50.75,16.25,3125458.0
4071,-50.5,16.25,3178168.0
4072,-50.25,16.25,3230868.0
4073,-50.0,16.25,3287300.0
4074,-49.75,16.25,3336198.0
4075,-49.5,16.25,3388839.0
4076,-49.25,16.25,3445210.0
4077,-49.0,16.25,3494065.0
4078,-48.75,16.25,3550409.0
4079,-48.5,16.25,3602970.0
4080,-48.25,16.25,3655534.0
4081,-48.0,16.25,3708071.0
4082,-47.75,16.25,3760583.0
4083,-47.5,16.25,3813102.0
4084,-47.25,16.25,3865596.0
4085,-47.0,16.25,3918068.0
4086,-46.75,16.25,3970535.0
4087,-46.5,16.25,4022987.0
4088,-46.25,16.25,4075420.0
4089,-46.0,16.25,4127841.0
4090,-45.75,16.25,4180258.0
4091,-45.5,16.25,4232656.0
4092,-45.25,16.25,4285038.0
4093,-45.0,16.25,4337408.0
4094,-44.75,16.25,4393518.0
4095,-44.5,16.25,4442134.0
4096,-44.25,16.25,4494467.0
4097,-44.0,16.25,4550525.0
4098,-43.75,16.25,4602858.0
4099,-43.5,16.25,4655167.0
4100,-43.25,16.25,4703736.0
4101,-43.0,16.25,4759750.0
4102,-42.75,16.25,4812030.0
4103,-42.5,16.25,4864308.0
4104,-42.25,16.25,4916584.0
4105,-42.0,16.25,4968837.0
4106,-41.75,16.25,5021086.0
4107,-41.5,16.25,5073321.0
4108,-41.25,16.25,5125542.0
4109,-41.0,16.25,5177793.0
4110,-40.75,16.25,5230017.0
4111,-40.5,16.25,5282237.0
4112,-40.25,16.25,5334457.0
4113,-40.0,16.25,5386655.0
4114,-39.75,16.25,5442576.0
4115,-39.5,16.25,5494768.0
4116,-39.25,16.25,5546958.0
4117,-39.0,16.25,5599131.0
4118,-38.75,16.25,5651323.0
4119,-38.5,16.25,5703515.0
4120,-38.25,16.25,5755708.0
4121,-38.0,16.25,5807900.0
4122,-37.75,16.25,5860077.0
4123,-37.5,16.25,5912241.0
4124,-37.25,16.25,5964405.0
4125,-37.0,16.25,6016569.0
4126,-36.75,16.25,6068734.0
4127,-36.5,16.25,6120898.0
4128,-36.25,16.25,6173062.0
4129,-36.0,16.25,6228953.0
4130,-35.75,16.25,6281116.0
4131,-35.5,16.25,6333280.0
4132,-35.25,16.25,6385444.0
4133,-35.0,16.25,6437607.0
4134,-34.75,16.25,6489771.0
4135,-34.5,16.25,6541935.0
4136,-34.25,16.25,6594099.0
4137,-34.0,16.25,6646277.0
4138,-33.75,16.25,6698469.0
4139,-33.5,16.25,6754388.0
4140,-33.25,16.25,6806580.0
4141,-33.0,16.25,6858772.0
4142,-32.75,16.25,6910945.0
4143,-32.5,16.25,6963137.0
4144,-32.25,16.25,7015329.0
4145,-32.0,16.25,7067520.0
4146,-31.75,16.25,7119717.0
4147,-31.5,16.25,7171937.0
4148,-31.25,16.25,7224157.0
4149,-31.0,16.25,7276382.0
4150,-30.75,16.25,7328627.0
4151,-30.5,16.25,7380851.0
4152,-30.25,16.25,7433087.0
4153,-30.0,16.25,7485334.0
4154,-29.75,16.25,7541320.0
4155,-29.5,16.25,7593596.0
4156,-29.25,16.25,7645875.0
4157,-29.0,16.25,7698156.0
4158,-28.75,16.25,7750433.0
4159,-28.5,16.25,7802736.0
4160,-28.25,16.25,7855048.0
4161,-28.0,16.25,7907379.0
4162,-27.75,16.25,7959701.0
4163,-27.5,16.25,8012032.0
4164,-27.25,16.25,8064387.0
4165,-27.0,16.25,8116754.0
4166,-26.75,16.25,8169127.0
4167,-26.5,16.25,8221508.0
4168,-26.25,16.25,8277647.0
4169,-26.0,16.25,8326318.0
4170,-25.75,16.25,8378741.0
4171,-25.5,16.25,8434919.0
4172,-25.25,16.25,8487372.0
4173,-25.0,16.25,8539837.0
4174,-24.75,16.25,8592309.0
4175,-24.5,16.25,8644804.0
4176,-24.25,16.25,8697320.0
4177,-24.0,16.25,8749836.0
4178,-23.75,16.25,8802374.0
4179,-23.5,16.25,8854935.0
4180,-23.25,16.25,8907498.0
4181,-23.0,16.25,8960085.0
4182,-22.75,16.25,9012696.0
4183,-22.5,16.25,9065308.0
4184,-22.25,16.25,9117948.0
4185,-22.0,16.25,9170607.0
4186,-21.75,16.25,9223277.0
4187,-21.5,16.25,9275976.0
4188,-21.25,16.25,9328684.0
4189,-21.0,16.25,9381415.0
4190,-20.75,16.25,9434168.0
4191,-20.5,16.25,9486933.0
4192,-20.25,16.25,9539729.0
4193,-20.0,16.25,9592534.0
4194,-19.75,16.25,9645368.0
4195,-19.5,16.25,9698223.0
4196,-19.25,16.25,9754875.0
4197,-19.0,16.25,9803998.0
4198,-18.75,16.25,9860695.0
4199,-18.5,16.25,9909854.0
4200,-18.25,16.25,9962771.0
4201,-18.0,16.25,10015688.0
4202,-17.75,16.25,10068577.0
4203,-17.5,16.25,10121467.0
4204,-17.25,16.25,10174328.0
4205,-17.0,16.25,10227189.0
4206,-16.75,16.25,10280022.0
4207,-16.5,16.25,10332851.0
4208,-16.25,16.25,10385656.0
4209,-61.75,16.0,805950.0
4210,-61.5,16.0,858342.0
4211,-61.25,16.0,910761.0
4212,-61.0,16.0,963198.0
4213,-60.75,16.0,1015651.0
4214,-60.5,16.0,1068124.0
4215,-60.25,16.0,1120620.0
4216,-60.0,16.0,1173128.0
4217,-59.75,16.0,1221907.0
4218,-59.5,16.0,1274454.0
4219,-59.25,16.0,1330770.0
4220,-59.0,16.0,1379600.0
4221,-58.75,16.0,1432201.0
4222,-58.5,16.0,1484817.0
4223,-58.25,16.0,1537455.0
4224,-58.0,16.0,1590104.0
4225,-57.75,16.0,1642776.0
4226,-57.5,16.0,1695460.0
4227,-57.25,16.0,1748159.0
4228,-57.0,16.0,1800881.0
4229,-56.75,16.0,1853611.0
4230,-56.5,16.0,1906366.0
4231,-56.25,16.0,1959127.0
4232,-56.0,16.0,2011910.0
4233,-55.75,16.0,2064706.0
4234,-55.5,16.0,2117516.0
4235,-55.25,16.0,2170344.0
4236,-55.0,16.0,2223182.0
4237,-54.75,16.0,2276042.0
4238,-54.5,16.0,2328908.0
4239,-54.25,16.0,2381796.0
4240,-54.0,16.0,2434690.0
4241,-53.75,16.0,2487605.0
4242,-53.5,16.0,2540527.0
4243,-53.25,16.0,2593467.0
4244,-53.0,16.0,2646388.0
4245,-52.75,16.0,2699289.0
4246,-52.5,16.0,2752168.0
4247,-52.25,16.0,2805022.0
4248,-52.0,16.0,2857862.0
4249,-51.75,16.0,2910668.0
4250,-51.5,16.0,2963468.0
4251,-51.25,16.0,3016238.0
4252,-51.0,16.0,3068991.0
4253,-50.75,16.0,3121727.0
4254,-50.5,16.0,3174435.0
4255,-50.25,16.0,3230902.0
4256,-50.0,16.0,3279811.0
4257,-49.75,16.0,3336232.0
4258,-49.5,16.0,3388873.0
4259,-49.25,16.0,3441489.0
4260,-49.0,16.0,3494099.0
4261,-48.75,16.0,3546686.0
4262,-48.5,16.0,3599249.0
4263,-48.25,16.0,3651813.0
4264,-48.0,16.0,3704353.0
4265,-47.75,16.0,3756867.0
4266,-47.5,16.0,3809386.0
4267,-47.25,16.0,3861882.0
4268,-47.0,16.0,3914355.0
4269,-46.75,16.0,3966821.0
4270,-46.5,16.0,4019275.0
4271,-46.25,16.0,4071709.0
4272,-46.0,16.0,4127875.0
4273,-45.75,16.0,4176548.0
4274,-45.5,16.0,4228947.0
4275,-45.25,16.0,4285071.0
4276,-45.0,16.0,4337442.0
4277,-44.75,16.0,4389813.0
4278,-44.5,16.0,4442168.0
4279,-44.25,16.0,4494501.0
4280,-44.0,16.0,4546820.0
4281,-43.75,16.0,4599153.0
4282,-43.5,16.0,4651465.0
4283,-43.25,16.0,4703769.0
4284,-43.0,16.0,4756050.0
4285,-42.75,16.0,4808328.0
4286,-42.5,16.0,4860608.0
4287,-42.25,16.0,4912884.0
4288,-42.0,16.0,4968871.0
4289,-41.75,16.0,5021120.0
4290,-41.5,16.0,5073355.0
4291,-41.25,16.0,5125576.0
4292,-41.0,16.0,5177826.0
4293,-40.75,16.0,5230050.0
4294,-40.5,16.0,5282270.0
4295,-40.25,16.0,5334490.0
4296,-40.0,16.0,5386690.0
4297,-39.75,16.0,5438882.0
4298,-39.5,16.0,5491074.0
4299,-39.25,16.0,5543266.0
4300,-39.0,16.0,5595436.0
4301,-38.75,16.0,5651358.0
4302,-38.5,16.0,5703550.0
4303,-38.25,16.0,5755742.0
4304,-38.0,16.0,5807933.0
4305,-37.75,16.0,5860110.0
4306,-37.5,16.0,5912274.0
4307,-37.25,16.0,5964438.0
4308,-37.0,16.0,6020329.0
4309,-36.75,16.0,6072493.0
4310,-36.5,16.0,6124657.0
4311,-36.25,16.0,6176821.0
4312,-36.0,16.0,6228985.0
4313,-35.75,16.0,6281149.0
4314,-35.5,16.0,6333313.0
4315,-35.25,16.0,6385477.0
4316,-35.0,16.0,6437641.0
4317,-34.75,16.0,6489804.0
4318,-34.5,16.0,6541968.0
4319,-34.25,16.0,6594132.0
4320,-34.0,16.0,6646310.0
4321,-33.75,16.0,6702231.0
4322,-33.5,16.0,6754423.0
4323,-33.25,16.0,6806615.0
4324,-33.0,16.0,6858805.0
4325,-32.75,16.0,6910979.0
4326,-32.5,16.0,6963171.0
4327,-32.25,16.0,7015363.0
4328,-32.0,16.0,7067555.0
4329,-31.75,16.0,7119750.0
4330,-31.5,16.0,7171970.0
4331,-31.25,16.0,7224190.0
4332,-31.0,16.0,7276415.0
4333,-30.75,16.0,7332393.0
4334,-30.5,16.0,7384615.0
4335,-30.25,16.0,7436853.0
4336,-30.0,16.0,7489100.0
4337,-29.75,16.0,7541354.0
4338,-29.5,16.0,7593630.0
4339,-29.25,16.0,7645909.0
4340,-29.0,16.0,7698190.0
4341,-28.75,16.0,7750466.0
4342,-28.5,16.0,7802770.0
4343,-28.25,16.0,7855081.0
4344,-28.0,16.0,7911150.0
4345,-27.75,16.0,7963473.0
4346,-27.5,16.0,8015804.0
4347,-27.25,16.0,8068162.0
4348,-27.0,16.0,8120530.0
4349,-26.75,16.0,8172900.0
4350,-26.5,16.0,8225283.0
4351,-26.25,16.0,8277681.0
4352,-26.0,16.0,8330096.0
4353,-25.75,16.0,8382518.0
4354,-25.5,16.0,8434953.0
4355,-25.25,16.0,8487406.0
4356,-25.0,16.0,8543620.0
4357,-24.75,16.0,8592343.0
4358,-24.5,16.0,8644838.0
4359,-24.25,16.0,8701107.0
4360,-24.0,16.0,8749870.0
4361,-23.75,16.0,8806161.0
4362,-23.5,16.0,8858726.0
4363,-23.25,16.0,8911287.0
4364,-23.0,16.0,8963877.0
4365,-22.75,16.0,9016489.0
4366,-22.5,16.0,9069102.0
4367,-22.25,16.0,9121744.0
4368,-22.0,16.0,9174403.0
4369,-21.75,16.0,9227075.0
4370,-21.5,16.0,9279775.0
4371,-21.25,16.0,9332485.0
4372,-21.0,16.0,9385216.0
4373,-20.75,16.0,9437971.0
4374,-20.5,16.0,9490736.0
4375,-20.25,16.0,9543536.0
4376,-20.0,16.0,9596340.0
4377,-19.75,16.0,9649179.0
4378,-19.5,16.0,9705809.0
4379,-19.25,16.0,9754909.0
4380,-19.0,16.0,9811588.0
4381,-18.75,16.0,9860729.0
4382,-18.5,16.0,9917448.0
4383,-18.25,16.0,9966586.0
4384,-18.0,16.0,10023278.0
4385,-17.75,16.0,10072390.0
4386,-17.5,16.0,10129053.0
4387,-17.25,16.0,10178139.0
4388,-17.0,16.0,10230996.0
4389,-16.75,16.0,10287604.0
4390,-16.5,16.0,10336657.0
4391,-16.25,16.0,10393235.0
4392,-61.75,15.75,798501.0
4393,-61.5,15.75,854634.0
4394,-61.25,15.75,903307.0
4395,-61.0,15.75,955741.0
4396,-60.75,15.75,1008189.0
4397,-60.5,15.75,1060665.0
4398,-60.25,15.75,1113154.0
4399,-60.0,15.75,1165659.0
4400,-59.75,15.75,1218190.0
4401,-59.5,15.75,1270734.0
4402,-59.25,15.75,1323293.0
4403,-59.0,15.75,1375879.0
4404,-58.75,15.75,1428478.0
4405,-58.5,15.75,1481093.0
4406,-58.25,15.75,1533729.0
4407,-58.0,15.75,1586377.0
4408,-57.75,15.75,1639048.0
4409,-57.5,15.75,1691730.0
4410,-57.25,15.75,1744429.0
4411,-57.0,15.75,1797151.0
4412,-56.75,15.75,1849877.0
4413,-56.5,15.75,1902632.0
4414,-56.25,15.75,1955391.0
4415,-56.0,15.75,2008174.0
4416,-55.75,15.75,2060969.0
4417,-55.5,15.75,2113778.0
4418,-55.25,15.75,2166605.0
4419,-55.0,15.75,2219442.0
4420,-54.75,15.75,2272300.0
4421,-54.5,15.75,2325166.0
4422,-54.25,15.75,2378052.0
4423,-54.0,15.75,2430946.0
4424,-53.75,15.75,2483860.0
4425,-53.5,15.75,2536782.0
4426,-53.25,15.75,2589720.0
4427,-53.0,15.75,2642645.0
4428,-52.75,15.75,2695546.0
4429,-52.5,15.75,2748427.0
4430,-52.25,15.75,2801281.0
4431,-52.0,15.75,2854123.0
4432,-51.75,15.75,2906931.0
4433,-51.5,15.75,2959733.0
4434,-51.25,15.75,3012503.0
4435,-51.0,15.75,3065258.0
4436,-50.75,15.75,3117994.0
4437,-50.5,15.75,3174469.0
4438,-50.25,15.75,3223408.0
4439,-50.0,15.75,3279845.0
4440,-49.75,15.75,3332503.0
4441,-49.5,15.75,3385148.0
4442,-49.25,15.75,3437764.0
4443,-49.0,15.75,3490375.0
4444,-48.75,15.75,3542965.0
4445,-48.5,15.75,3595529.0
4446,-48.25,15.75,3648093.0
4447,-48.0,15.75,3700635.0
4448,-47.75,15.75,3753151.0
4449,-47.5,15.75,3805669.0
4450,-47.25,15.75,3861916.0
4451,-47.0,15.75,3910641.0
4452,-46.75,15.75,3963106.0
4453,-46.5,15.75,4019309.0
4454,-46.25,15.75,4071743.0
4455,-46.0,15.75,4124166.0
4456,-45.75,15.75,4176582.0
4457,-45.5,15.75,4228981.0
4458,-45.25,15.75,4281365.0
4459,-45.0,15.75,4333734.0
4460,-44.75,15.75,4386105.0
4461,-44.5,15.75,4438464.0
4462,-44.25,15.75,4490796.0
4463,-44.0,15.75,4543117.0
4464,-43.75,15.75,4599187.0
4465,-43.5,15.75,4651499.0
4466,-43.25,15.75,4703803.0
4467,-43.0,15.75,4756083.0
4468,-42.75,15.75,4808362.0
4469,-42.5,15.75,4860641.0
4470,-42.25,15.75,4912919.0
4471,-42.0,15.75,4965173.0
4472,-41.75,15.75,5017422.0
4473,-41.5,15.75,5069659.0
4474,-41.25,15.75,5125611.0
4475,-41.0,15.75,5177859.0
4476,-40.75,15.75,5230084.0
4477,-40.5,15.75,5282304.0
4478,-40.25,15.75,5334525.0
4479,-40.0,15.75,5386723.0
4480,-39.75,15.75,5438915.0
4481,-39.5,15.75,5491107.0
4482,-39.25,15.75,5543299.0
4483,-39.0,15.75,5599198.0
4484,-38.75,15.75,5651390.0
4485,-38.5,15.75,5703583.0
4486,-38.25,15.75,5755775.0
4487,-38.0,15.75,5807967.0
4488,-37.75,15.75,5860145.0
4489,-37.5,15.75,5912309.0
4490,-37.25,15.75,5964473.0
4491,-37.0,15.75,6016637.0
4492,-36.75,15.75,6068801.0
4493,-36.5,15.75,6120965.0
4494,-36.25,15.75,6173129.0
4495,-36.0,15.75,6229018.0
4496,-35.75,15.75,6281183.0
4497,-35.5,15.75,6333347.0
4498,-35.25,15.75,6385511.0
4499,-35.0,15.75,6437675.0
4500,-34.75,15.75,6489839.0
4501,-34.5,15.75,6542003.0
4502,-34.25,15.75,6594167.0
4503,-34.0,15.75,6650072.0
4504,-33.75,15.75,6702264.0
4505,-33.5,15.75,6754456.0
4506,-33.25,15.75,6806647.0
4507,-33.0,15.75,6858839.0
4508,-32.75,15.75,6911012.0
4509,-32.5,15.75,6963204.0
4510,-32.25,15.75,7015396.0
4511,-32.0,15.75,7067588.0
4512,-31.75,15.75,7119785.0
4513,-31.5,15.75,7175734.0
4514,-31.25,15.75,7227954.0
4515,-31.0,15.75,7280180.0
4516,-30.75,15.75,7332428.0
4517,-30.5,15.75,7384649.0
4518,-30.25,15.75,7436887.0
4519,-30.0,15.75,7489134.0
4520,-29.75,15.75,7541389.0
4521,-29.5,15.75,7597397.0
4522,-29.25,15.75,7649679.0
4523,-29.0,15.75,7698223.0
4524,-28.75,15.75,7754236.0
4525,-28.5,15.75,7806540.0
4526,-28.25,15.75,7858853.0
4527,-28.0,15.75,7911184.0
4528,-27.75,15.75,7963506.0
4529,-27.5,15.75,8015838.0
4530,-27.25,15.75,8071934.0
4531,-27.0,15.75,8120564.0
4532,-26.75,15.75,8172934.0
4533,-26.5,15.75,8229059.0
4534,-26.25,15.75,8281459.0
4535,-26.0,15.75,8333877.0
4536,-25.75,15.75,8386296.0
4537,-25.5,15.75,8438733.0
4538,-25.25,15.75,8491187.0
4539,-25.0,15.75,8543654.0
4540,-24.75,15.75,8596125.0
4541,-24.5,15.75,8648621.0
4542,-24.25,15.75,8701141.0
4543,-24.0,15.75,8757408.0
4544,-23.75,15.75,8806195.0
4545,-23.5,15.75,8858760.0
4546,-23.25,15.75,8915078.0
4547,-23.0,15.75,8963911.0
4548,-22.75,15.75,9020280.0
4549,-22.5,15.75,9072897.0
4550,-22.25,15.75,9125539.0
4551,-22.0,15.75,9178199.0
4552,-21.75,15.75,9230873.0
4553,-21.5,15.75,9283575.0
4554,-21.25,15.75,9336284.0
4555,-21.0,15.75,9389019.0
4556,-20.75,15.75,9441772.0
4557,-20.5,15.75,9494541.0
4558,-20.25,15.75,9547341.0
4559,-20.0,15.75,9600149.0
4560,-19.75,15.75,9656766.0
4561,-19.5,15.75,9705844.0
4562,-19.25,15.75,9762500.0
4563,-19.0,15.75,9811623.0
4564,-18.75,15.75,9868328.0
4565,-18.5,15.75,9917483.0
4566,-18.25,15.75,9974181.0
4567,-18.0,15.75,10023312.0
4568,-17.75,15.75,10079980.0
4569,-17.5,15.75,10129087.0
4570,-17.25,15.75,10185725.0
4571,-17.0,15.75,10238578.0
4572,-16.75,15.75,10291413.0
4573,-16.5,15.75,10344235.0
4574,-16.25,15.75,10397042.0
4575,-61.75,15.5,794794.0
4576,-61.5,15.5,847185.0
4577,-61.25,15.5,899600.0
4578,-61.0,15.5,952029.0
4579,-60.75,15.5,1004477.0
4580,-60.5,15.5,1056951.0
4581,-60.25,15.5,1105689.0
4582,-60.0,15.5,1161942.0
4583,-59.75,15.5,1214472.0
4584,-59.5,15.5,1263261.0
4585,-59.25,15.5,1315820.0
4586,-59.0,15.5,1372157.0
4587,-58.75,15.5,1420996.0
4588,-58.5,15.5,1473611.0
4589,-58.25,15.5,1530004.0
4590,-58.0,15.5,1578887.0
4591,-57.75,15.5,1631558.0
4592,-57.5,15.5,1688001.0
4593,-57.25,15.5,1736936.0
4594,-57.0,15.5,1793418.0
4595,-56.75,15.5,1846145.0
4596,-56.5,15.5,1895130.0
4597,-56.25,15.5,1951656.0
4598,-56.0,15.5,2000669.0
4599,-55.75,15.5,2057230.0
4600,-55.5,15.5,2110041.0
4601,-55.25,15.5,2162864.0
4602,-55.0,15.5,2215703.0
4603,-54.75,15.5,2268557.0
4604,-54.5,15.5,2321424.0
4605,-54.25,15.5,2374308.0
4606,-54.0,15.5,2427203.0
4607,-53.75,15.5,2480114.0
4608,-53.5,15.5,2533036.0
4609,-53.25,15.5,2585972.0
4610,-53.0,15.5,2638900.0
4611,-52.75,15.5,2691802.0
4612,-52.5,15.5,2744685.0
4613,-52.25,15.5,2797539.0
4614,-52.0,15.5,2850384.0
4615,-51.75,15.5,2903196.0
4616,-51.5,15.5,2959767.0
4617,-51.25,15.5,3008770.0
4618,-51.0,15.5,3065292.0
4619,-50.75,15.5,3118028.0
4620,-50.5,15.5,3170738.0
4621,-50.25,15.5,3223442.0
4622,-50.0,15.5,3276118.0
4623,-49.75,15.5,3328776.0
4624,-49.5,15.5,3381421.0
4625,-49.25,15.5,3434040.0
4626,-49.0,15.5,3486651.0
4627,-48.75,15.5,3539243.0
4628,-48.5,15.5,3591808.0
4629,-48.25,15.5,3644374.0
4630,-48.0,15.5,3696917.0
4631,-47.75,15.5,3753185.0
4632,-47.5,15.5,3805703.0
4633,-47.25,15.5,3854454.0
4634,-47.0,15.5,3910675.0
4635,-46.75,15.5,3963140.0
4636,-46.5,15.5,4015596.0
4637,-46.25,15.5,4068033.0
4638,-46.0,15.5,4120454.0
4639,-45.75,15.5,4172872.0
4640,-45.5,15.5,4225273.0
4641,-45.25,15.5,4281399.0
4642,-45.0,15.5,4333768.0
4643,-44.75,15.5,4382399.0
4644,-44.5,15.5,4438498.0
4645,-44.25,15.5,4490830.0
4646,-44.0,15.5,4543151.0
4647,-43.75,15.5,4595483.0
4648,-43.5,15.5,4647797.0
4649,-43.25,15.5,4700101.0
4650,-43.0,15.5,4756117.0
4651,-42.75,15.5,4808395.0
4652,-42.5,15.5,4856941.0
4653,-42.25,15.5,4912953.0
4654,-42.0,15.5,4965207.0
4655,-41.75,15.5,5017455.0
4656,-41.5,15.5,5069693.0
4657,-41.25,15.5,5121914.0
4658,-41.0,15.5,5174161.0
4659,-40.75,15.5,5226388.0
4660,-40.5,15.5,5282339.0
4661,-40.25,15.5,5334559.0
4662,-40.0,15.5,5386756.0
4663,-39.75,15.5,5438949.0
4664,-39.5,15.5,5491141.0
4665,-39.25,15.5,5543334.0
4666,-39.0,15.5,5595504.0
4667,-38.75,15.5,5647696.0
4668,-38.5,15.5,5699889.0
4669,-38.25,15.5,5752081.0
4670,-38.0,15.5,5808002.0
4671,-37.75,15.5,5860179.0
4672,-37.5,15.5,5912342.0
4673,-37.25,15.5,5964506.0
4674,-37.0,15.5,6016670.0
4675,-36.75,15.5,6068834.0
4676,-36.5,15.5,6124725.0
4677,-36.25,15.5,6176889.0
4678,-36.0,15.5,6229053.0
4679,-35.75,15.5,6281217.0
4680,-35.5,15.5,6333381.0
4681,-35.25,15.5,6385544.0
4682,-35.0,15.5,6437708.0
4683,-34.75,15.5,6489872.0
4684,-34.5,15.5,6542036.0
4685,-34.25,15.5,6597927.0
4686,-34.0,15.5,6650107.0
4687,-33.75,15.5,6702298.0
4688,-33.5,15.5,6754490.0
4689,-33.25,15.5,6806681.0
4690,-33.0,15.5,6858873.0
4691,-32.75,15.5,6911047.0
4692,-32.5,15.5,6966966.0
4693,-32.25,15.5,7019158.0
4694,-32.0,15.5,7071349.0
4695,-31.75,15.5,7123549.0
4696,-31.5,15.5,7175769.0
4697,-31.25,15.5,7227988.0
4698,-31.0,15.5,7280214.0
4699,-30.75,15.5,7332462.0
4700,-30.5,15.5,7388413.0
4701,-30.25,15.5,7440652.0
4702,-30.0,15.5,7492900.0
4703,-29.75,15.5,7545157.0
4704,-29.5,15.5,7597431.0
4705,-29.25,15.5,7649712.0
4706,-29.0,15.5,7701991.0
4707,-28.75,15.5,7754270.0
4708,-28.5,15.5,7806574.0
4709,-28.25,15.5,7858887.0
4710,-28.0,15.5,7914956.0
4711,-27.75,15.5,7967278.0
4712,-27.5,15.5,8019610.0
4713,-27.25,15.5,8071968.0
4714,-27.0,15.5,8124340.0
4715,-26.75,15.5,8176708.0
4716,-26.5,15.5,8229093.0
4717,-26.25,15.5,8281493.0
4718,-26.0,15.5,8337656.0
4719,-25.75,15.5,8386330.0
4720,-25.5,15.5,8438766.0
4721,-25.25,15.5,8494969.0
4722,-25.0,15.5,8547436.0
4723,-24.75,15.5,8599907.0
4724,-24.5,15.5,8652405.0
4725,-24.25,15.5,8704925.0
4726,-24.0,15.5,8757442.0
4727,-23.75,15.5,8809984.0
4728,-23.5,15.5,8862548.0
4729,-23.25,15.5,8915112.0
4730,-23.0,15.5,8971461.0
4731,-22.75,15.5,9020314.0
4732,-22.5,15.5,9076690.0
4733,-22.25,15.5,9129336.0
4734,-22.0,15.5,9178234.0
4735,-21.75,15.5,9234671.0
4736,-21.5,15.5,9287376.0
4737,-21.25,15.5,9340084.0
4738,-21.0,15.5,9392821.0
4739,-20.75,15.5,9445575.0
4740,-20.5,15.5,9498345.0
4741,-20.25,15.5,9551146.0
4742,-20.0,15.5,9607732.0
4743,-19.75,15.5,9656800.0
4744,-19.5,15.5,9713430.0
4745,-19.25,15.5,9762534.0
4746,-19.0,15.5,9819217.0
4747,-18.75,15.5,9868362.0
4748,-18.5,15.5,9925077.0
4749,-18.25,15.5,9974215.0
4750,-18.0,15.5,10030903.0
4751,-17.75,15.5,10080014.0
4752,-17.5,15.5,10136673.0
4753,-17.25,15.5,10189534.0
4754,-17.0,15.5,10242387.0
4755,-16.75,15.5,10295220.0
4756,-16.5,15.5,10348042.0
4757,-16.25,15.5,10400847.0
4758,-61.75,15.25,787344.0
4759,-61.5,15.25,839735.0
4760,-61.25,15.25,892146.0
4761,-61.0,15.25,944572.0
4762,-60.75,15.25,997019.0
4763,-60.5,15.25,1049489.0
4764,-60.25,15.25,1101974.0
4765,-60.0,15.25,1154476.0
4766,-59.75,15.25,1207003.0
4767,-59.5,15.25,1259542.0
4768,-59.25,15.25,1312100.0
4769,-59.0,15.25,1364680.0
4770,-58.75,15.25,1417273.0
4771,-58.5,15.25,1469887.0
4772,-58.25,15.25,1522519.0
4773,-58.0,15.25,1575162.0
4774,-57.75,15.25,1627829.0
4775,-57.5,15.25,1680508.0
4776,-57.25,15.25,1733207.0
4777,-57.0,15.25,1785920.0
4778,-56.75,15.25,1838647.0
4779,-56.5,15.25,1891395.0
4780,-56.25,15.25,1944151.0
4781,-56.0,15.25,1996934.0
4782,-55.75,15.25,2049720.0
4783,-55.5,15.25,2102531.0
4784,-55.25,15.25,2159125.0
4785,-55.0,15.25,2208189.0
4786,-54.75,15.25,2264816.0
4787,-54.5,15.25,2313907.0
4788,-54.25,15.25,2370565.0
4789,-54.0,15.25,2423460.0
4790,-53.75,15.25,2476368.0
4791,-53.5,15.25,2529291.0
4792,-53.25,15.25,2582224.0
4793,-53.0,15.25,2635154.0
4794,-52.75,15.25,2688058.0
4795,-52.5,15.25,2740943.0
4796,-52.25,15.25,2793797.0
4797,-52.0,15.25,2846644.0
4798,-51.75,15.25,2903230.0
4799,-51.5,15.25,2952261.0
4800,-51.25,15.25,3008804.0
4801,-51.0,15.25,3057790.0
4802,-50.75,15.25,3114297.0
4803,-50.5,15.25,3167006.0
4804,-50.25,15.25,3219713.0
4805,-50.0,15.25,3272390.0
4806,-49.75,15.25,3325048.0
4807,-49.5,15.25,3377695.0
4808,-49.25,15.25,3430317.0
4809,-49.0,15.25,3482927.0
4810,-48.75,15.25,3539277.0
4811,-48.5,15.25,3588089.0
4812,-48.25,15.25,3644408.0
4813,-48.0,15.25,3696951.0
4814,-47.75,15.25,3749468.0
4815,-47.5,15.25,3801988.0
4816,-47.25,15.25,3854488.0
4817,-47.0,15.25,3906961.0
4818,-46.75,15.25,3959426.0
4819,-46.5,15.25,4015630.0
4820,-46.25,15.25,4064324.0
4821,-46.0,15.25,4116742.0
4822,-45.75,15.25,4172906.0
4823,-45.5,15.25,4225307.0
4824,-45.25,15.25,4277693.0
4825,-45.0,15.25,4330060.0
4826,-44.75,15.25,4382433.0
4827,-44.5,15.25,4434794.0
4828,-44.25,15.25,4487126.0
4829,-44.0,15.25,4539449.0
4830,-43.75,15.25,4595517.0
4831,-43.5,15.25,4647831.0
4832,-43.25,15.25,4700135.0
4833,-43.0,15.25,4752417.0
4834,-42.75,15.25,4804693.0
4835,-42.5,15.25,4856974.0
4836,-42.25,15.25,4912986.0
4837,-42.0,15.25,4965240.0
4838,-41.75,15.25,5013757.0
4839,-41.5,15.25,5069728.0
4840,-41.25,15.25,5121948.0
4841,-41.0,15.25,5174195.0
4842,-40.75,15.25,5226422.0
4843,-40.5,15.25,5278643.0
4844,-40.25,15.25,5330863.0
4845,-40.0,15.25,5383062.0
4846,-39.75,15.25,5435255.0
4847,-39.5,15.25,5491176.0
4848,-39.25,15.25,5543368.0
4849,-39.0,15.25,5595537.0
4850,-38.75,15.25,5647729.0
4851,-38.5,15.25,5703650.0
4852,-38.25,15.25,5755843.0
4853,-38.0,15.25,5808035.0
4854,-37.75,15.25,5860212.0
4855,-37.5,15.25,5912376.0
4856,-37.25,15.25,5964541.0
4857,-37.0,15.25,6016705.0
4858,-36.75,15.25,6068869.0
4859,-36.5,15.25,6121033.0
4860,-36.25,15.25,6176922.0
4861,-36.0,15.25,6229086.0
4862,-35.75,15.25,6281250.0
4863,-35.5,15.25,6333415.0
4864,-35.25,15.25,6385579.0
4865,-35.0,15.25,6437743.0
4866,-34.75,15.25,6489907.0
4867,-34.5,15.25,6545796.0
4868,-34.25,15.25,6597960.0
4869,-34.0,15.25,6650140.0
4870,-33.75,15.25,6702332.0
4871,-33.5,15.25,6754523.0
4872,-33.25,15.25,6806714.0
4873,-33.0,15.25,6858906.0
4874,-32.75,15.25,6914809.0
4875,-32.5,15.25,6967001.0
4876,-32.25,15.25,7019192.0
4877,-32.0,15.25,7071383.0
4878,-31.75,15.25,7123583.0
4879,-31.5,15.25,7175803.0
4880,-31.25,15.25,7231752.0
4881,-31.0,15.25,7283980.0
4882,-30.75,15.25,7336228.0
4883,-30.5,15.25,7388448.0
4884,-30.25,15.25,7440686.0
4885,-30.0,15.25,7492933.0
4886,-29.75,15.25,7545190.0
4887,-29.5,15.25,7597464.0
4888,-29.25,15.25,7649746.0
4889,-29.0,15.25,7702025.0
4890,-28.75,15.25,7758040.0
4891,-28.5,15.25,7810344.0
4892,-28.25,15.25,7862659.0
4893,-28.0,15.25,7914990.0
4894,-27.75,15.25,7967312.0
4895,-27.5,15.25,8019644.0
4896,-27.25,15.25,8075742.0
4897,-27.0,15.25,8124374.0
4898,-26.75,15.25,8176742.0
4899,-26.5,15.25,8232869.0
4900,-26.25,15.25,8285271.0
4901,-26.0,15.25,8337690.0
4902,-25.75,15.25,8390109.0
4903,-25.5,15.25,8442546.0
4904,-25.25,15.25,8495003.0
4905,-25.0,15.25,8547470.0
4906,-24.75,15.25,8603691.0
4907,-24.5,15.25,8656190.0
4908,-24.25,15.25,8708708.0
4909,-24.0,15.25,8761228.0
4910,-23.75,15.25,8813772.0
4911,-23.5,15.25,8866337.0
4912,-23.25,15.25,8918902.0
4913,-23.0,15.25,8971495.0
4914,-22.75,15.25,9024107.0
4915,-22.5,15.25,9076724.0
4916,-22.25,15.25,9129370.0
4917,-22.0,15.25,9185792.0
4918,-21.75,15.25,9238470.0
4919,-21.5,15.25,9291175.0
4920,-21.25,15.25,9343885.0
4921,-21.0,15.25,9396623.0
4922,-20.75,15.25,9449377.0
4923,-20.5,15.25,9502149.0
4924,-20.25,15.25,9554952.0
4925,-20.0,15.25,9607766.0
4926,-19.75,15.25,9664386.0
4927,-19.5,15.25,9713464.0
4928,-19.25,15.25,9770125.0
4929,-19.0,15.25,9819251.0
4930,-18.75,15.25,9875960.0
4931,-18.5,15.25,9928892.0
4932,-18.25,15.25,9981809.0
4933,-18.0,15.25,10034716.0
4934,-17.75,15.25,10087605.0
4935,-17.5,15.25,10140484.0
4936,-17.25,15.25,10193345.0
4937,-17.0,15.25,10246195.0
4938,-16.75,15.25,10299029.0
4939,-16.5,15.25,10351848.0
4940,-16.25,15.25,10404653.0
4941,-61.75,15.0,783636.0
4942,-61.5,15.0,836028.0
4943,-61.25,15.0,888436.0
4944,-61.0,15.0,937115.0
4945,-60.75,15.0,993307.0
4946,-60.5,15.0,1045776.0
4947,-60.25,15.0,1098259.0
4948,-60.0,15.0,1147011.0
4949,-59.75,15.0,1203285.0
4950,-59.5,15.0,1255822.0
4951,-59.25,15.0,1304627.0
4952,-59.0,15.0,1360958.0
4953,-58.75,15.0,1413549.0
4954,-58.5,15.0,1462406.0
4955,-58.25,15.0,1518793.0
4956,-58.0,15.0,1571436.0
4957,-57.75,15.0,1624102.0
4958,-57.5,15.0,1676778.0
4959,-57.25,15.0,1729477.0
4960,-57.0,15.0,1782189.0
4961,-56.75,15.0,1834915.0
4962,-56.5,15.0,1887663.0
4963,-56.25,15.0,1940417.0
4964,-56.0,15.0,1993197.0
4965,-55.75,15.0,2045983.0
4966,-55.5,15.0,2098792.0
4967,-55.25,15.0,2151611.0
4968,-55.0,15.0,2208223.0
4969,-54.75,15.0,2257299.0
4970,-54.5,15.0,2313941.0
4971,-54.25,15.0,2363043.0
4972,-54.0,15.0,2419715.0
4973,-53.75,15.0,2472623.0
4974,-53.5,15.0,2525544.0
4975,-53.25,15.0,2578477.0
4976,-53.0,15.0,2631408.0
4977,-52.75,15.0,2684314.0
4978,-52.5,15.0,2737201.0
4979,-52.25,15.0,2790055.0
4980,-52.0,15.0,2842905.0
4981,-51.75,15.0,2895722.0
4982,-51.5,15.0,2952295.0
4983,-51.25,15.0,3001302.0
4984,-51.0,15.0,3057824.0
4985,-50.75,15.0,3110564.0
4986,-50.5,15.0,3163277.0
4987,-50.25,15.0,3215982.0
4988,-50.0,15.0,3268662.0
4989,-49.75,15.0,3321320.0
4990,-49.5,15.0,3373970.0
4991,-49.25,15.0,3426592.0
4992,-49.0,15.0,3482961.0
4993,-48.75,15.0,3531799.0
4994,-48.5,15.0,3588123.0
4995,-48.25,15.0,3640687.0
4996,-48.0,15.0,3693233.0
4997,-47.75,15.0,3745753.0
4998,-47.5,15.0,3798272.0
4999,-47.25,15.0,3850773.0
5000,-47.0,15.0,3906995.0
5001,-46.75,15.0,3959460.0
5002,-46.5,15.0,4008172.0
5003,-46.25,15.0,4064358.0
5004,-46.0,15.0,4116776.0
5005,-45.75,15.0,4169196.0
5006,-45.5,15.0,4221599.0
5007,-45.25,15.0,4273986.0
5008,-45.0,15.0,4330094.0
5009,-44.75,15.0,4378727.0
5010,-44.5,15.0,4434828.0
5011,-44.25,15.0,4487160.0
5012,-44.0,15.0,4539483.0
5013,-43.75,15.0,4591813.0
5014,-43.5,15.0,4644129.0
5015,-43.25,15.0,4696433.0
5016,-43.0,15.0,4752450.0
5017,-42.75,15.0,4804727.0
5018,-42.5,15.0,4857008.0
5019,-42.25,15.0,4909286.0
5020,-42.0,15.0,4961542.0
5021,-41.75,15.0,5013790.0
5022,-41.5,15.0,5069761.0
5023,-41.25,15.0,5121981.0
5024,-41.0,15.0,5174228.0
5025,-40.75,15.0,5226455.0
5026,-40.5,15.0,5278676.0
5027,-40.25,15.0,5330896.0
5028,-40.0,15.0,5383095.0
5029,-39.75,15.0,5439016.0
5030,-39.5,15.0,5491209.0
5031,-39.25,15.0,5543401.0
5032,-39.0,15.0,5595571.0
5033,-38.75,15.0,5647764.0
5034,-38.5,15.0,5699956.0
5035,-38.25,15.0,5752148.0
5036,-38.0,15.0,5804341.0
5037,-37.75,15.0,5860247.0
5038,-37.5,15.0,5912411.0
5039,-37.25,15.0,5964574.0
5040,-37.0,15.0,6016738.0
5041,-36.75,15.0,6068902.0
5042,-36.5,15.0,6121066.0
5043,-36.25,15.0,6176957.0
5044,-36.0,15.0,6229121.0
5045,-35.75,15.0,6281285.0
5046,-35.5,15.0,6333448.0
5047,-35.25,15.0,6385612.0
5048,-35.0,15.0,6437776.0
5049,-34.75,15.0,6489940.0
5050,-34.5,15.0,6545831.0
5051,-34.25,15.0,6597995.0
5052,-34.0,15.0,6650174.0
5053,-33.75,15.0,6702365.0
5054,-33.5,15.0,6754557.0
5055,-33.25,15.0,6806749.0
5056,-33.0,15.0,6862668.0
5057,-32.75,15.0,6914842.0
5058,-32.5,15.0,6967034.0
5059,-32.25,15.0,7019225.0
5060,-32.0,15.0,7071416.0
5061,-31.75,15.0,7123616.0
5062,-31.5,15.0,7175836.0
5063,-31.25,15.0,7228055.0
5064,-31.0,15.0,7284013.0
5065,-30.75,15.0,7336261.0
5066,-30.5,15.0,7388481.0
5067,-30.25,15.0,7440719.0
5068,-30.0,15.0,7492967.0
5069,-29.75,15.0,7545224.0
5070,-29.5,15.0,7601232.0
5071,-29.25,15.0,7653516.0
5072,-29.0,15.0,7705792.0
5073,-28.75,15.0,7758074.0
5074,-28.5,15.0,7810378.0
5075,-28.25,15.0,7862693.0
5076,-28.0,15.0,7918760.0
5077,-27.75,15.0,7971084.0
5078,-27.5,15.0,8023418.0
5079,-27.25,15.0,8075776.0
5080,-27.0,15.0,8128150.0
5081,-26.75,15.0,8180515.0
5082,-26.5,15.0,8232903.0
5083,-26.25,15.0,8285305.0
5084,-26.0,15.0,8341470.0
5085,-25.75,15.0,8393887.0
5086,-25.5,15.0,8446326.0
5087,-25.25,15.0,8498785.0
5088,-25.0,15.0,8551252.0
5089,-24.75,15.0,8603725.0
5090,-24.5,15.0,8656224.0
5091,-24.25,15.0,8712493.0
5092,-24.0,15.0,8761262.0
5093,-23.75,15.0,8817559.0
5094,-23.5,15.0,8870125.0
5095,-23.25,15.0,8922692.0
5096,-23.0,15.0,8975287.0
5097,-22.75,15.0,9027898.0
5098,-22.5,15.0,9080519.0
5099,-22.25,15.0,9136928.0
5100,-22.0,15.0,9185826.0
5101,-21.75,15.0,9242267.0
5102,-21.5,15.0,9294974.0
5103,-21.25,15.0,9347684.0
5104,-21.0,15.0,9400425.0
5105,-20.75,15.0,9453179.0
5106,-20.5,15.0,9505954.0
5107,-20.25,15.0,9558759.0
5108,-20.0,15.0,9611575.0
5109,-19.75,15.0,9664420.0
5110,-19.5,15.0,9721050.0
5111,-19.25,15.0,9770159.0
5112,-19.0,15.0,9826845.0
5113,-18.75,15.0,9879777.0
5114,-18.5,15.0,9932705.0
5115,-18.25,15.0,9985624.0
5116,-18.0,15.0,10038527.0
5117,-17.75,15.0,10091417.0
5118,-17.5,15.0,10144294.0
5119,-17.25,15.0,10197156.0
5120,-17.0,15.0,10250003.0
5121,-16.75,15.0,10302837.0
5122,-16.5,15.0,10355653.0
5123,-16.25,15.0,10408460.0
5124,-61.75,14.75,776190.0
5125,-61.5,14.75,828578.0
5126,-61.25,14.75,880983.0
5127,-61.0,14.75,933404.0
5128,-60.75,14.75,985850.0
5129,-60.5,14.75,1038314.0
5130,-60.25,14.75,1090793.0
5131,-60.0,14.75,1143297.0
5132,-59.75,14.75,1195815.0
5133,-59.5,14.75,1248348.0
5134,-59.25,14.75,1300908.0
5135,-59.0,14.75,1353480.0
5136,-58.75,14.75,1406067.0
5137,-58.5,14.75,1458683.0
5138,-58.25,14.75,1511307.0
5139,-58.0,14.75,1563950.0
5140,-57.75,14.75,1620375.0
5141,-57.5,14.75,1669284.0
5142,-57.25,14.75,1725746.0
5143,-57.0,14.75,1778457.0
5144,-56.75,14.75,1827418.0
5145,-56.5,14.75,1883929.0
5146,-56.25,14.75,1936684.0
5147,-56.0,14.75,1989461.0
5148,-55.75,14.75,2042245.0
5149,-55.5,14.75,2095055.0
5150,-55.25,14.75,2147871.0
5151,-55.0,14.75,2200710.0
5152,-54.75,14.75,2253558.0
5153,-54.5,14.75,2306423.0
5154,-54.25,14.75,2363077.0
5155,-54.0,14.75,2412193.0
5156,-53.75,14.75,2468876.0
5157,-53.5,14.75,2521799.0
5158,-53.25,14.75,2574728.0
5159,-53.0,14.75,2627663.0
5160,-52.75,14.75,2680568.0
5161,-52.5,14.75,2733459.0
5162,-52.25,14.75,2786316.0
5163,-52.0,14.75,2839164.0
5164,-51.75,14.75,2895756.0
5165,-51.5,14.75,2944787.0
5166,-51.25,14.75,3001336.0
5167,-51.0,14.75,3054089.0
5168,-50.75,14.75,3106833.0
5169,-50.5,14.75,3159546.0
5170,-50.25,14.75,3212252.0
5171,-50.0,14.75,3264935.0
5172,-49.75,14.75,3317592.0
5173,-49.5,14.75,3374004.0
5174,-49.25,14.75,3426626.0
5175,-49.0,14.75,3479238.0
5176,-48.75,14.75,3531833.0
5177,-48.5,14.75,3584403.0
5178,-48.25,14.75,3636967.0
5179,-48.0,14.75,3689516.0
5180,-47.75,14.75,3742037.0
5181,-47.5,14.75,3794555.0
5182,-47.25,14.75,3850807.0
5183,-47.0,14.75,3903280.0
5184,-46.75,14.75,3955746.0
5185,-46.5,14.75,4008206.0
5186,-46.25,14.75,4060648.0
5187,-46.0,14.75,4113065.0
5188,-45.75,14.75,4169230.0
5189,-45.5,14.75,4221633.0
5190,-45.25,14.75,4274020.0
5191,-45.0,14.75,4326386.0
5192,-44.75,14.75,4378761.0
5193,-44.5,14.75,4431123.0
5194,-44.25,14.75,4483456.0
5195,-44.0,14.75,4535781.0
5196,-43.75,14.75,4591847.0
5197,-43.5,14.75,4644163.0
5198,-43.25,14.75,4696467.0
5199,-43.0,14.75,4748750.0
5200,-42.75,14.75,4801027.0
5201,-42.5,14.75,4857043.0
5202,-42.25,14.75,4909320.0
5203,-42.0,14.75,4961576.0
5204,-41.75,14.75,5013825.0
5205,-41.5,14.75,5066065.0
5206,-41.25,14.75,5118285.0
5207,-41.0,14.75,5170530.0
5208,-40.75,14.75,5226489.0
5209,-40.5,14.75,5278710.0
5210,-40.25,14.75,5330930.0
5211,-40.0,14.75,5383130.0
5212,-39.75,14.75,5435322.0
5213,-39.5,14.75,5487515.0
5214,-39.25,14.75,5539707.0
5215,-39.0,14.75,5595606.0
5216,-38.75,14.75,5647798.0
5217,-38.5,14.75,5699990.0
5218,-38.25,14.75,5752181.0
5219,-38.0,14.75,5808102.0
5220,-37.75,14.75,5860280.0
5221,-37.5,14.75,5912444.0
5222,-37.25,14.75,5964608.0
5223,-37.0,14.75,6016772.0
5224,-36.75,14.75,6068937.0
5225,-36.5,14.75,6121101.0
5226,-36.25,14.75,6176990.0
5227,-36.0,14.75,6229154.0
5228,-35.75,14.75,6281318.0
5229,-35.5,14.75,6333483.0
5230,-35.25,14.75,6385647.0
5231,-35.0,14.75,6441536.0
5232,-34.75,14.75,6493700.0
5233,-34.5,14.75,6545864.0
5234,-34.25,14.75,6598028.0
5235,-34.0,14.75,6650207.0
5236,-33.75,14.75,6702398.0
5237,-33.5,14.75,6758319.0
5238,-33.25,14.75,6810511.0
5239,-33.0,14.75,6862703.0
5240,-32.75,14.75,6914876.0
5241,-32.5,14.75,6967068.0
5242,-32.25,14.75,7019259.0
5243,-32.0,14.75,7071451.0
5244,-31.75,14.75,7127380.0
5245,-31.5,14.75,7179600.0
5246,-31.25,14.75,7231819.0
5247,-31.0,14.75,7284047.0
5248,-30.75,14.75,7336295.0
5249,-30.5,14.75,7388515.0
5250,-30.25,14.75,7440754.0
5251,-30.0,14.75,7496733.0
5252,-29.75,14.75,7548992.0
5253,-29.5,14.75,7601267.0
5254,-29.25,14.75,7653550.0
5255,-29.0,14.75,7705826.0
5256,-28.75,14.75,7761844.0
5257,-28.5,14.75,7814148.0
5258,-28.25,14.75,7866465.0
5259,-28.0,14.75,7918794.0
5260,-27.75,14.75,7971118.0
5261,-27.5,14.75,8023452.0
5262,-27.25,14.75,8079550.0
5263,-27.0,14.75,8128184.0
5264,-26.75,14.75,8184291.0
5265,-26.5,14.75,8236679.0
5266,-26.25,14.75,8289083.0
5267,-26.0,14.75,8341504.0
5268,-25.75,14.75,8393921.0
5269,-25.5,14.75,8450106.0
5270,-25.25,14.75,8498819.0
5271,-25.0,14.75,8555033.0
5272,-24.75,14.75,8607509.0
5273,-24.5,14.75,8660007.0
5274,-24.25,14.75,8712527.0
5275,-24.0,14.75,8765049.0
5276,-23.75,14.75,8817593.0
5277,-23.5,14.75,8870159.0
5278,-23.25,14.75,8926482.0
5279,-23.0,14.75,8979080.0
5280,-22.75,14.75,9031690.0
5281,-22.5,14.75,9084313.0
5282,-22.25,14.75,9136962.0
5283,-22.0,14.75,9189623.0
5284,-21.75,14.75,9242301.0
5285,-21.5,14.75,9298771.0
5286,-21.25,14.75,9351485.0
5287,-21.0,14.75,9404226.0
5288,-20.75,14.75,9456981.0
5289,-20.5,14.75,9509760.0
5290,-20.25,14.75,9562565.0
5291,-20.0,14.75,9615382.0
5292,-19.75,14.75,9668231.0
5293,-19.5,14.75,9721084.0
5294,-19.25,14.75,9777753.0
5295,-19.0,14.75,9830660.0
5296,-18.75,14.75,9883592.0
5297,-18.5,14.75,9936520.0
5298,-18.25,14.75,9989437.0
5299,-18.0,14.75,10042339.0
5300,-17.75,14.75,10095229.0
5301,-17.5,14.75,10148104.0
5302,-17.25,14.75,10200967.0
5303,-17.0,14.75,10253812.0
5304,-16.75,14.75,10310419.0
5305,-16.5,14.75,10359460.0
5306,-16.25,14.75,10416038.0
5307,-61.75,14.5,772485.0
5308,-61.5,14.5,821129.0
5309,-61.25,14.5,877273.0
5310,-61.0,14.5,929692.0
5311,-60.75,14.5,982140.0
5312,-60.5,14.5,1034600.0
5313,-60.25,14.5,1087078.0
5314,-60.0,14.5,1139581.0
5315,-59.75,14.5,1192097.0
5316,-59.5,14.5,1244629.0
5317,-59.25,14.5,1297188.0
5318,-59.0,14.5,1349759.0
5319,-58.75,14.5,1402346.0
5320,-58.5,14.5,1454958.0
5321,-58.25,14.5,1507582.0
5322,-58.0,14.5,1560225.0
5323,-57.75,14.5,1612885.0
5324,-57.5,14.5,1665556.0
5325,-57.25,14.5,1718252.0
5326,-57.0,14.5,1770960.0
5327,-56.75,14.5,1827452.0
5328,-56.5,14.5,1880196.0
5329,-56.25,14.5,1932949.0
5330,-56.0,14.5,1985726.0
5331,-55.75,14.5,2038508.0
5332,-55.5,14.5,2091318.0
5333,-55.25,14.5,2144132.0
5334,-55.0,14.5,2196970.0
5335,-54.75,14.5,2249815.0
5336,-54.5,14.5,2302682.0
5337,-54.25,14.5,2355555.0
5338,-54.0,14.5,2408450.0
5339,-53.75,14.5,2465131.0
5340,-53.5,14.5,2518052.0
5341,-53.25,14.5,2570981.0
5342,-53.0,14.5,2623916.0
5343,-52.75,14.5,2676822.0
5344,-52.5,14.5,2729718.0
5345,-52.25,14.5,2782575.0
5346,-52.0,14.5,2835425.0
5347,-51.75,14.5,2888246.0
5348,-51.5,14.5,2944822.0
5349,-51.25,14.5,2997601.0
5350,-51.0,14.5,3050356.0
5351,-50.75,14.5,3103101.0
5352,-50.5,14.5,3155816.0
5353,-50.25,14.5,3208523.0
5354,-50.0,14.5,3261206.0
5355,-49.75,14.5,3317626.0
5356,-49.5,14.5,3370277.0
5357,-49.25,14.5,3422903.0
5358,-49.0,14.5,3475513.0
5359,-48.75,14.5,3528111.0
5360,-48.5,14.5,3580682.0
5361,-48.25,14.5,3633248.0
5362,-48.0,14.5,3685797.0
5363,-47.75,14.5,3742071.0
5364,-47.5,14.5,3794589.0
5365,-47.25,14.5,3847090.0
5366,-47.0,14.5,3899566.0
5367,-46.75,14.5,3952033.0
5368,-46.5,14.5,4004494.0
5369,-46.25,14.5,4060682.0
5370,-46.0,14.5,4113099.0
5371,-45.75,14.5,4165519.0
5372,-45.5,14.5,4217925.0
5373,-45.25,14.5,4270313.0
5374,-45.0,14.5,4326420.0
5375,-44.75,14.5,4375055.0
5376,-44.5,14.5,4431157.0
5377,-44.25,14.5,4483490.0
5378,-44.0,14.5,4535815.0
5379,-43.75,14.5,4588143.0
5380,-43.5,14.5,4640460.0
5381,-43.25,14.5,4696502.0
5382,-43.0,14.5,4748784.0
5383,-42.75,14.5,4801061.0
5384,-42.5,14.5,4853343.0
5385,-42.25,14.5,4905619.0
5386,-42.0,14.5,4957878.0
5387,-41.75,14.5,5013859.0
5388,-41.5,14.5,5066098.0
5389,-41.25,14.5,5118319.0
5390,-41.0,14.5,5170565.0
5391,-40.75,14.5,5222793.0
5392,-40.5,14.5,5275014.0
5393,-40.25,14.5,5330965.0
5394,-40.0,14.5,5383164.0
5395,-39.75,14.5,5435356.0
5396,-39.5,14.5,5487548.0
5397,-39.25,14.5,5543469.0
5398,-39.0,14.5,5595639.0
5399,-38.75,14.5,5647831.0
5400,-38.5,14.5,5700024.0
5401,-38.25,14.5,5752216.0
5402,-38.0,14.5,5804408.0
5403,-37.75,14.5,5856587.0
5404,-37.5,14.5,5908752.0
5405,-37.25,14.5,5964642.0
5406,-37.0,14.5,6016806.0
5407,-36.75,14.5,6068970.0
5408,-36.5,14.5,6121134.0
5409,-36.25,14.5,6173298.0
5410,-36.0,14.5,6229189.0
5411,-35.75,14.5,6281352.0
5412,-35.5,14.5,6333516.0
5413,-35.25,14.5,6385680.0
5414,-35.0,14.5,6437844.0
5415,-34.75,14.5,6490008.0
5416,-34.5,14.5,6545898.0
5417,-34.25,14.5,6598061.0
5418,-34.0,14.5,6650241.0
5419,-33.75,14.5,6702433.0
5420,-33.5,14.5,6754625.0
5421,-33.25,14.5,6810544.0
5422,-33.0,14.5,6862736.0
5423,-32.75,14.5,6914910.0
5424,-32.5,14.5,6970829.0
5425,-32.25,14.5,7023021.0
5426,-32.0,14.5,7075213.0
5427,-31.75,14.5,7127415.0
5428,-31.5,14.5,7179634.0
5429,-31.25,14.5,7231853.0
5430,-31.0,14.5,7284082.0
5431,-30.75,14.5,7340059.0
5432,-30.5,14.5,7392278.0
5433,-30.25,14.5,7444520.0
5434,-30.0,14.5,7496767.0
5435,-29.75,14.5,7549025.0
5436,-29.5,14.5,7601301.0
5437,-29.25,14.5,7657319.0
5438,-29.0,14.5,7709594.0
5439,-28.75,14.5,7761879.0
5440,-28.5,14.5,7814181.0
5441,-28.25,14.5,7866499.0
5442,-28.0,14.5,7922564.0
5443,-27.75,14.5,7974890.0
5444,-27.5,14.5,8027226.0
5445,-27.25,14.5,8079584.0
5446,-27.0,14.5,8131960.0
5447,-26.75,14.5,8184325.0
5448,-26.5,14.5,8236713.0
5449,-26.25,14.5,8292860.0
5450,-26.0,14.5,8345284.0
5451,-25.75,14.5,8397699.0
5452,-25.5,14.5,8450140.0
5453,-25.25,14.5,8502602.0
5454,-25.0,14.5,8555067.0
5455,-24.75,14.5,8607542.0
5456,-24.5,14.5,8663792.0
5457,-24.25,14.5,8716311.0
5458,-24.0,14.5,8768834.0
5459,-23.75,14.5,8821382.0
5460,-23.5,14.5,8873946.0
5461,-23.25,14.5,8926516.0
5462,-23.0,14.5,8982871.0
5463,-22.75,14.5,9035483.0
5464,-22.5,14.5,9088106.0
5465,-22.25,14.5,9140758.0
5466,-22.0,14.5,9193418.0
5467,-21.75,14.5,9246100.0
5468,-21.5,14.5,9298805.0
5469,-21.25,14.5,9351519.0
5470,-21.0,14.5,9408029.0
5471,-20.75,14.5,9460782.0
5472,-20.5,14.5,9513567.0
5473,-20.25,14.5,9566371.0
5474,-20.0,14.5,9619191.0
5475,-19.75,14.5,9672039.0
5476,-19.5,14.5,9724895.0
5477,-19.25,14.5,9777787.0
5478,-19.0,14.5,9834473.0
5479,-18.75,14.5,9887409.0
5480,-18.5,14.5,9940333.0
5481,-18.25,14.5,9993252.0
5482,-18.0,14.5,10046152.0
5483,-17.75,14.5,10099041.0
5484,-17.5,14.5,10151915.0
5485,-17.25,14.5,10204776.0
5486,-17.0,14.5,10261394.0
5487,-16.75,14.5,10310454.0
5488,-16.5,14.5,10367039.0
5489,-16.25,14.5,10416072.0
5490,-61.75,14.25,765039.0
5491,-61.5,14.25,817422.0
5492,-61.25,14.25,869819.0
5493,-61.0,14.25,922239.0
5494,-60.75,14.25,974682.0
5495,-60.5,14.25,1027138.0
5496,-60.25,14.25,1079614.0
5497,-60.0,14.25,1132115.0
5498,-59.75,14.25,1188381.0
5499,-59.5,14.25,1237159.0
5500,-59.25,14.25,1289714.0
5501,-59.0,14.25,1346038.0
5502,-58.75,14.25,1398625.0
5503,-58.5,14.25,1451234.0
5504,-58.25,14.25,1503857.0
5505,-58.0,14.25,1556500.0
5506,-57.75,14.25,1609157.0
5507,-57.5,14.25,1661828.0
5508,-57.25,14.25,1714524.0
5509,-57.0,14.25,1767229.0
5510,-56.75,14.25,1819954.0
5511,-56.5,14.25,1872694.0
5512,-56.25,14.25,1929216.0
5513,-56.0,14.25,1978220.0
5514,-55.75,14.25,2034773.0
5515,-55.5,14.25,2087581.0
5516,-55.25,14.25,2140392.0
5517,-55.0,14.25,2193230.0
5518,-54.75,14.25,2246074.0
5519,-54.5,14.25,2298939.0
5520,-54.25,14.25,2351812.0
5521,-54.0,14.25,2404705.0
5522,-53.75,14.25,2457605.0
5523,-53.5,14.25,2514307.0
5524,-53.25,14.25,2567232.0
5525,-53.0,14.25,2620171.0
5526,-52.75,14.25,2673077.0
5527,-52.5,14.25,2725975.0
5528,-52.25,14.25,2778836.0
5529,-52.0,14.25,2831684.0
5530,-51.75,14.25,2888280.0
5531,-51.5,14.25,2941085.0
5532,-51.25,14.25,2993868.0
5533,-51.0,14.25,3046622.0
5534,-50.75,14.25,3099368.0
5535,-50.5,14.25,3152087.0
5536,-50.25,14.25,3204792.0
5537,-50.0,14.25,3261240.0
5538,-49.75,14.25,3313897.0
5539,-49.5,14.25,3366552.0
5540,-49.25,14.25,3419179.0
5541,-49.0,14.25,3471789.0
5542,-48.75,14.25,3528145.0
5543,-48.5,14.25,3576963.0
5544,-48.25,14.25,3633282.0
5545,-48.0,14.25,3685831.0
5546,-47.75,14.25,3738355.0
5547,-47.5,14.25,3790873.0
5548,-47.25,14.25,3847124.0
5549,-47.0,14.25,3895853.0
5550,-46.75,14.25,3952067.0
5551,-46.5,14.25,4004528.0
5552,-46.25,14.25,4056971.0
5553,-46.0,14.25,4109388.0
5554,-45.75,14.25,4161809.0
5555,-45.5,14.25,4217959.0
5556,-45.25,14.25,4270347.0
5557,-45.0,14.25,4322712.0
5558,-44.75,14.25,4375088.0
5559,-44.5,14.25,4427451.0
5560,-44.25,14.25,4479786.0
5561,-44.0,14.25,4532113.0
5562,-43.75,14.25,4588177.0
5563,-43.5,14.25,4640494.0
5564,-43.25,14.25,4692800.0
5565,-43.0,14.25,4745084.0
5566,-42.75,14.25,4797361.0
5567,-42.5,14.25,4853377.0
5568,-42.25,14.25,4905653.0
5569,-42.0,14.25,4957912.0
5570,-41.75,14.25,5010161.0
5571,-41.5,14.25,5062402.0
5572,-41.25,14.25,5114623.0
5573,-41.0,14.25,5170599.0
5574,-40.75,14.25,5222827.0
5575,-40.5,14.25,5275046.0
5576,-40.25,14.25,5330998.0
5577,-40.0,14.25,5383197.0
5578,-39.75,14.25,5435389.0
5579,-39.5,14.25,5487582.0
5580,-39.25,14.25,5539775.0
5581,-39.0,14.25,5591945.0
5582,-38.75,14.25,5647866.0
5583,-38.5,14.25,5700058.0
5584,-38.25,14.25,5752250.0
5585,-38.0,14.25,5804441.0
5586,-37.75,14.25,5860347.0
5587,-37.5,14.25,5912511.0
5588,-37.25,14.25,5964676.0
5589,-37.0,14.25,6016840.0
5590,-36.75,14.25,6069004.0
5591,-36.5,14.25,6124894.0
5592,-36.25,14.25,6177058.0
5593,-36.0,14.25,6229222.0
5594,-35.75,14.25,6281386.0
5595,-35.5,14.25,6333550.0
5596,-35.25,14.25,6389440.0
5597,-35.0,14.25,6441604.0
5598,-34.75,14.25,6493768.0
5599,-34.5,14.25,6545931.0
5600,-34.25,14.25,6598095.0
5601,-34.0,14.25,6650274.0
5602,-33.75,14.25,6706195.0
5603,-33.5,14.25,6758387.0
5604,-33.25,14.25,6810579.0
5605,-33.0,14.25,6862770.0
5606,-32.75,14.25,6914944.0
5607,-32.5,14.25,6967135.0
5608,-32.25,14.25,7023054.0
5609,-32.0,14.25,7075246.0
5610,-31.75,14.25,7127448.0
5611,-31.5,14.25,7179666.0
5612,-31.25,14.25,7235617.0
5613,-31.0,14.25,7287848.0
5614,-30.75,14.25,7340093.0
5615,-30.5,14.25,7392312.0
5616,-30.25,14.25,7444554.0
5617,-30.0,14.25,7500533.0
5618,-29.75,14.25,7552793.0
5619,-29.5,14.25,7605069.0
5620,-29.25,14.25,7657353.0
5621,-29.0,14.25,7709628.0
5622,-28.75,14.25,7761913.0
5623,-28.5,14.25,7817951.0
5624,-28.25,14.25,7870271.0
5625,-28.0,14.25,7922598.0
5626,-27.75,14.25,7974924.0
5627,-27.5,14.25,8027260.0
5628,-27.25,14.25,8079617.0
5629,-27.0,14.25,8131994.0
5630,-26.75,14.25,8188101.0
5631,-26.5,14.25,8240489.0
5632,-26.25,14.25,8292894.0
5633,-26.0,14.25,8345317.0
5634,-25.75,14.25,8401477.0
5635,-25.5,14.25,8453920.0
5636,-25.25,14.25,8506384.0
5637,-25.0,14.25,8558850.0
5638,-24.75,14.25,8611326.0
5639,-24.5,14.25,8663826.0
5640,-24.25,14.25,8716345.0
5641,-24.0,14.25,8772620.0
5642,-23.75,14.25,8825170.0
5643,-23.5,14.25,8877735.0
5644,-23.25,14.25,8930306.0
5645,-23.0,14.25,8982905.0
5646,-22.75,14.25,9035517.0
5647,-22.5,14.25,9091901.0
5648,-22.25,14.25,9144553.0
5649,-22.0,14.25,9197214.0
5650,-21.75,14.25,9249897.0
5651,-21.5,14.25,9302604.0
5652,-21.25,14.25,9355318.0
5653,-21.0,14.25,9408063.0
5654,-20.75,14.25,9464587.0
5655,-20.5,14.25,9517374.0
5656,-20.25,14.25,9570177.0
5657,-20.0,14.25,9622998.0
5658,-19.75,14.25,9675848.0
5659,-19.5,14.25,9728704.0
5660,-19.25,14.25,9781602.0
5661,-19.0,14.25,9838288.0
5662,-18.75,14.25,9891224.0
5663,-18.5,14.25,9944148.0
5664,-18.25,14.25,9997066.0
5665,-18.0,14.25,10049963.0
5666,-17.75,14.25,10102854.0
5667,-17.5,14.25,10155724.0
5668,-17.25,14.25,10208587.0
5669,-17.0,14.25,10261428.0
5670,-16.75,14.25,10318036.0
5671,-16.5,14.25,10370846.0
5672,-16.25,14.25,10423649.0
5673,-61.75,14.0,761334.0
5674,-61.5,14.0,813715.0
5675,-61.25,14.0,862366.0
5676,-61.0,14.0,918529.0
5677,-60.75,14.0,970970.0
5678,-60.5,14.0,1023427.0
5679,-60.25,14.0,1075900.0
5680,-60.0,14.0,1128400.0
5681,-59.75,14.0,1180911.0
5682,-59.5,14.0,1233442.0
5683,-59.25,14.0,1285995.0
5684,-59.0,14.0,1338560.0
5685,-58.75,14.0,1391147.0
5686,-58.5,14.0,1447511.0
5687,-58.25,14.0,1496371.0
5688,-58.0,14.0,1552773.0
5689,-57.75,14.0,1605430.0
5690,-57.5,14.0,1658100.0
5691,-57.25,14.0,1710794.0
5692,-57.0,14.0,1763496.0
5693,-56.75,14.0,1816223.0
5694,-56.5,14.0,1868959.0
5695,-56.25,14.0,1921714.0
5696,-56.0,14.0,1978255.0
5697,-55.75,14.0,2027267.0
5698,-55.5,14.0,2083842.0
5699,-55.25,14.0,2136653.0
5700,-55.0,14.0,2189490.0
5701,-54.75,14.0,2242332.0
5702,-54.5,14.0,2295198.0
5703,-54.25,14.0,2348067.0
5704,-54.0,14.0,2400962.0
5705,-53.75,14.0,2457639.0
5706,-53.5,14.0,2510560.0
5707,-53.25,14.0,2563485.0
5708,-53.0,14.0,2616425.0
5709,-52.75,14.0,2669331.0
5710,-52.5,14.0,2722233.0
5711,-52.25,14.0,2775095.0
5712,-52.0,14.0,2831718.0
5713,-51.75,14.0,2884543.0
5714,-51.5,14.0,2937346.0
5715,-51.25,14.0,2990134.0
5716,-51.0,14.0,3042888.0
5717,-50.75,14.0,3095637.0
5718,-50.5,14.0,3148356.0
5719,-50.25,14.0,3204826.0
5720,-50.0,14.0,3257513.0
5721,-49.75,14.0,3310170.0
5722,-49.5,14.0,3362826.0
5723,-49.25,14.0,3415454.0
5724,-49.0,14.0,3471823.0
5725,-48.75,14.0,3520667.0
5726,-48.5,14.0,3576997.0
5727,-48.25,14.0,3629561.0
5728,-48.0,14.0,3682112.0
5729,-47.75,14.0,3734638.0
5730,-47.5,14.0,3790907.0
5731,-47.25,14.0,3839658.0
5732,-47.0,14.0,3895887.0
5733,-46.75,14.0,3948352.0
5734,-46.5,14.0,4000816.0
5735,-46.25,14.0,4053261.0
5736,-46.0,14.0,4109422.0
5737,-45.75,14.0,4161843.0
5738,-45.5,14.0,4214251.0
5739,-45.25,14.0,4266639.0
5740,-45.0,14.0,4322746.0
5741,-44.75,14.0,4375122.0
5742,-44.5,14.0,4427485.0
5743,-44.25,14.0,4479820.0
5744,-44.0,14.0,4532146.0
5745,-43.75,14.0,4584473.0
5746,-43.5,14.0,4636792.0
5747,-43.25,14.0,4692834.0
5748,-43.0,14.0,4745118.0
5749,-42.75,14.0,4797395.0
5750,-42.5,14.0,4849677.0
5751,-42.25,14.0,4901953.0
5752,-42.0,14.0,4957947.0
5753,-41.75,14.0,5010195.0
5754,-41.5,14.0,5062435.0
5755,-41.25,14.0,5118387.0
5756,-41.0,14.0,5170632.0
5757,-40.75,14.0,5222860.0
5758,-40.5,14.0,5275081.0
5759,-40.25,14.0,5327302.0
5760,-40.0,14.0,5379503.0
5761,-39.75,14.0,5435424.0
5762,-39.5,14.0,5487616.0
5763,-39.25,14.0,5539808.0
5764,-39.0,14.0,5591980.0
5765,-38.75,14.0,5647899.0
5766,-38.5,14.0,5700091.0
5767,-38.25,14.0,5752283.0
5768,-38.0,14.0,5804476.0
5769,-37.75,14.0,5856655.0
5770,-37.5,14.0,5908819.0
5771,-37.25,14.0,5960983.0
5772,-37.0,14.0,6016874.0
5773,-36.75,14.0,6069038.0
5774,-36.5,14.0,6121202.0
5775,-36.25,14.0,6173366.0
5776,-36.0,14.0,6229257.0
5777,-35.75,14.0,6281420.0
5778,-35.5,14.0,6333584.0
5779,-35.25,14.0,6385748.0
5780,-35.0,14.0,6437912.0
5781,-34.75,14.0,6493801.0
5782,-34.5,14.0,6545965.0
5783,-34.25,14.0,6598129.0
5784,-34.0,14.0,6650309.0
5785,-33.75,14.0,6706228.0
5786,-33.5,14.0,6758420.0
5787,-33.25,14.0,6810612.0
5788,-33.0,14.0,6862805.0
5789,-32.75,14.0,6918705.0
5790,-32.5,14.0,6970897.0
5791,-32.25,14.0,7023089.0
5792,-32.0,14.0,7075280.0
5793,-31.75,14.0,7127482.0
5794,-31.5,14.0,7179701.0
5795,-31.25,14.0,7235650.0
5796,-31.0,14.0,7287881.0
5797,-30.75,14.0,7340127.0
5798,-30.5,14.0,7392345.0
5799,-30.25,14.0,7448320.0
5800,-30.0,14.0,7500568.0
5801,-29.75,14.0,7552827.0
5802,-29.5,14.0,7605103.0
5803,-29.25,14.0,7661121.0
5804,-29.0,14.0,7713396.0
5805,-28.75,14.0,7765683.0
5806,-28.5,14.0,7817985.0
5807,-28.25,14.0,7870305.0
5808,-28.0,14.0,7926367.0
5809,-27.75,14.0,7978696.0
5810,-27.5,14.0,8031034.0
5811,-27.25,14.0,8083391.0
5812,-27.0,14.0,8135770.0
5813,-26.75,14.0,8188135.0
5814,-26.5,14.0,8240523.0
5815,-26.25,14.0,8296672.0
5816,-26.0,14.0,8349095.0
5817,-25.75,14.0,8401511.0
5818,-25.5,14.0,8453954.0
5819,-25.25,14.0,8510165.0
5820,-25.0,14.0,8562632.0
5821,-24.75,14.0,8615110.0
5822,-24.5,14.0,8667612.0
5823,-24.25,14.0,8720128.0
5824,-24.0,14.0,8772653.0
5825,-23.75,14.0,8828957.0
5826,-23.5,14.0,8881523.0
5827,-23.25,14.0,8934096.0
5828,-23.0,14.0,8986697.0
5829,-22.75,14.0,9039308.0
5830,-22.5,14.0,9091935.0
5831,-22.25,14.0,9148350.0
5832,-22.0,14.0,9201011.0
5833,-21.75,14.0,9253695.0
5834,-21.5,14.0,9306401.0
5835,-21.25,14.0,9359119.0
5836,-21.0,14.0,9415634.0
5837,-20.75,14.0,9464622.0
5838,-20.5,14.0,9521179.0
5839,-20.25,14.0,9573984.0
5840,-20.0,14.0,9626806.0
5841,-19.75,14.0,9679655.0
5842,-19.5,14.0,9732517.0
5843,-19.25,14.0,9785415.0
5844,-19.0,14.0,9838322.0
5845,-18.75,14.0,9895041.0
5846,-18.5,14.0,9947961.0
5847,-18.25,14.0,10000880.0
5848,-18.0,14.0,10053776.0
5849,-17.75,14.0,10106665.0
5850,-17.5,14.0,10159535.0
5851,-17.25,14.0,10216173.0
5852,-17.0,14.0,10269010.0
5853,-16.75,14.0,10321845.0
5854,-16.5,14.0,10374651.0
5855,-16.25,14.0,10427453.0
5856,-61.75,13.75,753888.0
5857,-61.5,13.75,806265.0
5858,-61.25,13.75,858658.0
5859,-61.0,13.75,911075.0
5860,-60.75,13.75,963513.0
5861,-60.5,13.75,1015965.0
5862,-60.25,13.75,1072187.0
5863,-60.0,13.75,1120934.0
5864,-59.75,13.75,1177193.0
5865,-59.5,13.75,1229724.0
5866,-59.25,13.75,1282276.0
5867,-59.0,13.75,1334838.0
5868,-58.75,13.75,1387425.0
5869,-58.5,13.75,1440030.0
5870,-58.25,13.75,1492646.0
5871,-58.0,13.75,1545287.0
5872,-57.75,13.75,1597940.0
5873,-57.5,13.75,1654373.0
5874,-57.25,13.75,1707065.0
5875,-57.0,13.75,1759764.0
5876,-56.75,13.75,1812491.0
5877,-56.5,13.75,1865226.0
5878,-56.25,13.75,1917981.0
5879,-56.0,13.75,1970749.0
5880,-55.75,13.75,2023532.0
5881,-55.5,13.75,2076332.0
5882,-55.25,13.75,2132914.0
5883,-55.0,13.75,2185751.0
5884,-54.75,13.75,2238590.0
5885,-54.5,13.75,2291456.0
5886,-54.25,13.75,2344324.0
5887,-54.0,13.75,2400996.0
5888,-53.75,13.75,2450113.0
5889,-53.5,13.75,2506815.0
5890,-53.25,13.75,2559736.0
5891,-53.0,13.75,2612679.0
5892,-52.75,13.75,2665588.0
5893,-52.5,13.75,2718488.0
5894,-52.25,13.75,2771356.0
5895,-52.0,13.75,2827979.0
5896,-51.75,13.75,2880804.0
5897,-51.5,13.75,2933608.0
5898,-51.25,13.75,2986398.0
5899,-51.0,13.75,3039154.0
5900,-50.75,13.75,3095671.0
5901,-50.5,13.75,3148390.0
5902,-50.25,13.75,3201097.0
5903,-50.0,13.75,3253784.0
5904,-49.75,13.75,3306442.0
5905,-49.5,13.75,3359099.0
5906,-49.25,13.75,3415488.0
5907,-49.0,13.75,3468100.0
5908,-48.75,13.75,3520701.0
5909,-48.5,13.75,3573277.0
5910,-48.25,13.75,3625841.0
5911,-48.0,13.75,3682146.0
5912,-47.75,13.75,3734672.0
5913,-47.5,13.75,3787190.0
5914,-47.25,13.75,3839692.0
5915,-47.0,13.75,3892173.0
5916,-46.75,13.75,3944638.0
5917,-46.5,13.75,4000850.0
5918,-46.25,13.75,4053295.0
5919,-46.0,13.75,4105712.0
5920,-45.75,13.75,4158133.0
5921,-45.5,13.75,4214284.0
5922,-45.25,13.75,4266673.0
5923,-45.0,13.75,4319038.0
5924,-44.75,13.75,4371416.0
5925,-44.5,13.75,4427517.0
5926,-44.25,13.75,4479853.0
5927,-44.0,13.75,4532179.0
5928,-43.75,13.75,4584507.0
5929,-43.5,13.75,4636826.0
5930,-43.25,13.75,4692867.0
5931,-43.0,13.75,4745151.0
5932,-42.75,13.75,4797428.0
5933,-42.5,13.75,4849710.0
5934,-42.25,13.75,4901986.0
5935,-42.0,13.75,4957980.0
5936,-41.75,13.75,5010228.0
5937,-41.5,13.75,5062469.0
5938,-41.25,13.75,5114690.0
5939,-41.0,13.75,5166934.0
5940,-40.75,13.75,5222895.0
5941,-40.5,13.75,5275115.0
5942,-40.25,13.75,5327336.0
5943,-40.0,13.75,5379538.0
5944,-39.75,13.75,5431730.0
5945,-39.5,13.75,5487649.0
5946,-39.25,13.75,5539842.0
5947,-39.0,13.75,5592013.0
5948,-38.75,13.75,5644205.0
5949,-38.5,13.75,5696397.0
5950,-38.25,13.75,5752318.0
5951,-38.0,13.75,5804510.0
5952,-37.75,13.75,5856688.0
5953,-37.5,13.75,5912579.0
5954,-37.25,13.75,5964743.0
5955,-37.0,13.75,6016907.0
5956,-36.75,13.75,6069071.0
5957,-36.5,13.75,6124962.0
5958,-36.25,13.75,6177126.0
5959,-36.0,13.75,6229290.0
5960,-35.75,13.75,6281454.0
5961,-35.5,13.75,6333618.0
5962,-35.25,13.75,6389507.0
5963,-35.0,13.75,6441671.0
5964,-34.75,13.75,6493835.0
5965,-34.5,13.75,6545999.0
5966,-34.25,13.75,6598162.0
5967,-34.0,13.75,6654071.0
5968,-33.75,13.75,6706263.0
5969,-33.5,13.75,6758454.0
5970,-33.25,13.75,6810646.0
5971,-33.0,13.75,6862838.0
5972,-32.75,13.75,6915011.0
5973,-32.5,13.75,6970930.0
5974,-32.25,13.75,7023123.0
5975,-32.0,13.75,7075315.0
5976,-31.75,13.75,7131246.0
5977,-31.5,13.75,7183465.0
5978,-31.25,13.75,7235685.0
5979,-31.0,13.75,7287915.0
5980,-30.75,13.75,7340160.0
5981,-30.5,13.75,7396109.0
5982,-30.25,13.75,7448353.0
5983,-30.0,13.75,7500601.0
5984,-29.75,13.75,7552860.0
5985,-29.5,13.75,7605136.0
5986,-29.25,13.75,7657420.0
5987,-29.0,13.75,7713429.0
5988,-28.75,13.75,7765716.0
5989,-28.5,13.75,7821755.0
5990,-28.25,13.75,7874077.0
5991,-28.0,13.75,7926400.0
5992,-27.75,13.75,7978729.0
5993,-27.5,13.75,8031066.0
5994,-27.25,13.75,8083425.0
5995,-27.0,13.75,8135804.0
5996,-26.75,13.75,8191911.0
5997,-26.5,13.75,8244298.0
5998,-26.25,13.75,8296706.0
5999,-26.0,13.75,8349129.0
6000,-25.75,13.75,8405291.0
6001,-25.5,13.75,8457734.0
6002,-25.25,13.75,8510199.0
6003,-25.0,13.75,8562666.0
6004,-24.75,13.75,8618894.0
6005,-24.5,13.75,8671399.0
6006,-24.25,13.75,8723912.0
6007,-24.0,13.75,8776439.0
6008,-23.75,13.75,8828991.0
6009,-23.5,13.75,8881557.0
6010,-23.25,13.75,8937886.0
6011,-23.0,13.75,8990490.0
6012,-22.75,13.75,9043100.0
6013,-22.5,13.75,9095728.0
6014,-22.25,13.75,9148384.0
6015,-22.0,13.75,9204806.0
6016,-21.75,13.75,9257494.0
6017,-21.5,13.75,9310199.0
6018,-21.25,13.75,9362919.0
6019,-21.0,13.75,9415668.0
6020,-20.75,13.75,9472196.0
6021,-20.5,13.75,9521213.0
6022,-20.25,13.75,9577789.0
6023,-20.0,13.75,9630615.0
6024,-19.75,13.75,9683464.0
6025,-19.5,13.75,9736328.0
6026,-19.25,13.75,9789230.0
6027,-19.0,13.75,9845916.0
6028,-18.75,13.75,9898856.0
6029,-18.5,13.75,9951776.0
6030,-18.25,13.75,10004694.0
6031,-18.0,13.75,10057588.0
6032,-17.75,13.75,10110478.0
6033,-17.5,13.75,10167121.0
6034,-17.25,13.75,10216207.0
6035,-17.0,13.75,10272819.0
6036,-16.75,13.75,10325651.0
6037,-16.5,13.75,10378457.0
6038,-16.25,13.75,10431258.0
6039,-61.75,13.5,750182.0
6040,-61.5,13.5,802558.0
6041,-61.25,13.5,854949.0
6042,-61.0,13.5,907367.0
6043,-60.75,13.5,959801.0
6044,-60.5,13.5,1012251.0
6045,-60.25,13.5,1064726.0
6046,-60.0,13.5,1117219.0
6047,-59.75,13.5,1173476.0
6048,-59.5,13.5,1222255.0
6049,-59.25,13.5,1274802.0
6050,-59.0,13.5,1331117.0
6051,-58.75,13.5,1383705.0
6052,-58.5,13.5,1436306.0
6053,-58.25,13.5,1488921.0
6054,-58.0,13.5,1541562.0
6055,-57.75,13.5,1594214.0
6056,-57.5,13.5,1646883.0
6057,-57.25,13.5,1699571.0
6058,-57.0,13.5,1756033.0
6059,-56.75,13.5,1804993.0
6060,-56.5,13.5,1861493.0
6061,-56.25,13.5,1914247.0
6062,-56.0,13.5,1967014.0
6063,-55.75,13.5,2019795.0
6064,-55.5,13.5,2072595.0
6065,-55.25,13.5,2129177.0
6066,-55.0,13.5,2182010.0
6067,-54.75,13.5,2234849.0
6068,-54.5,13.5,2287714.0
6069,-54.25,13.5,2340580.0
6070,-54.0,13.5,2393474.0
6071,-53.75,13.5,2450147.0
6072,-53.5,13.5,2499289.0
6073,-53.25,13.5,2555991.0
6074,-53.0,13.5,2608933.0
6075,-52.75,13.5,2661843.0
6076,-52.5,13.5,2714745.0
6077,-52.25,13.5,2771390.0
6078,-52.0,13.5,2824238.0
6079,-51.75,13.5,2877067.0
6080,-51.5,13.5,2929870.0
6081,-51.25,13.5,2982662.0
6082,-51.0,13.5,3039188.0
6083,-50.75,13.5,3088173.0
6084,-50.5,13.5,3144661.0
6085,-50.25,13.5,3197366.0
6086,-50.0,13.5,3250056.0
6087,-49.75,13.5,3306476.0
6088,-49.5,13.5,3355374.0
6089,-49.25,13.5,3411765.0
6090,-49.0,13.5,3464375.0
6091,-48.75,13.5,3516979.0
6092,-48.5,13.5,3569556.0
6093,-48.25,13.5,3625875.0
6094,-48.0,13.5,3678428.0
6095,-47.75,13.5,3730957.0
6096,-47.5,13.5,3783472.0
6097,-47.25,13.5,3835976.0
6098,-47.0,13.5,3892207.0
6099,-46.75,13.5,3944672.0
6100,-46.5,13.5,3997138.0
6101,-46.25,13.5,4049583.0
6102,-46.0,13.5,4105746.0
6103,-45.75,13.5,4158167.0
6104,-45.5,13.5,4210576.0
6105,-45.25,13.5,4262965.0
6106,-45.0,13.5,4319071.0
6107,-44.75,13.5,4371450.0
6108,-44.5,13.5,4423811.0
6109,-44.25,13.5,4476149.0
6110,-44.0,13.5,4528477.0
6111,-43.75,13.5,4584540.0
6112,-43.5,13.5,4636859.0
6113,-43.25,13.5,4689165.0
6114,-43.0,13.5,4741451.0
6115,-42.75,13.5,4797462.0
6116,-42.5,13.5,4849744.0
6117,-42.25,13.5,4902020.0
6118,-42.0,13.5,4954281.0
6119,-41.75,13.5,5006530.0
6120,-41.5,13.5,5062504.0
6121,-41.25,13.5,5114724.0
6122,-41.0,13.5,5166968.0
6123,-40.75,13.5,5219199.0
6124,-40.5,13.5,5271419.0
6125,-40.25,13.5,5327368.0
6126,-40.0,13.5,5379571.0
6127,-39.75,13.5,5431763.0
6128,-39.5,13.5,5483955.0
6129,-39.25,13.5,5539876.0
6130,-39.0,13.5,5592046.0
6131,-38.75,13.5,5644239.0
6132,-38.5,13.5,5696432.0
6133,-38.25,13.5,5752351.0
6134,-38.0,13.5,5804543.0
6135,-37.75,13.5,5856723.0
6136,-37.5,13.5,5908887.0
6137,-37.25,13.5,5961051.0
6138,-37.0,13.5,6016940.0
6139,-36.75,13.5,6069105.0
6140,-36.5,13.5,6121269.0
6141,-36.25,13.5,6173433.0
6142,-36.0,13.5,6229322.0
6143,-35.75,13.5,6281487.0
6144,-35.5,13.5,6333651.0
6145,-35.25,13.5,6385815.0
6146,-35.0,13.5,6441704.0
6147,-34.75,13.5,6493869.0
6148,-34.5,13.5,6546033.0
6149,-34.25,13.5,6598197.0
6150,-34.0,13.5,6654104.0
6151,-33.75,13.5,6706296.0
6152,-33.5,13.5,6758489.0
6153,-33.25,13.5,6814408.0
6154,-33.0,13.5,6866599.0
6155,-32.75,13.5,6918773.0
6156,-32.5,13.5,6970964.0
6157,-32.25,13.5,7023156.0
6158,-32.0,13.5,7075348.0
6159,-31.75,13.5,7131278.0
6160,-31.5,13.5,7183499.0
6161,-31.25,13.5,7235719.0
6162,-31.0,13.5,7291681.0
6163,-30.75,13.5,7343924.0
6164,-30.5,13.5,7396144.0
6165,-30.25,13.5,7448387.0
6166,-30.0,13.5,7500634.0
6167,-29.75,13.5,7556628.0
6168,-29.5,13.5,7608904.0
6169,-29.25,13.5,7661188.0
6170,-29.0,13.5,7713463.0
6171,-28.75,13.5,7765750.0
6172,-28.5,13.5,7821788.0
6173,-28.25,13.5,7874110.0
6174,-28.0,13.5,7926434.0
6175,-27.75,13.5,7978763.0
6176,-27.5,13.5,8031100.0
6177,-27.25,13.5,8087199.0
6178,-27.0,13.5,8139579.0
6179,-26.75,13.5,8191945.0
6180,-26.5,13.5,8244332.0
6181,-26.25,13.5,8300484.0
6182,-26.0,13.5,8352907.0
6183,-25.75,13.5,8405325.0
6184,-25.5,13.5,8457768.0
6185,-25.25,13.5,8513981.0
6186,-25.0,13.5,8566448.0
6187,-24.75,13.5,8618928.0
6188,-24.5,13.5,8671433.0
6189,-24.25,13.5,8727699.0
6190,-24.0,13.5,8776473.0
6191,-23.75,13.5,8832779.0
6192,-23.5,13.5,8885344.0
6193,-23.25,13.5,8937920.0
6194,-23.0,13.5,8994281.0
6195,-22.75,13.5,9046893.0
6196,-22.5,13.5,9099523.0
6197,-22.25,13.5,9152180.0
6198,-22.0,13.5,9204840.0
6199,-21.75,13.5,9261291.0
6200,-21.5,13.5,9313998.0
6201,-21.25,13.5,9366719.0
6202,-21.0,13.5,9419472.0
6203,-20.75,13.5,9472230.0
6204,-20.5,13.5,9528791.0
6205,-20.25,13.5,9581596.0
6206,-20.0,13.5,9634422.0
6207,-19.75,13.5,9687273.0
6208,-19.5,13.5,9740141.0
6209,-19.25,13.5,9793041.0
6210,-19.0,13.5,9845950.0
6211,-18.75,13.5,9902672.0
6212,-18.5,13.5,9955590.0
6213,-18.25,13.5,10008508.0
6214,-18.0,13.5,10061400.0
6215,-17.75,13.5,10118068.0
6216,-17.5,13.5,10167155.0
6217,-17.25,13.5,10223793.0
6218,-17.0,13.5,10276626.0
6219,-16.75,13.5,10329458.0
6220,-16.5,13.5,10382264.0
6221,-16.25,13.5,10435061.0
6222,-61.75,13.25,742738.0
6223,-61.5,13.25,795108.0
6224,-61.25,13.25,847499.0
6225,-61.0,13.25,903657.0
6226,-60.75,13.25,956090.0
6227,-60.5,13.25,1004791.0
6228,-60.25,13.25,1061012.0
6229,-60.0,13.25,1113503.0
6230,-59.75,13.25,1166007.0
6231,-59.5,13.25,1218538.0
6232,-59.25,13.25,1271081.0
6233,-59.0,13.25,1323641.0
6234,-58.75,13.25,1379982.0
6235,-58.5,13.25,1432583.0
6236,-58.25,13.25,1485196.0
6237,-58.0,13.25,1537837.0
6238,-57.75,13.25,1590485.0
6239,-57.5,13.25,1643156.0
6240,-57.25,13.25,1695840.0
6241,-57.0,13.25,1748539.0
6242,-56.75,13.25,1805028.0
6243,-56.5,13.25,1857760.0
6244,-56.25,13.25,1910513.0
6245,-56.0,13.25,1963278.0
6246,-55.75,13.25,2016060.0
6247,-55.5,13.25,2068856.0
6248,-55.25,13.25,2121667.0
6249,-55.0,13.25,2178271.0
6250,-54.75,13.25,2231109.0
6251,-54.5,13.25,2283972.0
6252,-54.25,13.25,2336839.0
6253,-54.0,13.25,2393509.0
6254,-53.75,13.25,2442625.0
6255,-53.5,13.25,2499323.0
6256,-53.25,13.25,2552245.0
6257,-53.0,13.25,2605187.0
6258,-52.75,13.25,2658100.0
6259,-52.5,13.25,2714779.0
6260,-52.25,13.25,2767649.0
6261,-52.0,13.25,2820499.0
6262,-51.75,13.25,2873329.0
6263,-51.5,13.25,2926132.0
6264,-51.25,13.25,2982696.0
6265,-51.0,13.25,3031687.0
6266,-50.75,13.25,3088207.0
6267,-50.5,13.25,3140931.0
6268,-50.25,13.25,3193636.0
6269,-50.0,13.25,3250090.0
6270,-49.75,13.25,3298990.0
6271,-49.5,13.25,3355408.0
6272,-49.25,13.25,3408041.0
6273,-49.0,13.25,3460651.0
6274,-48.75,13.25,3517013.0
6275,-48.5,13.25,3569590.0
6276,-48.25,13.25,3622155.0
6277,-48.0,13.25,3674710.0
6278,-47.75,13.25,3727240.0
6279,-47.5,13.25,3779753.0
6280,-47.25,13.25,3836010.0
6281,-47.0,13.25,3888493.0
6282,-46.75,13.25,3940958.0
6283,-46.5,13.25,3997172.0
6284,-46.25,13.25,4049617.0
6285,-46.0,13.25,4102036.0
6286,-45.75,13.25,4154457.0
6287,-45.5,13.25,4210610.0
6288,-45.25,13.25,4262999.0
6289,-45.0,13.25,4315365.0
6290,-44.75,13.25,4367744.0
6291,-44.5,13.25,4423845.0
6292,-44.25,13.25,4476183.0
6293,-44.0,13.25,4528511.0
6294,-43.75,13.25,4580836.0
6295,-43.5,13.25,4633157.0
6296,-43.25,13.25,4689199.0
6297,-43.0,13.25,4741485.0
6298,-42.75,13.25,4793762.0
6299,-42.5,13.25,4846044.0
6300,-42.25,13.25,4902055.0
6301,-42.0,13.25,4954315.0
6302,-41.75,13.25,5006564.0
6303,-41.5,13.25,5058808.0
6304,-41.25,13.25,5111028.0
6305,-41.0,13.25,5167003.0
6306,-40.75,13.25,5219232.0
6307,-40.5,13.25,5271452.0
6308,-40.25,13.25,5327403.0
6309,-40.0,13.25,5379605.0
6310,-39.75,13.25,5431797.0
6311,-39.5,13.25,5483990.0
6312,-39.25,13.25,5536182.0
6313,-39.0,13.25,5592079.0
6314,-38.75,13.25,5644272.0
6315,-38.5,13.25,5696465.0
6316,-38.25,13.25,5748657.0
6317,-38.0,13.25,5804578.0
6318,-37.75,13.25,5856757.0
6319,-37.5,13.25,5908920.0
6320,-37.25,13.25,5964811.0
6321,-37.0,13.25,6016975.0
6322,-36.75,13.25,6069139.0
6323,-36.5,13.25,6121302.0
6324,-36.25,13.25,6177193.0
6325,-36.0,13.25,6229357.0
6326,-35.75,13.25,6281521.0
6327,-35.5,13.25,6333684.0
6328,-35.25,13.25,6389575.0
6329,-35.0,13.25,6441739.0
6330,-34.75,13.25,6493903.0
6331,-34.5,13.25,6546066.0
6332,-34.25,13.25,6601957.0
6333,-34.0,13.25,6654139.0
6334,-33.75,13.25,6706330.0
6335,-33.5,13.25,6758522.0
6336,-33.25,13.25,6810713.0
6337,-33.0,13.25,6866632.0
6338,-32.75,13.25,6918807.0
6339,-32.5,13.25,6970999.0
6340,-32.25,13.25,7026918.0
6341,-32.0,13.25,7079110.0
6342,-31.75,13.25,7131313.0
6343,-31.5,13.25,7183532.0
6344,-31.25,13.25,7235752.0
6345,-31.0,13.25,7291716.0
6346,-30.75,13.25,7343958.0
6347,-30.5,13.25,7396178.0
6348,-30.25,13.25,7452153.0
6349,-30.0,13.25,7504400.0
6350,-29.75,13.25,7556663.0
6351,-29.5,13.25,7608938.0
6352,-29.25,13.25,7661222.0
6353,-29.0,13.25,7717231.0
6354,-28.75,13.25,7769520.0
6355,-28.5,13.25,7821822.0
6356,-28.25,13.25,7874144.0
6357,-28.0,13.25,7930204.0
6358,-27.75,13.25,7982535.0
6359,-27.5,13.25,8034874.0
6360,-27.25,13.25,8087233.0
6361,-27.0,13.25,8139613.0
6362,-26.75,13.25,8195721.0
6363,-26.5,13.25,8248108.0
6364,-26.25,13.25,8300518.0
6365,-26.0,13.25,8352941.0
6366,-25.75,13.25,8409105.0
6367,-25.5,13.25,8461548.0
6368,-25.25,13.25,8514015.0
6369,-25.0,13.25,8566482.0
6370,-24.75,13.25,8622712.0
6371,-24.5,13.25,8675218.0
6372,-24.25,13.25,8727733.0
6373,-24.0,13.25,8784012.0
6374,-23.75,13.25,8832813.0
6375,-23.5,13.25,8889132.0
6376,-23.25,13.25,8941710.0
6377,-23.0,13.25,8994315.0
6378,-22.75,13.25,9046927.0
6379,-22.5,13.25,9103317.0
6380,-22.25,13.25,9155975.0
6381,-22.0,13.25,9208636.0
6382,-21.75,13.25,9261325.0
6383,-21.5,13.25,9314032.0
6384,-21.25,13.25,9370521.0
6385,-21.0,13.25,9423276.0
6386,-20.75,13.25,9476034.0
6387,-20.5,13.25,9528825.0
6388,-20.25,13.25,9581630.0
6389,-20.0,13.25,9638231.0
6390,-19.75,13.25,9691082.0
6391,-19.5,13.25,9743953.0
6392,-19.25,13.25,9796854.0
6393,-19.0,13.25,9853544.0
6394,-18.75,13.25,9902706.0
6395,-18.5,13.25,9959404.0
6396,-18.25,13.25,10012323.0
6397,-18.0,13.25,10065213.0
6398,-17.75,13.25,10118103.0
6399,-17.5,13.25,10174741.0
6400,-17.25,13.25,10223827.0
6401,-17.0,13.25,10280435.0
6402,-16.75,13.25,10333264.0
6403,-16.5,13.25,10386069.0
6404,-16.25,13.25,10438866.0
6405,-61.75,13.0,739033.0
6406,-61.5,13.0,791401.0
6407,-61.25,13.0,843792.0
6408,-61.0,13.0,896204.0
6409,-60.75,13.0,948633.0
6410,-60.5,13.0,1001080.0
6411,-60.25,13.0,1057299.0
6412,-60.0,13.0,1106038.0
6413,-59.75,13.0,1162290.0
6414,-59.5,13.0,1214820.0
6415,-59.25,13.0,1267363.0
6416,-59.0,13.0,1319922.0
6417,-58.75,13.0,1372504.0
6418,-58.5,13.0,1425101.0
6419,-58.25,13.0,1481474.0
6420,-58.0,13.0,1534112.0
6421,-57.75,13.0,1586757.0
6422,-57.5,13.0,1639428.0
6423,-57.25,13.0,1692111.0
6424,-57.0,13.0,1744811.0
6425,-56.75,13.0,1797530.0
6426,-56.5,13.0,1854025.0
6427,-56.25,13.0,1906780.0
6428,-56.0,13.0,1959542.0
6429,-55.75,13.0,2012324.0
6430,-55.5,13.0,2065119.0
6431,-55.25,13.0,2121701.0
6432,-55.0,13.0,2170758.0
6433,-54.75,13.0,2227370.0
6434,-54.5,13.0,2280231.0
6435,-54.25,13.0,2333098.0
6436,-54.0,13.0,2385987.0
6437,-53.75,13.0,2442659.0
6438,-53.5,13.0,2495579.0
6439,-53.25,13.0,2548500.0
6440,-53.0,13.0,2601442.0
6441,-52.75,13.0,2658134.0
6442,-52.5,13.0,2707257.0
6443,-52.25,13.0,2763908.0
6444,-52.0,13.0,2816759.0
6445,-51.75,13.0,2869590.0
6446,-51.5,13.0,2922395.0
6447,-51.25,13.0,2975190.0
6448,-51.0,13.0,3031721.0
6449,-50.75,13.0,3084474.0
6450,-50.5,13.0,3137200.0
6451,-50.25,13.0,3189907.0
6452,-50.0,13.0,3246363.0
6453,-49.75,13.0,3299025.0
6454,-49.5,13.0,3351682.0
6455,-49.25,13.0,3404316.0
6456,-49.0,13.0,3460685.0
6457,-48.75,13.0,3513291.0
6458,-48.5,13.0,3565871.0
6459,-48.25,13.0,3618436.0
6460,-48.0,13.0,3670992.0
6461,-47.75,13.0,3727274.0
6462,-47.5,13.0,3779787.0
6463,-47.25,13.0,3832294.0
6464,-47.0,13.0,3884778.0
6465,-46.75,13.0,3940992.0
6466,-46.5,13.0,3993460.0
6467,-46.25,13.0,4045905.0
6468,-46.0,13.0,4102070.0
6469,-45.75,13.0,4154491.0
6470,-45.5,13.0,4206902.0
6471,-45.25,13.0,4259291.0
6472,-45.0,13.0,4315399.0
6473,-44.75,13.0,4367778.0
6474,-44.5,13.0,4420139.0
6475,-44.25,13.0,4472479.0
6476,-44.0,13.0,4528546.0
6477,-43.75,13.0,4580870.0
6478,-43.5,13.0,4633191.0
6479,-43.25,13.0,4685496.0
6480,-43.0,13.0,4737785.0
6481,-42.75,13.0,4793796.0
6482,-42.5,13.0,4846078.0
6483,-42.25,13.0,4898355.0
6484,-42.0,13.0,4950617.0
6485,-41.75,13.0,5006599.0
6486,-41.5,13.0,5058842.0
6487,-41.25,13.0,5111061.0
6488,-41.0,13.0,5167035.0
6489,-40.75,13.0,5219266.0
6490,-40.5,13.0,5271487.0
6491,-40.25,13.0,5323707.0
6492,-40.0,13.0,5375910.0
6493,-39.75,13.0,5431832.0
6494,-39.5,13.0,5484023.0
6495,-39.25,13.0,5536215.0
6496,-39.0,13.0,5592114.0
6497,-38.75,13.0,5644306.0
6498,-38.5,13.0,5696499.0
6499,-38.25,13.0,5752419.0
6500,-38.0,13.0,5804611.0
6501,-37.75,13.0,5856790.0
6502,-37.5,13.0,5908955.0
6503,-37.25,13.0,5961119.0
6504,-37.0,13.0,6017008.0
6505,-36.75,13.0,6069173.0
6506,-36.5,13.0,6121337.0
6507,-36.25,13.0,6173501.0
6508,-36.0,13.0,6229390.0
6509,-35.75,13.0,6281555.0
6510,-35.5,13.0,6333719.0
6511,-35.25,13.0,6385883.0
6512,-35.0,13.0,6441772.0
6513,-34.75,13.0,6493937.0
6514,-34.5,13.0,6546101.0
6515,-34.25,13.0,6601990.0
6516,-34.0,13.0,6654172.0
6517,-33.75,13.0,6706364.0
6518,-33.5,13.0,6762284.0
6519,-33.25,13.0,6814475.0
6520,-33.0,13.0,6866667.0
6521,-32.75,13.0,6918840.0
6522,-32.5,13.0,6971032.0
6523,-32.25,13.0,7026953.0
6524,-32.0,13.0,7079143.0
6525,-31.75,13.0,7131347.0
6526,-31.5,13.0,7183567.0
6527,-31.25,13.0,7239516.0
6528,-31.0,13.0,7291748.0
6529,-30.75,13.0,7343991.0
6530,-30.5,13.0,7399942.0
6531,-30.25,13.0,7452188.0
6532,-30.0,13.0,7504434.0
6533,-29.75,13.0,7556697.0
6534,-29.5,13.0,7612706.0
6535,-29.25,13.0,7664990.0
6536,-29.0,13.0,7717265.0
6537,-28.75,13.0,7769553.0
6538,-28.5,13.0,7825592.0
6539,-28.25,13.0,7877916.0
6540,-28.0,13.0,7930239.0
6541,-27.75,13.0,7982569.0
6542,-27.5,13.0,8034908.0
6543,-27.25,13.0,8091007.0
6544,-27.0,13.0,8143388.0
6545,-26.75,13.0,8195755.0
6546,-26.5,13.0,8248142.0
6547,-26.25,13.0,8304296.0
6548,-26.0,13.0,8356719.0
6549,-25.75,13.0,8409139.0
6550,-25.5,13.0,8461582.0
6551,-25.25,13.0,8517797.0
6552,-25.0,13.0,8570263.0
6553,-24.75,13.0,8622746.0
6554,-24.5,13.0,8679004.0
6555,-24.25,13.0,8731519.0
6556,-24.0,13.0,8784046.0
6557,-23.75,13.0,8836602.0
6558,-23.5,13.0,8892921.0
6559,-23.25,13.0,8941744.0
6560,-23.0,13.0,8998107.0
6561,-22.75,13.0,9050718.0
6562,-22.5,13.0,9103351.0
6563,-22.25,13.0,9159770.0
6564,-22.0,13.0,9212433.0
6565,-21.75,13.0,9265124.0
6566,-21.5,13.0,9317830.0
6567,-21.25,13.0,9370555.0
6568,-21.0,13.0,9427078.0
6569,-20.75,13.0,9479838.0
6570,-20.5,13.0,9532632.0
6571,-20.25,13.0,9585435.0
6572,-20.0,13.0,9638265.0
6573,-19.75,13.0,9694893.0
6574,-19.5,13.0,9747765.0
6575,-19.25,13.0,9800666.0
6576,-19.0,13.0,9853579.0
6577,-18.75,13.0,9910301.0
6578,-18.5,13.0,9963220.0
6579,-18.25,13.0,10016135.0
6580,-18.0,13.0,10069025.0
6581,-17.75,13.0,10121915.0
6582,-17.5,13.0,10174776.0
6583,-17.25,13.0,10231410.0
6584,-17.0,13.0,10284244.0
6585,-16.75,13.0,10337070.0
6586,-16.5,13.0,10389876.0
6587,-16.25,13.0,10446440.0
6588,-61.75,12.75,731587.0
6589,-61.5,12.75,787694.0
6590,-61.25,12.75,840085.0
6591,-61.0,12.75,888750.0
6592,-60.75,12.75,944921.0
6593,-60.5,12.75,997368.0
6594,-60.25,12.75,1049838.0
6595,-60.0,12.75,1102323.0
6596,-59.75,12.75,1158575.0
6597,-59.5,12.75,1207351.0
6598,-59.25,12.75,1263643.0
6599,-59.0,12.75,1316202.0
6600,-58.75,12.75,1368783.0
6601,-58.5,12.75,1421378.0
6602,-58.25,12.75,1473992.0
6603,-58.0,12.75,1526626.0
6604,-57.75,12.75,1583030.0
6605,-57.5,12.75,1635701.0
6606,-57.25,12.75,1688382.0
6607,-57.0,12.75,1741080.0
6608,-56.75,12.75,1793799.0
6609,-56.5,12.75,1850292.0
6610,-56.25,12.75,1903045.0
6611,-56.0,12.75,1955806.0
6612,-55.75,12.75,2008588.0
6613,-55.5,12.75,2061383.0
6614,-55.25,12.75,2114192.0
6615,-55.0,12.75,2170792.0
6616,-54.75,12.75,2223631.0
6617,-54.5,12.75,2276489.0
6618,-54.25,12.75,2329355.0
6619,-54.0,12.75,2386021.0
6620,-53.75,12.75,2435137.0
6621,-53.5,12.75,2491832.0
6622,-53.25,12.75,2544754.0
6623,-53.0,12.75,2597697.0
6624,-52.75,12.75,2650613.0
6625,-52.5,12.75,2707291.0
6626,-52.25,12.75,2760166.0
6627,-52.0,12.75,2813018.0
6628,-51.75,12.75,2865853.0
6629,-51.5,12.75,2922429.0
6630,-51.25,12.75,2975224.0
6631,-51.0,12.75,3027987.0
6632,-50.75,12.75,3080739.0
6633,-50.5,12.75,3133469.0
6634,-50.25,12.75,3189941.0
6635,-50.0,12.75,3242634.0
6636,-49.75,12.75,3295299.0
6637,-49.5,12.75,3351716.0
6638,-49.25,12.75,3404350.0
6639,-49.0,12.75,3456961.0
6640,-48.75,12.75,3509569.0
6641,-48.5,12.75,3562151.0
6642,-48.25,12.75,3618470.0
6643,-48.0,12.75,3671026.0
6644,-47.75,12.75,3723556.0
6645,-47.5,12.75,3776069.0
6646,-47.25,12.75,3832328.0
6647,-47.0,12.75,3884812.0
6648,-46.75,12.75,3937278.0
6649,-46.5,12.75,3989747.0
6650,-46.25,12.75,4045939.0
6651,-46.0,12.75,4098360.0
6652,-45.75,12.75,4150781.0
6653,-45.5,12.75,4206936.0
6654,-45.25,12.75,4259325.0
6655,-45.0,12.75,4311693.0
6656,-44.75,12.75,4364072.0
6657,-44.5,12.75,4420173.0
6658,-44.25,12.75,4472513.0
6659,-44.0,12.75,4524844.0
6660,-43.75,12.75,4577166.0
6661,-43.5,12.75,4633226.0
6662,-43.25,12.75,4685530.0
6663,-43.0,12.75,4737819.0
6664,-42.75,12.75,4790096.0
6665,-42.5,12.75,4842378.0
6666,-42.25,12.75,4898389.0
6667,-42.0,12.75,4950650.0
6668,-41.75,12.75,5006632.0
6669,-41.5,12.75,5058875.0
6670,-41.25,12.75,5111095.0
6671,-41.0,12.75,5163337.0
6672,-40.75,12.75,5215570.0
6673,-40.5,12.75,5271521.0
6674,-40.25,12.75,5323741.0
6675,-40.0,12.75,5375943.0
6676,-39.75,12.75,5431865.0
6677,-39.5,12.75,5484057.0
6678,-39.25,12.75,5536250.0
6679,-39.0,12.75,5588420.0
6680,-38.75,12.75,5644339.0
6681,-38.5,12.75,5696532.0
6682,-38.25,12.75,5748725.0
6683,-38.0,12.75,5800917.0
6684,-37.75,12.75,5856825.0
6685,-37.5,12.75,5908988.0
6686,-37.25,12.75,5961152.0
6687,-37.0,12.75,6017043.0
6688,-36.75,12.75,6069207.0
6689,-36.5,12.75,6121370.0
6690,-36.25,12.75,6177261.0
6691,-36.0,12.75,6229425.0
6692,-35.75,12.75,6281589.0
6693,-35.5,12.75,6333752.0
6694,-35.25,12.75,6389643.0
6695,-35.0,12.75,6441807.0
6696,-34.75,12.75,6493970.0
6697,-34.5,12.75,6546134.0
6698,-34.25,12.75,6602025.0
6699,-34.0,12.75,6654206.0
6700,-33.75,12.75,6706398.0
6701,-33.5,12.75,6758589.0
6702,-33.25,12.75,6814508.0
6703,-33.0,12.75,6866701.0
6704,-32.75,12.75,6918875.0
6705,-32.5,12.75,6974794.0
6706,-32.25,12.75,7026986.0
6707,-32.0,12.75,7079176.0
6708,-31.75,12.75,7135111.0
6709,-31.5,12.75,7187331.0
6710,-31.25,12.75,7239550.0
6711,-31.0,12.75,7291782.0
6712,-30.75,12.75,7347755.0
6713,-30.5,12.75,7399975.0
6714,-30.25,12.75,7452221.0
6715,-30.0,12.75,7504467.0
6716,-29.75,12.75,7560465.0
6717,-29.5,12.75,7612740.0
6718,-29.25,12.75,7665024.0
6719,-29.0,12.75,7721033.0
6720,-28.75,12.75,7773323.0
6721,-28.5,12.75,7825627.0
6722,-28.25,12.75,7877950.0
6723,-28.0,12.75,7930273.0
6724,-27.75,12.75,7986341.0
6725,-27.5,12.75,8038682.0
6726,-27.25,12.75,8091041.0
6727,-27.0,12.75,8143422.0
6728,-26.75,12.75,8199531.0
6729,-26.5,12.75,8251918.0
6730,-26.25,12.75,8304330.0
6731,-26.0,12.75,8356753.0
6732,-25.75,12.75,8412919.0
6733,-25.5,12.75,8465361.0
6734,-25.25,12.75,8517831.0
6735,-25.0,12.75,8574045.0
6736,-24.75,12.75,8626530.0
6737,-24.5,12.75,8679038.0
6738,-24.25,12.75,8731553.0
6739,-24.0,12.75,8787834.0
6740,-23.75,12.75,8840390.0
6741,-23.5,12.75,8892955.0
6742,-23.25,12.75,8949290.0
6743,-23.0,12.75,8998141.0
6744,-22.75,12.75,9054510.0
6745,-22.5,12.75,9107145.0
6746,-22.25,12.75,9159804.0
6747,-22.0,12.75,9216228.0
6748,-21.75,12.75,9268922.0
6749,-21.5,12.75,9321631.0
6750,-21.25,12.75,9374356.0
6751,-21.0,12.75,9427112.0
6752,-20.75,12.75,9483642.0
6753,-20.5,12.75,9536438.0
6754,-20.25,12.75,9589242.0
6755,-20.0,12.75,9642072.0
6756,-19.75,12.75,9694927.0
6757,-19.5,12.75,9751577.0
6758,-19.25,12.75,9804479.0
6759,-19.0,12.75,9857395.0
6760,-18.75,12.75,9910335.0
6761,-18.5,12.75,9967033.0
6762,-18.25,12.75,10019947.0
6763,-18.0,12.75,10072837.0
6764,-17.75,12.75,10125724.0
6765,-17.5,12.75,10182362.0
6766,-17.25,12.75,10235219.0
6767,-17.0,12.75,10288052.0
6768,-16.75,12.75,10340877.0
6769,-16.5,12.75,10393684.0
6770,-16.25,12.75,10446474.0
6771,-61.75,12.5,727882.0
6772,-61.5,12.5,780244.0
6773,-61.25,12.5,832635.0
6774,-61.0,12.5,885042.0
6775,-60.75,12.5,941210.0
6776,-60.5,12.5,989911.0
6777,-60.25,12.5,1046124.0
6778,-60.0,12.5,1098607.0
6779,-59.75,12.5,1151110.0
6780,-59.5,12.5,1203634.0
6781,-59.25,12.5,1256169.0
6782,-59.0,12.5,1308728.0
6783,-58.75,12.5,1365062.0
6784,-58.5,12.5,1417655.0
6785,-58.25,12.5,1470269.0
6786,-58.0,12.5,1522899.0
6787,-57.75,12.5,1575543.0
6788,-57.5,12.5,1631973.0
6789,-57.25,12.5,1684653.0
6790,-57.0,12.5,1737351.0
6791,-56.75,12.5,1790066.0
6792,-56.5,12.5,1842793.0
6793,-56.25,12.5,1899312.0
6794,-56.0,12.5,1952071.0
6795,-55.75,12.5,2004853.0
6796,-55.5,12.5,2057644.0
6797,-55.25,12.5,2114226.0
6798,-55.0,12.5,2167053.0
6799,-54.75,12.5,2219890.0
6800,-54.5,12.5,2272747.0
6801,-54.25,12.5,2325614.0
6802,-54.0,12.5,2378499.0
6803,-53.75,12.5,2435171.0
6804,-53.5,12.5,2488087.0
6805,-53.25,12.5,2541009.0
6806,-53.0,12.5,2593948.0
6807,-52.75,12.5,2650647.0
6808,-52.5,12.5,2703548.0
6809,-52.25,12.5,2756424.0
6810,-52.0,12.5,2809278.0
6811,-51.75,12.5,2865887.0
6812,-51.5,12.5,2918690.0
6813,-51.25,12.5,2971488.0
6814,-51.0,12.5,3024254.0
6815,-50.75,12.5,3077006.0
6816,-50.5,12.5,3133503.0
6817,-50.25,12.5,3186210.0
6818,-50.0,12.5,3238906.0
6819,-49.75,12.5,3295333.0
6820,-49.5,12.5,3347989.0
6821,-49.25,12.5,3400627.0
6822,-49.0,12.5,3453238.0
6823,-48.75,12.5,3505847.0
6824,-48.5,12.5,3562185.0
6825,-48.25,12.5,3614749.0
6826,-48.0,12.5,3667306.0
6827,-47.75,12.5,3723590.0
6828,-47.5,12.5,3776103.0
6829,-47.25,12.5,3828612.0
6830,-47.0,12.5,3881098.0
6831,-46.75,12.5,3937312.0
6832,-46.5,12.5,3989781.0
6833,-46.25,12.5,4042227.0
6834,-46.0,12.5,4094649.0
6835,-45.75,12.5,4150815.0
6836,-45.5,12.5,4203228.0
6837,-45.25,12.5,4255617.0
6838,-45.0,12.5,4311727.0
6839,-44.75,12.5,4364106.0
6840,-44.5,12.5,4416467.0
6841,-44.25,12.5,4468809.0
6842,-44.0,12.5,4524878.0
6843,-43.75,12.5,4577200.0
6844,-43.5,12.5,4629524.0
6845,-43.25,12.5,4681828.0
6846,-43.0,12.5,4737854.0
6847,-42.75,12.5,4790130.0
6848,-42.5,12.5,4842410.0
6849,-42.25,12.5,4898422.0
6850,-42.0,12.5,4950684.0
6851,-41.75,12.5,5002933.0
6852,-41.5,12.5,5055179.0
6853,-41.25,12.5,5111130.0
6854,-41.0,12.5,5163371.0
6855,-40.75,12.5,5215605.0
6856,-40.5,12.5,5271554.0
6857,-40.25,12.5,5323774.0
6858,-40.0,12.5,5375978.0
6859,-39.75,12.5,5428171.0
6860,-39.5,12.5,5484092.0
6861,-39.25,12.5,5536283.0
6862,-39.0,12.5,5588453.0
6863,-38.75,12.5,5644374.0
6864,-38.5,12.5,5696566.0
6865,-38.25,12.5,5748758.0
6866,-38.0,12.5,5804679.0
6867,-37.75,12.5,5856858.0
6868,-37.5,12.5,5909022.0
6869,-37.25,12.5,5961187.0
6870,-37.0,12.5,6017076.0
6871,-36.75,12.5,6069240.0
6872,-36.5,12.5,6121405.0
6873,-36.25,12.5,6173569.0
6874,-36.0,12.5,6229458.0
6875,-35.75,12.5,6281623.0
6876,-35.5,12.5,6333787.0
6877,-35.25,12.5,6389676.0
6878,-35.0,12.5,6441840.0
6879,-34.75,12.5,6494005.0
6880,-34.5,12.5,6549894.0
6881,-34.25,12.5,6602058.0
6882,-34.0,12.5,6654240.0
6883,-33.75,12.5,6710159.0
6884,-33.5,12.5,6762351.0
6885,-33.25,12.5,6814543.0
6886,-33.0,12.5,6866734.0
6887,-32.75,12.5,6918908.0
6888,-32.5,12.5,6974829.0
6889,-32.25,12.5,7027020.0
6890,-32.0,12.5,7079211.0
6891,-31.75,12.5,7135144.0
6892,-31.5,12.5,7187364.0
6893,-31.25,12.5,7239585.0
6894,-31.0,12.5,7295548.0
6895,-30.75,12.5,7347790.0
6896,-30.5,12.5,7400009.0
6897,-30.25,12.5,7452254.0
6898,-30.0,12.5,7508233.0
6899,-29.75,12.5,7560498.0
6900,-29.5,12.5,7612772.0
6901,-29.25,12.5,7668792.0
6902,-29.0,12.5,7721068.0
6903,-28.75,12.5,7773357.0
6904,-28.5,12.5,7825661.0
6905,-28.25,12.5,7881722.0
6906,-28.0,12.5,7934044.0
6907,-27.75,12.5,7986375.0
6908,-27.5,12.5,8038716.0
6909,-27.25,12.5,8094815.0
6910,-27.0,12.5,8147196.0
6911,-26.75,12.5,8199565.0
6912,-26.5,12.5,8251952.0
6913,-26.25,12.5,8308108.0
6914,-26.0,12.5,8360530.0
6915,-25.75,12.5,8412953.0
6916,-25.5,12.5,8469141.0
6917,-25.25,12.5,8521613.0
6918,-25.0,12.5,8574079.0
6919,-24.75,12.5,8626564.0
6920,-24.5,12.5,8682824.0
6921,-24.25,12.5,8735339.0
6922,-24.0,12.5,8787868.0
6923,-23.75,12.5,8844179.0
6924,-23.5,12.5,8896743.0
6925,-23.25,12.5,8949324.0
6926,-23.0,12.5,9001934.0
6927,-22.75,12.5,9058303.0
6928,-22.5,12.5,9110938.0
6929,-22.25,12.5,9163598.0
6930,-22.0,12.5,9216262.0
6931,-21.75,12.5,9272721.0
6932,-21.5,12.5,9325431.0
6933,-21.25,12.5,9378159.0
6934,-21.0,12.5,9430915.0
6935,-20.75,12.5,9483676.0
6936,-20.5,12.5,9540243.0
6937,-20.25,12.5,9593048.0
6938,-20.0,12.5,9645883.0
6939,-19.75,12.5,9702513.0
6940,-19.5,12.5,9751612.0
6941,-19.25,12.5,9808291.0
6942,-19.0,12.5,9861210.0
6943,-18.75,12.5,9914150.0
6944,-18.5,12.5,9970848.0
6945,-18.25,12.5,10023759.0
6946,-18.0,12.5,10076649.0
6947,-17.75,12.5,10129535.0
6948,-17.5,12.5,10182396.0
6949,-17.25,12.5,10239026.0
6950,-17.0,12.5,10291861.0
6951,-16.75,12.5,10344683.0
6952,-16.5,12.5,10397489.0
6953,-16.25,12.5,10454049.0
6954,-61.75,12.25,724177.0
6955,-61.5,12.25,776538.0
6956,-61.25,12.25,828928.0
6957,-61.0,12.25,881332.0
6958,-60.75,12.25,933752.0
6959,-60.5,12.25,986200.0
6960,-60.25,12.25,1042411.0
6961,-60.0,12.25,1091142.0
6962,-59.75,12.25,1147394.0
6963,-59.5,12.25,1199916.0
6964,-59.25,12.25,1252450.0
6965,-59.0,12.25,1308763.0
6966,-58.75,12.25,1361341.0
6967,-58.5,12.25,1413930.0
6968,-58.25,12.25,1466545.0
6969,-58.0,12.25,1519175.0
6970,-57.75,12.25,1571818.0
6971,-57.5,12.25,1624483.0
6972,-57.25,12.25,1680922.0
6973,-57.0,12.25,1733621.0
6974,-56.75,12.25,1786335.0
6975,-56.5,12.25,1842828.0
6976,-56.25,12.25,1891811.0
6977,-56.0,12.25,1948335.0
6978,-55.75,12.25,2001117.0
6979,-55.5,12.25,2053907.0
6980,-55.25,12.25,2106716.0
6981,-55.0,12.25,2163312.0
6982,-54.75,12.25,2216151.0
6983,-54.5,12.25,2269006.0
6984,-54.25,12.25,2321871.0
6985,-54.0,12.25,2378533.0
6986,-53.75,12.25,2431428.0
6987,-53.5,12.25,2484340.0
6988,-53.25,12.25,2537262.0
6989,-53.0,12.25,2593982.0
6990,-52.75,12.25,2646904.0
6991,-52.5,12.25,2699804.0
6992,-52.25,12.25,2752682.0
6993,-52.0,12.25,2809312.0
6994,-51.75,12.25,2862148.0
6995,-51.5,12.25,2914953.0
6996,-51.25,12.25,2967753.0
6997,-51.0,12.25,3020519.0
6998,-50.75,12.25,3077041.0
6999,-50.5,12.25,3129771.0
7000,-50.25,12.25,3182479.0
7001,-50.0,12.25,3238940.0
7002,-49.75,12.25,3291608.0
7003,-49.5,12.25,3344264.0
7004,-49.25,12.25,3396903.0
7005,-49.0,12.25,3449513.0
7006,-48.75,12.25,3505881.0
7007,-48.5,12.25,3558465.0
7008,-48.25,12.25,3611028.0
7009,-48.0,12.25,3667340.0
7010,-47.75,12.25,3719871.0
7011,-47.5,12.25,3772385.0
7012,-47.25,12.25,3828646.0
7013,-47.0,12.25,3881132.0
7014,-46.75,12.25,3933598.0
7015,-46.5,12.25,3986069.0
7016,-46.25,12.25,4042261.0
7017,-46.0,12.25,4094683.0
7018,-45.75,12.25,4147105.0
7019,-45.5,12.25,4203262.0
7020,-45.25,12.25,4255651.0
7021,-45.0,12.25,4308021.0
7022,-44.75,12.25,4360400.0
7023,-44.5,12.25,4416501.0
7024,-44.25,12.25,4468843.0
7025,-44.0,12.25,4521176.0
7026,-43.75,12.25,4573495.0
7027,-43.5,12.25,4629558.0
7028,-43.25,12.25,4681862.0
7029,-43.0,12.25,4734154.0
7030,-42.75,12.25,4790163.0
7031,-42.5,12.25,4842445.0
7032,-42.25,12.25,4894722.0
7033,-42.0,12.25,4950719.0
7034,-41.75,12.25,5002967.0
7035,-41.5,12.25,5055213.0
7036,-41.25,12.25,5107434.0
7037,-41.0,12.25,5163404.0
7038,-40.75,12.25,5215637.0
7039,-40.5,12.25,5267858.0
7040,-40.25,12.25,5323809.0
7041,-40.0,12.25,5376012.0
7042,-39.75,12.25,5428204.0
7043,-39.5,12.25,5484125.0
7044,-39.25,12.25,5536317.0
7045,-39.0,12.25,5588488.0
7046,-38.75,12.25,5640680.0
7047,-38.5,12.25,5696599.0
7048,-38.25,12.25,5748792.0
7049,-38.0,12.25,5800984.0
7050,-37.75,12.25,5853166.0
7051,-37.5,12.25,5909056.0
7052,-37.25,12.25,5961220.0
7053,-37.0,12.25,6013384.0
7054,-36.75,12.25,6069275.0
7055,-36.5,12.25,6121438.0
7056,-36.25,12.25,6173602.0
7057,-36.0,12.25,6229493.0
7058,-35.75,12.25,6281656.0
7059,-35.5,12.25,6333820.0
7060,-35.25,12.25,6389711.0
7061,-35.0,12.25,6441874.0
7062,-34.75,12.25,6494038.0
7063,-34.5,12.25,6546202.0
7064,-34.25,12.25,6602092.0
7065,-34.0,12.25,6654273.0
7066,-33.75,12.25,6706465.0
7067,-33.5,12.25,6762384.0
7068,-33.25,12.25,6814577.0
7069,-33.0,12.25,6866769.0
7070,-32.75,12.25,6922670.0
7071,-32.5,12.25,6974862.0
7072,-32.25,12.25,7030781.0
7073,-32.0,12.25,7082973.0
7074,-31.75,12.25,7135179.0
7075,-31.5,12.25,7187398.0
7076,-31.25,12.25,7239617.0
7077,-31.0,12.25,7295581.0
7078,-30.75,12.25,7347824.0
7079,-30.5,12.25,7403773.0
7080,-30.25,12.25,7456020.0
7081,-30.0,12.25,7508268.0
7082,-29.75,12.25,7560532.0
7083,-29.5,12.25,7612807.0
7084,-29.25,12.25,7668825.0
7085,-29.0,12.25,7721102.0
7086,-28.75,12.25,7777127.0
7087,-28.5,12.25,7829431.0
7088,-28.25,12.25,7881755.0
7089,-28.0,12.25,7934078.0
7090,-27.75,12.25,7990147.0
7091,-27.5,12.25,8042490.0
7092,-27.25,12.25,8094849.0
7093,-27.0,12.25,8147230.0
7094,-26.75,12.25,8203341.0
7095,-26.5,12.25,8255728.0
7096,-26.25,12.25,8308142.0
7097,-26.0,12.25,8364308.0
7098,-25.75,12.25,8416733.0
7099,-25.5,12.25,8469175.0
7100,-25.25,12.25,8521647.0
7101,-25.0,12.25,8577861.0
7102,-24.75,12.25,8630348.0
7103,-24.5,12.25,8682858.0
7104,-24.25,12.25,8739124.0
7105,-24.0,12.25,8791656.0
7106,-23.75,12.25,8844213.0
7107,-23.5,12.25,8896777.0
7108,-23.25,12.25,8953114.0
7109,-23.0,12.25,9005725.0
7110,-22.75,12.25,9058337.0
7111,-22.5,12.25,9114733.0
7112,-22.25,12.25,9167393.0
7113,-22.0,12.25,9220059.0
7114,-21.75,12.25,9272755.0
7115,-21.5,12.25,9325465.0
7116,-21.25,12.25,9381962.0
7117,-21.0,12.25,9434716.0
7118,-20.75,12.25,9487481.0
7119,-20.5,12.25,9544050.0
7120,-20.25,12.25,9596854.0
7121,-20.0,12.25,9649693.0
7122,-19.75,12.25,9702547.0
7123,-19.5,12.25,9759202.0
7124,-19.25,12.25,9812104.0
7125,-19.0,12.25,9865026.0
7126,-18.75,12.25,9917963.0
7127,-18.5,12.25,9974661.0
7128,-18.25,12.25,10027572.0
7129,-18.0,12.25,10080461.0
7130,-17.75,12.25,10133344.0
7131,-17.5,12.25,10186207.0
7132,-17.25,12.25,10242835.0
7133,-17.0,12.25,10295668.0
7134,-16.75,12.25,10348489.0
7135,-16.5,12.25,10401296.0
7136,-16.25,12.25,10454083.0
7137,-61.75,12.0,716731.0
7138,-61.5,12.0,772834.0
7139,-61.25,12.0,825221.0
7140,-61.0,12.0,877621.0
7141,-60.75,12.0,930041.0
7142,-60.5,12.0,982487.0
7143,-60.25,12.0,1034949.0
7144,-60.0,12.0,1091176.0
7145,-59.75,12.0,1143679.0
7146,-59.5,12.0,1196198.0
7147,-59.25,12.0,1248731.0
7148,-59.0,12.0,1301289.0
7149,-58.75,12.0,1353863.0
7150,-58.5,12.0,1410207.0
7151,-58.25,12.0,1462823.0
7152,-58.0,12.0,1515449.0
7153,-57.75,12.0,1568091.0
7154,-57.5,12.0,1620756.0
7155,-57.25,12.0,1677193.0
7156,-57.0,12.0,1729891.0
7157,-56.75,12.0,1782604.0
7158,-56.5,12.0,1835330.0
7159,-56.25,12.0,1891845.0
7160,-56.0,12.0,1944600.0
7161,-55.75,12.0,1997381.0
7162,-55.5,12.0,2050168.0
7163,-55.25,12.0,2102979.0
7164,-55.0,12.0,2159573.0
7165,-54.75,12.0,2212410.0
7166,-54.5,12.0,2265263.0
7167,-54.25,12.0,2318130.0
7168,-54.0,12.0,2374790.0
7169,-53.75,12.0,2427683.0
7170,-53.5,12.0,2480594.0
7171,-53.25,12.0,2533517.0
7172,-53.0,12.0,2590235.0
7173,-52.75,12.0,2643159.0
7174,-52.5,12.0,2696060.0
7175,-52.25,12.0,2752717.0
7176,-52.0,12.0,2801794.0
7177,-51.75,12.0,2858411.0
7178,-51.5,12.0,2911216.0
7179,-51.25,12.0,2964016.0
7180,-51.0,12.0,3020553.0
7181,-50.75,12.0,3073307.0
7182,-50.5,12.0,3126038.0
7183,-50.25,12.0,3178748.0
7184,-50.0,12.0,3235213.0
7185,-49.75,12.0,3287881.0
7186,-49.5,12.0,3340538.0
7187,-49.25,12.0,3396937.0
7188,-49.0,12.0,3449547.0
7189,-48.75,12.0,3502159.0
7190,-48.5,12.0,3558499.0
7191,-48.25,12.0,3611062.0
7192,-48.0,12.0,3663620.0
7193,-47.75,12.0,3716153.0
7194,-47.5,12.0,3772419.0
7195,-47.25,12.0,3824930.0
7196,-47.0,12.0,3877418.0
7197,-46.75,12.0,3933631.0
7198,-46.5,12.0,3986103.0
7199,-46.25,12.0,4038549.0
7200,-46.0,12.0,4090973.0
7201,-45.75,12.0,4147139.0
7202,-45.5,12.0,4199554.0
7203,-45.25,12.0,4251943.0
7204,-45.0,12.0,4308055.0
7205,-44.75,12.0,4360434.0
7206,-44.5,12.0,4412795.0
7207,-44.25,12.0,4465139.0
7208,-44.0,12.0,4521210.0
7209,-43.75,12.0,4573529.0
7210,-43.5,12.0,4625856.0
7211,-43.25,12.0,4681895.0
7212,-43.0,12.0,4734187.0
7213,-42.75,12.0,4786463.0
7214,-42.5,12.0,4842479.0
7215,-42.25,12.0,4894756.0
7216,-42.0,12.0,4947021.0
7217,-41.75,12.0,4999269.0
7218,-41.5,12.0,5055247.0
7219,-41.25,12.0,5107467.0
7220,-41.0,12.0,5163439.0
7221,-40.75,12.0,5215671.0
7222,-40.5,12.0,5267892.0
7223,-40.25,12.0,5320113.0
7224,-40.0,12.0,5376045.0
7225,-39.75,12.0,5428238.0
7226,-39.5,12.0,5480431.0
7227,-39.25,12.0,5532623.0
7228,-39.0,12.0,5588521.0
7229,-38.75,12.0,5640713.0
7230,-38.5,12.0,5696634.0
7231,-38.25,12.0,5748826.0
7232,-38.0,12.0,5801017.0
7233,-37.75,12.0,5856925.0
7234,-37.5,12.0,5909090.0
7235,-37.25,12.0,5961254.0
7236,-37.0,12.0,6017144.0
7237,-36.75,12.0,6069308.0
7238,-36.5,12.0,6121473.0
7239,-36.25,12.0,6177362.0
7240,-36.0,12.0,6229526.0
7241,-35.75,12.0,6281690.0
7242,-35.5,12.0,6333855.0
7243,-35.25,12.0,6389744.0
7244,-35.0,12.0,6441908.0
7245,-34.75,12.0,6497798.0
7246,-34.5,12.0,6549962.0
7247,-34.25,12.0,6602125.0
7248,-34.0,12.0,6654306.0
7249,-33.75,12.0,6710227.0
7250,-33.5,12.0,6762419.0
7251,-33.25,12.0,6814610.0
7252,-33.0,12.0,6866802.0
7253,-32.75,12.0,6922704.0
7254,-32.5,12.0,6974896.0
7255,-32.25,12.0,7027087.0
7256,-32.0,12.0,7083006.0
7257,-31.75,12.0,7135213.0
7258,-31.5,12.0,7191162.0
7259,-31.25,12.0,7243381.0
7260,-31.0,12.0,7295616.0
7261,-30.75,12.0,7347857.0
7262,-30.5,12.0,7400077.0
7263,-30.25,12.0,7456054.0
7264,-30.0,12.0,7508302.0
7265,-29.75,12.0,7564300.0
7266,-29.5,12.0,7616575.0
7267,-29.25,12.0,7668859.0
7268,-29.0,12.0,7721135.0
7269,-28.75,12.0,7777160.0
7270,-28.5,12.0,7829465.0
7271,-28.25,12.0,7885527.0
7272,-28.0,12.0,7937850.0
7273,-27.75,12.0,7990181.0
7274,-27.5,12.0,8042524.0
7275,-27.25,12.0,8098623.0
7276,-27.0,12.0,8151004.0
7277,-26.75,12.0,8203375.0
7278,-26.5,12.0,8255762.0
7279,-26.25,12.0,8311920.0
7280,-26.0,12.0,8364342.0
7281,-25.75,12.0,8416767.0
7282,-25.5,12.0,8472957.0
7283,-25.25,12.0,8525428.0
7284,-25.0,12.0,8577895.0
7285,-24.75,12.0,8630382.0
7286,-24.5,12.0,8686644.0
7287,-24.25,12.0,8739158.0
7288,-24.0,12.0,8791690.0
7289,-23.75,12.0,8848003.0
7290,-23.5,12.0,8900566.0
7291,-23.25,12.0,8953148.0
7292,-23.0,12.0,9009517.0
7293,-22.75,12.0,9062129.0
7294,-22.5,12.0,9114767.0
7295,-22.25,12.0,9171188.0
7296,-22.0,12.0,9223858.0
7297,-21.75,12.0,9276556.0
7298,-21.5,12.0,9329264.0
7299,-21.25,12.0,9381996.0
7300,-21.0,12.0,9438518.0
7301,-20.75,12.0,9491284.0
7302,-20.5,12.0,9544084.0
7303,-20.25,12.0,9600663.0
7304,-20.0,12.0,9653503.0
7305,-19.75,12.0,9706358.0
7306,-19.5,12.0,9759236.0
7307,-19.25,12.0,9815917.0
7308,-19.0,12.0,9868843.0
7309,-18.75,12.0,9921778.0
7310,-18.5,12.0,9974695.0
7311,-18.25,12.0,10031383.0
7312,-18.0,12.0,10084274.0
7313,-17.75,12.0,10137155.0
7314,-17.5,12.0,10190016.0
7315,-17.25,12.0,10246642.0
7316,-17.0,12.0,10299477.0
7317,-16.75,12.0,10352296.0
7318,-16.5,12.0,10405101.0
7319,-16.25,12.0,10461657.0
7320,-61.75,11.75,713026.0
7321,-61.5,11.75,765388.0
7322,-61.25,11.75,817771.0
7323,-61.0,11.75,873913.0
7324,-60.75,11.75,926332.0
7325,-60.5,11.75,978776.0
7326,-60.25,11.75,1031236.0
7327,-60.0,11.75,1083710.0
7328,-59.75,11.75,1136213.0
7329,-59.5,11.75,1192481.0
7330,-59.25,11.75,1245012.0
7331,-59.0,11.75,1297570.0
7332,-58.75,11.75,1350140.0
7333,-58.5,11.75,1402728.0
7334,-58.25,11.75,1459098.0
7335,-58.0,11.75,1511724.0
7336,-57.75,11.75,1564366.0
7337,-57.5,11.75,1617027.0
7338,-57.25,11.75,1669700.0
7339,-57.0,11.75,1726162.0
7340,-56.75,11.75,1778872.0
7341,-56.5,11.75,1831599.0
7342,-56.25,11.75,1884343.0
7343,-56.0,11.75,1940865.0
7344,-55.75,11.75,1993646.0
7345,-55.5,11.75,2046431.0
7346,-55.25,11.75,2103013.0
7347,-55.0,11.75,2155832.0
7348,-54.75,11.75,2208671.0
7349,-54.5,11.75,2261522.0
7350,-54.25,11.75,2318164.0
7351,-54.0,11.75,2371045.0
7352,-53.75,11.75,2423940.0
7353,-53.5,11.75,2476849.0
7354,-53.25,11.75,2529770.0
7355,-53.0,11.75,2586486.0
7356,-52.75,11.75,2639414.0
7357,-52.5,11.75,2692317.0
7358,-52.25,11.75,2745199.0
7359,-52.0,11.75,2801829.0
7360,-51.75,11.75,2854671.0
7361,-51.5,11.75,2907479.0
7362,-51.25,11.75,2964050.0
7363,-51.0,11.75,3016819.0
7364,-50.75,11.75,3069574.0
7365,-50.5,11.75,3122307.0
7366,-50.25,11.75,3178782.0
7367,-50.0,11.75,3231483.0
7368,-49.75,11.75,3284154.0
7369,-49.5,11.75,3340572.0
7370,-49.25,11.75,3393212.0
7371,-49.0,11.75,3445824.0
7372,-48.75,11.75,3502193.0
7373,-48.5,11.75,3554778.0
7374,-48.25,11.75,3607340.0
7375,-48.0,11.75,3663654.0
7376,-47.75,11.75,3716187.0
7377,-47.5,11.75,3768701.0
7378,-47.25,11.75,3821213.0
7379,-47.0,11.75,3877452.0
7380,-46.75,11.75,3929919.0
7381,-46.5,11.75,3982390.0
7382,-46.25,11.75,4038583.0
7383,-46.0,11.75,4091007.0
7384,-45.75,11.75,4143429.0
7385,-45.5,11.75,4199588.0
7386,-45.25,11.75,4251977.0
7387,-45.0,11.75,4304349.0
7388,-44.75,11.75,4356728.0
7389,-44.5,11.75,4412829.0
7390,-44.25,11.75,4465173.0
7391,-44.0,11.75,4517506.0
7392,-43.75,11.75,4569825.0
7393,-43.5,11.75,4625889.0
7394,-43.25,11.75,4678193.0
7395,-43.0,11.75,4734221.0
7396,-42.75,11.75,4786497.0
7397,-42.5,11.75,4838779.0
7398,-42.25,11.75,4891056.0
7399,-42.0,11.75,4947055.0
7400,-41.75,11.75,4999302.0
7401,-41.5,11.75,5055281.0
7402,-41.25,11.75,5107501.0
7403,-41.0,11.75,5159741.0
7404,-40.75,11.75,5211975.0
7405,-40.5,11.75,5267926.0
7406,-40.25,11.75,5320146.0
7407,-40.0,11.75,5372351.0
7408,-39.75,11.75,5428272.0
7409,-39.5,11.75,5480464.0
7410,-39.25,11.75,5536385.0
7411,-39.0,11.75,5588555.0
7412,-38.75,11.75,5640748.0
7413,-38.5,11.75,5692940.0
7414,-38.25,11.75,5748859.0
7415,-38.0,11.75,5801052.0
7416,-37.75,11.75,5853233.0
7417,-37.5,11.75,5909123.0
7418,-37.25,11.75,5961288.0
7419,-37.0,11.75,6013452.0
7420,-36.75,11.75,6069343.0
7421,-36.5,11.75,6121506.0
7422,-36.25,11.75,6173670.0
7423,-36.0,11.75,6229561.0
7424,-35.75,11.75,6281724.0
7425,-35.5,11.75,6333888.0
7426,-35.25,11.75,6389779.0
7427,-35.0,11.75,6441942.0
7428,-34.75,11.75,6494106.0
7429,-34.5,11.75,6546269.0
7430,-34.25,11.75,6602159.0
7431,-34.0,11.75,6654341.0
7432,-33.75,11.75,6710260.0
7433,-33.5,11.75,6762453.0
7434,-33.25,11.75,6814645.0
7435,-33.0,11.75,6870564.0
7436,-32.75,11.75,6922738.0
7437,-32.5,11.75,6978657.0
7438,-32.25,11.75,7030849.0
7439,-32.0,11.75,7083040.0
7440,-31.75,11.75,7135246.0
7441,-31.5,11.75,7187466.0
7442,-31.25,11.75,7243415.0
7443,-31.0,11.75,7295650.0
7444,-30.75,11.75,7351621.0
7445,-30.5,11.75,7403841.0
7446,-30.25,11.75,7456087.0
7447,-30.0,11.75,7512068.0
7448,-29.75,11.75,7564334.0
7449,-29.5,11.75,7616609.0
7450,-29.25,11.75,7672627.0
7451,-29.0,11.75,7724903.0
7452,-28.75,11.75,7777194.0
7453,-28.5,11.75,7829498.0
7454,-28.25,11.75,7885561.0
7455,-28.0,11.75,7937884.0
7456,-27.75,11.75,7993953.0
7457,-27.5,11.75,8046298.0
7458,-27.25,11.75,8098657.0
7459,-27.0,11.75,8151038.0
7460,-26.75,11.75,8207151.0
7461,-26.5,11.75,8259539.0
7462,-26.25,11.75,8311954.0
7463,-26.0,11.75,8368120.0
7464,-25.75,11.75,8420547.0
7465,-25.5,11.75,8472991.0
7466,-25.25,11.75,8525462.0
7467,-25.0,11.75,8581677.0
7468,-24.75,11.75,8634165.0
7469,-24.5,11.75,8686678.0
7470,-24.25,11.75,8742944.0
7471,-24.0,11.75,8795478.0
7472,-23.75,11.75,8848037.0
7473,-23.5,11.75,8904355.0
7474,-23.25,11.75,8956940.0
7475,-23.0,11.75,9009551.0
7476,-22.75,11.75,9065922.0
7477,-22.5,11.75,9118562.0
7478,-22.25,11.75,9171222.0
7479,-22.0,11.75,9223892.0
7480,-21.75,11.75,9280356.0
7481,-21.5,11.75,9333065.0
7482,-21.25,11.75,9385799.0
7483,-21.0,11.75,9438552.0
7484,-20.75,11.75,9495088.0
7485,-20.5,11.75,9547889.0
7486,-20.25,11.75,9600697.0
7487,-20.0,11.75,9657314.0
7488,-19.75,11.75,9710168.0
7489,-19.5,11.75,9763049.0
7490,-19.25,11.75,9815951.0
7491,-19.0,11.75,9872658.0
7492,-18.75,11.75,9925591.0
7493,-18.5,11.75,9978510.0
7494,-18.25,11.75,10035196.0
7495,-18.0,11.75,10088085.0
7496,-17.75,11.75,10140965.0
7497,-17.5,11.75,10193827.0
7498,-17.25,11.75,10250451.0
7499,-17.0,11.75,10303284.0
7500,-16.75,11.75,10356102.0
7501,-16.5,11.75,10408908.0
7502,-16.25,11.75,10465462.0
7503,-61.75,11.5,709321.0
7504,-61.5,11.5,761683.0
7505,-61.25,11.5,814064.0
7506,-61.0,11.5,866459.0
7507,-60.75,11.5,918878.0
7508,-60.5,11.5,975065.0
7509,-60.25,11.5,1027523.0
7510,-60.0,11.5,1079997.0
7511,-59.75,11.5,1132499.0
7512,-59.5,11.5,1185011.0
7513,-59.25,11.5,1241293.0
7514,-59.0,11.5,1293850.0
7515,-58.75,11.5,1346420.0
7516,-58.5,11.5,1399007.0
7517,-58.25,11.5,1455375.0
7518,-58.0,11.5,1507997.0
7519,-57.75,11.5,1560640.0
7520,-57.5,11.5,1613301.0
7521,-57.25,11.5,1669734.0
7522,-57.0,11.5,1722433.0
7523,-56.75,11.5,1775140.0
7524,-56.5,11.5,1827866.0
7525,-56.25,11.5,1880610.0
7526,-56.0,11.5,1937132.0
7527,-55.75,11.5,1989910.0
7528,-55.5,11.5,2042692.0
7529,-55.25,11.5,2095503.0
7530,-55.0,11.5,2152093.0
7531,-54.75,11.5,2204931.0
7532,-54.5,11.5,2257779.0
7533,-54.25,11.5,2310646.0
7534,-54.0,11.5,2367302.0
7535,-53.75,11.5,2420196.0
7536,-53.5,11.5,2473102.0
7537,-53.25,11.5,2529804.0
7538,-53.0,11.5,2582739.0
7539,-52.75,11.5,2635669.0
7540,-52.5,11.5,2688572.0
7541,-52.25,11.5,2745233.0
7542,-52.0,11.5,2798087.0
7543,-51.75,11.5,2854705.0
7544,-51.5,11.5,2903744.0
7545,-51.25,11.5,2960315.0
7546,-51.0,11.5,3013086.0
7547,-50.75,11.5,3065839.0
7548,-50.5,11.5,3122341.0
7549,-50.25,11.5,3175050.0
7550,-50.0,11.5,3227752.0
7551,-49.75,11.5,3284188.0
7552,-49.5,11.5,3336846.0
7553,-49.25,11.5,3389487.0
7554,-49.0,11.5,3445858.0
7555,-48.75,11.5,3498470.0
7556,-48.5,11.5,3551056.0
7557,-48.25,11.5,3607374.0
7558,-48.0,11.5,3659934.0
7559,-47.75,11.5,3712469.0
7560,-47.5,11.5,3768735.0
7561,-47.25,11.5,3821247.0
7562,-47.0,11.5,3873738.0
7563,-46.75,11.5,3929953.0
7564,-46.5,11.5,3982424.0
7565,-46.25,11.5,4034871.0
7566,-46.0,11.5,4087297.0
7567,-45.75,11.5,4143463.0
7568,-45.5,11.5,4195880.0
7569,-45.25,11.5,4248269.0
7570,-45.0,11.5,4304383.0
7571,-44.75,11.5,4356762.0
7572,-44.5,11.5,4409123.0
7573,-44.25,11.5,4461468.0
7574,-44.0,11.5,4517540.0
7575,-43.75,11.5,4569858.0
7576,-43.5,11.5,4625923.0
7577,-43.25,11.5,4678227.0
7578,-43.0,11.5,4730520.0
7579,-42.75,11.5,4786532.0
7580,-42.5,11.5,4838813.0
7581,-42.25,11.5,4894824.0
7582,-42.0,11.5,4947088.0
7583,-41.75,11.5,4999336.0
7584,-41.5,11.5,5051584.0
7585,-41.25,11.5,5103805.0
7586,-41.0,11.5,5159775.0
7587,-40.75,11.5,5212008.0
7588,-40.5,11.5,5267959.0
7589,-40.25,11.5,5320180.0
7590,-40.0,11.5,5372386.0
7591,-39.75,11.5,5428305.0
7592,-39.5,11.5,5480498.0
7593,-39.25,11.5,5532690.0
7594,-39.0,11.5,5584861.0
7595,-38.75,11.5,5640781.0
7596,-38.5,11.5,5692973.0
7597,-38.25,11.5,5748894.0
7598,-38.0,11.5,5801086.0
7599,-37.75,11.5,5853266.0
7600,-37.5,11.5,5909157.0
7601,-37.25,11.5,5961321.0
7602,-37.0,11.5,6017212.0
7603,-36.75,11.5,6069376.0
7604,-36.5,11.5,6121540.0
7605,-36.25,11.5,6177430.0
7606,-36.0,11.5,6229594.0
7607,-35.75,11.5,6281758.0
7608,-35.5,11.5,6337648.0
7609,-35.25,11.5,6389812.0
7610,-35.0,11.5,6441976.0
7611,-34.75,11.5,6497865.0
7612,-34.5,11.5,6550029.0
7613,-34.25,11.5,6602192.0
7614,-34.0,11.5,6658103.0
7615,-33.75,11.5,6710295.0
7616,-33.5,11.5,6762486.0
7617,-33.25,11.5,6814678.0
7618,-33.0,11.5,6870598.0
7619,-32.75,11.5,6922771.0
7620,-32.5,11.5,6974963.0
7621,-32.25,11.5,7030882.0
7622,-32.0,11.5,7083075.0
7623,-31.75,11.5,7139010.0
7624,-31.5,11.5,7191229.0
7625,-31.25,11.5,7243448.0
7626,-31.0,11.5,7299416.0
7627,-30.75,11.5,7351655.0
7628,-30.5,11.5,7403874.0
7629,-30.25,11.5,7459853.0
7630,-30.0,11.5,7512101.0
7631,-29.75,11.5,7564368.0
7632,-29.5,11.5,7620377.0
7633,-29.25,11.5,7672662.0
7634,-29.0,11.5,7724936.0
7635,-28.75,11.5,7780964.0
7636,-28.5,11.5,7833268.0
7637,-28.25,11.5,7885594.0
7638,-28.0,11.5,7941656.0
7639,-27.75,11.5,7993986.0
7640,-27.5,11.5,8046332.0
7641,-27.25,11.5,8102432.0
7642,-27.0,11.5,8154812.0
7643,-26.75,11.5,8207185.0
7644,-26.5,11.5,8259573.0
7645,-26.25,11.5,8315732.0
7646,-26.0,11.5,8368154.0
7647,-25.75,11.5,8420581.0
7648,-25.5,11.5,8476773.0
7649,-25.25,11.5,8529243.0
7650,-25.0,11.5,8581711.0
7651,-24.75,11.5,8637949.0
7652,-24.5,11.5,8690464.0
7653,-24.25,11.5,8742978.0
7654,-24.0,11.5,8795512.0
7655,-23.75,11.5,8851827.0
7656,-23.5,11.5,8904389.0
7657,-23.25,11.5,8956974.0
7658,-23.0,11.5,9013344.0
7659,-22.75,11.5,9065956.0
7660,-22.5,11.5,9118596.0
7661,-22.25,11.5,9175018.0
7662,-22.0,11.5,9227689.0
7663,-21.75,11.5,9280390.0
7664,-21.5,11.5,9336865.0
7665,-21.25,11.5,9389600.0
7666,-21.0,11.5,9442355.0
7667,-20.75,11.5,9498893.0
7668,-20.5,11.5,9551694.0
7669,-20.25,11.5,9604505.0
7670,-20.0,11.5,9657348.0
7671,-19.75,11.5,9713978.0
7672,-19.5,11.5,9766860.0
7673,-19.25,11.5,9819766.0
7674,-19.0,11.5,9876475.0
7675,-18.75,11.5,9929405.0
7676,-18.5,11.5,9982323.0
7677,-18.25,11.5,10035230.0
7678,-18.0,11.5,10091898.0
7679,-17.75,11.5,10144775.0
7680,-17.5,11.5,10197636.0
7681,-17.25,11.5,10250485.0
7682,-17.0,11.5,10307093.0
7683,-16.75,11.5,10359908.0
7684,-16.5,11.5,10412713.0
7685,-16.25,11.5,10465496.0
7686,-61.75,11.25,701878.0
7687,-61.5,11.25,757978.0
7688,-61.25,11.25,810357.0
7689,-61.0,11.25,862750.0
7690,-60.75,11.25,915170.0
7691,-60.5,11.25,967607.0
7692,-60.25,11.25,1020061.0
7693,-60.0,11.25,1076284.0
7694,-59.75,11.25,1128782.0
7695,-59.5,11.25,1181294.0
7696,-59.25,11.25,1237576.0
7697,-59.0,11.25,1290132.0
7698,-58.75,11.25,1342698.0
7699,-58.5,11.25,1395284.0
7700,-58.25,11.25,1447893.0
7701,-58.0,11.25,1504272.0
7702,-57.75,11.25,1556915.0
7703,-57.5,11.25,1609574.0
7704,-57.25,11.25,1662243.0
7705,-57.0,11.25,1718702.0
7706,-56.75,11.25,1771409.0
7707,-56.5,11.25,1824135.0
7708,-56.25,11.25,1880644.0
7709,-56.0,11.25,1929630.0
7710,-55.75,11.25,1986174.0
7711,-55.5,11.25,2038957.0
7712,-55.25,11.25,2095538.0
7713,-55.0,11.25,2148354.0
7714,-54.75,11.25,2201192.0
7715,-54.5,11.25,2254039.0
7716,-54.25,11.25,2310681.0
7717,-54.0,11.25,2363558.0
7718,-53.75,11.25,2416452.0
7719,-53.5,11.25,2469357.0
7720,-53.25,11.25,2526059.0
7721,-53.0,11.25,2578991.0
7722,-52.75,11.25,2631922.0
7723,-52.5,11.25,2688606.0
7724,-52.25,11.25,2741491.0
7725,-52.0,11.25,2794346.0
7726,-51.75,11.25,2847191.0
7727,-51.5,11.25,2903778.0
7728,-51.25,11.25,2956579.0
7729,-51.0,11.25,3009351.0
7730,-50.75,11.25,3065873.0
7731,-50.5,11.25,3118609.0
7732,-50.25,11.25,3171317.0
7733,-50.0,11.25,3227786.0
7734,-49.75,11.25,3280460.0
7735,-49.5,11.25,3336880.0
7736,-49.25,11.25,3389521.0
7737,-49.0,11.25,3442136.0
7738,-48.75,11.25,3494745.0
7739,-48.5,11.25,3551090.0
7740,-48.25,11.25,3603653.0
7741,-48.0,11.25,3656213.0
7742,-47.75,11.25,3712503.0
7743,-47.5,11.25,3765017.0
7744,-47.25,11.25,3817531.0
7745,-47.0,11.25,3873772.0
7746,-46.75,11.25,3926241.0
7747,-46.5,11.25,3978710.0
7748,-46.25,11.25,4034905.0
7749,-46.0,11.25,4087331.0
7750,-45.75,11.25,4139753.0
7751,-45.5,11.25,4195914.0
7752,-45.25,11.25,4248303.0
7753,-45.0,11.25,4300677.0
7754,-44.75,11.25,4353056.0
7755,-44.5,11.25,4409157.0
7756,-44.25,11.25,4461501.0
7757,-44.0,11.25,4517573.0
7758,-43.75,11.25,4569893.0
7759,-43.5,11.25,4622221.0
7760,-43.25,11.25,4678262.0
7761,-43.0,11.25,4730554.0
7762,-42.75,11.25,4782832.0
7763,-42.5,11.25,4838846.0
7764,-42.25,11.25,4891123.0
7765,-42.0,11.25,4943390.0
7766,-41.75,11.25,4999371.0
7767,-41.5,11.25,5051618.0
7768,-41.25,11.25,5107569.0
7769,-41.0,11.25,5159808.0
7770,-40.75,11.25,5212043.0
7771,-40.5,11.25,5264263.0
7772,-40.25,11.25,5320215.0
7773,-40.0,11.25,5372419.0
7774,-39.75,11.25,5424611.0
7775,-39.5,11.25,5480532.0
7776,-39.25,11.25,5532724.0
7777,-39.0,11.25,5588623.0
7778,-38.75,11.25,5640815.0
7779,-38.5,11.25,5693008.0
7780,-38.25,11.25,5748927.0
7781,-38.0,11.25,5801119.0
7782,-37.75,11.25,5853301.0
7783,-37.5,11.25,5905465.0
7784,-37.25,11.25,5961355.0
7785,-37.0,11.25,6013519.0
7786,-36.75,11.25,6065683.0
7787,-36.5,11.25,6121573.0
7788,-36.25,11.25,6173738.0
7789,-36.0,11.25,6229629.0
7790,-35.75,11.25,6281792.0
7791,-35.5,11.25,6333955.0
7792,-35.25,11.25,6389845.0
7793,-35.0,11.25,6442009.0
7794,-34.75,11.25,6494173.0
7795,-34.5,11.25,6550063.0
7796,-34.25,11.25,6602227.0
7797,-34.0,11.25,6658136.0
7798,-33.75,11.25,6710328.0
7799,-33.5,11.25,6762521.0
7800,-33.25,11.25,6818440.0
7801,-33.0,11.25,6870632.0
7802,-32.75,11.25,6926533.0
7803,-32.5,11.25,6978725.0
7804,-32.25,11.25,7030916.0
7805,-32.0,11.25,7083108.0
7806,-31.75,11.25,7139045.0
7807,-31.5,11.25,7191263.0
7808,-31.25,11.25,7243483.0
7809,-31.0,11.25,7299449.0
7810,-30.75,11.25,7351689.0
7811,-30.5,11.25,7407640.0
7812,-30.25,11.25,7459888.0
7813,-30.0,11.25,7512135.0
7814,-29.75,11.25,7564401.0
7815,-29.5,11.25,7620410.0
7816,-29.25,11.25,7672696.0
7817,-29.0,11.25,7728704.0
7818,-28.75,11.25,7780999.0
7819,-28.5,11.25,7833302.0
7820,-28.25,11.25,7885629.0
7821,-28.0,11.25,7941689.0
7822,-27.75,11.25,7994019.0
7823,-27.5,11.25,8050106.0
7824,-27.25,11.25,8102466.0
7825,-27.0,11.25,8154846.0
7826,-26.75,11.25,8210961.0
7827,-26.5,11.25,8263351.0
7828,-26.25,11.25,8315766.0
7829,-26.0,11.25,8371932.0
7830,-25.75,11.25,8424361.0
7831,-25.5,11.25,8476807.0
7832,-25.25,11.25,8529277.0
7833,-25.0,11.25,8585493.0
7834,-24.75,11.25,8637983.0
7835,-24.5,11.25,8690498.0
7836,-24.25,11.25,8746764.0
7837,-24.0,11.25,8799299.0
7838,-23.75,11.25,8855618.0
7839,-23.5,11.25,8908179.0
7840,-23.25,11.25,8960765.0
7841,-23.0,11.25,9013378.0
7842,-22.75,11.25,9069750.0
7843,-22.5,11.25,9122392.0
7844,-22.25,11.25,9175052.0
7845,-22.0,11.25,9231487.0
7846,-21.75,11.25,9284189.0
7847,-21.5,11.25,9336899.0
7848,-21.25,11.25,9393402.0
7849,-21.0,11.25,9446156.0
7850,-20.75,11.25,9498927.0
7851,-20.5,11.25,9555500.0
7852,-20.25,11.25,9608313.0
7853,-20.0,11.25,9661159.0
7854,-19.75,11.25,9714012.0
7855,-19.5,11.25,9770673.0
7856,-19.25,11.25,9823579.0
7857,-19.0,11.25,9876509.0
7858,-18.75,11.25,9933220.0
7859,-18.5,11.25,9986138.0
7860,-18.25,11.25,10042820.0
7861,-18.0,11.25,10091932.0
7862,-17.75,11.25,10148586.0
7863,-17.5,11.25,10201448.0
7864,-17.25,11.25,10258068.0
7865,-17.0,11.25,10307128.0
7866,-16.75,11.25,10363715.0
7867,-16.5,11.25,10416521.0
7868,-16.25,11.25,10473070.0
7869,-61.75,11.0,698175.0
7870,-61.5,11.0,750532.0
7871,-61.25,11.0,802907.0
7872,-61.0,11.0,859041.0
7873,-60.75,11.0,911460.0
7874,-60.5,11.0,963896.0
7875,-60.25,11.0,1020096.0
7876,-60.0,11.0,1072571.0
7877,-59.75,11.0,1125066.0
7878,-59.5,11.0,1177577.0
7879,-59.25,11.0,1230107.0
7880,-59.0,11.0,1286411.0
7881,-58.75,11.0,1338977.0
7882,-58.5,11.0,1391563.0
7883,-58.25,11.0,1447928.0
7884,-58.0,11.0,1496787.0
7885,-57.75,11.0,1553189.0
7886,-57.5,11.0,1605845.0
7887,-57.25,11.0,1658516.0
7888,-57.0,11.0,1714973.0
7889,-56.75,11.0,1767677.0
7890,-56.5,11.0,1820403.0
7891,-56.25,11.0,1873143.0
7892,-56.0,11.0,1929665.0
7893,-55.75,11.0,1982439.0
7894,-55.5,11.0,2035222.0
7895,-55.25,11.0,2088028.0
7896,-55.0,11.0,2144614.0
7897,-54.75,11.0,2197452.0
7898,-54.5,11.0,2254073.0
7899,-54.25,11.0,2306940.0
7900,-54.0,11.0,2359815.0
7901,-53.75,11.0,2412709.0
7902,-53.5,11.0,2469391.0
7903,-53.25,11.0,2522313.0
7904,-53.0,11.0,2575242.0
7905,-52.75,11.0,2628177.0
7906,-52.5,11.0,2684863.0
7907,-52.25,11.0,2737750.0
7908,-52.0,11.0,2790603.0
7909,-51.75,11.0,2847226.0
7910,-51.5,11.0,2900041.0
7911,-51.25,11.0,2952842.0
7912,-51.0,11.0,3009385.0
7913,-50.75,11.0,3062139.0
7914,-50.5,11.0,3118644.0
7915,-50.25,11.0,3171351.0
7916,-50.0,11.0,3224057.0
7917,-49.75,11.0,3276733.0
7918,-49.5,11.0,3329390.0
7919,-49.25,11.0,3385796.0
7920,-49.0,11.0,3438413.0
7921,-48.75,11.0,3491022.0
7922,-48.5,11.0,3547369.0
7923,-48.25,11.0,3599931.0
7924,-48.0,11.0,3652494.0
7925,-47.75,11.0,3708786.0
7926,-47.5,11.0,3761300.0
7927,-47.25,11.0,3817565.0
7928,-47.0,11.0,3870058.0
7929,-46.75,11.0,3926275.0
7930,-46.5,11.0,3978744.0
7931,-46.25,11.0,4031192.0
7932,-46.0,11.0,4083621.0
7933,-45.75,11.0,4139787.0
7934,-45.5,11.0,4192204.0
7935,-45.25,11.0,4244595.0
7936,-45.0,11.0,4300711.0
7937,-44.75,11.0,4353089.0
7938,-44.5,11.0,4409190.0
7939,-44.25,11.0,4461535.0
7940,-44.0,11.0,4513869.0
7941,-43.75,11.0,4569927.0
7942,-43.5,11.0,4622255.0
7943,-43.25,11.0,4674560.0
7944,-43.0,11.0,4726854.0
7945,-42.75,11.0,4782865.0
7946,-42.5,11.0,4835146.0
7947,-42.25,11.0,4891157.0
7948,-42.0,11.0,4943424.0
7949,-41.75,11.0,4995673.0
7950,-41.5,11.0,5051651.0
7951,-41.25,11.0,5103873.0
7952,-41.0,11.0,5156110.0
7953,-40.75,11.0,5212077.0
7954,-40.5,11.0,5264296.0
7955,-40.25,11.0,5320248.0
7956,-40.0,11.0,5372453.0
7957,-39.75,11.0,5424646.0
7958,-39.5,11.0,5480565.0
7959,-39.25,11.0,5532758.0
7960,-39.0,11.0,5584928.0
7961,-38.75,11.0,5640850.0
7962,-38.5,11.0,5693041.0
7963,-38.25,11.0,5745233.0
7964,-38.0,11.0,5801154.0
7965,-37.75,11.0,5853334.0
7966,-37.5,11.0,5909225.0
7967,-37.25,11.0,5961389.0
7968,-37.0,11.0,6013552.0
7969,-36.75,11.0,6069443.0
7970,-36.5,11.0,6121607.0
7971,-36.25,11.0,6177497.0
7972,-36.0,11.0,6229661.0
7973,-35.75,11.0,6281825.0
7974,-35.5,11.0,6337715.0
7975,-35.25,11.0,6389879.0
7976,-35.0,11.0,6442042.0
7977,-34.75,11.0,6497933.0
7978,-34.5,11.0,6550097.0
7979,-34.25,11.0,6602260.0
7980,-34.0,11.0,6658171.0
7981,-33.75,11.0,6710362.0
7982,-33.5,11.0,6762554.0
7983,-33.25,11.0,6818475.0
7984,-33.0,11.0,6870665.0
7985,-32.75,11.0,6922839.0
7986,-32.5,11.0,6978758.0
7987,-32.25,11.0,7030951.0
7988,-32.0,11.0,7086870.0
7989,-31.75,11.0,7139078.0
7990,-31.5,11.0,7191296.0
7991,-31.25,11.0,7247247.0
7992,-31.0,11.0,7299483.0
7993,-30.75,11.0,7351723.0
7994,-30.5,11.0,7407673.0
7995,-30.25,11.0,7459922.0
7996,-30.0,11.0,7515901.0
7997,-29.75,11.0,7568169.0
7998,-29.5,11.0,7620444.0
7999,-29.25,11.0,7672729.0
8000,-29.0,11.0,7728738.0
8001,-28.75,11.0,7781033.0
8002,-28.5,11.0,7837072.0
8003,-28.25,11.0,7889401.0
8004,-28.0,11.0,7941723.0
8005,-27.75,11.0,7997791.0
8006,-27.5,11.0,8050139.0
8007,-27.25,11.0,8106241.0
8008,-27.0,11.0,8158620.0
8009,-26.75,11.0,8210995.0
8010,-26.5,11.0,8263385.0
8011,-26.25,11.0,8319544.0
8012,-26.0,11.0,8371966.0
8013,-25.75,11.0,8424394.0
8014,-25.5,11.0,8480589.0
8015,-25.25,11.0,8533057.0
8016,-25.0,11.0,8585527.0
8017,-24.75,11.0,8641767.0
8018,-24.5,11.0,8694285.0
8019,-24.25,11.0,8750551.0
8020,-24.0,11.0,8803088.0
8021,-23.75,11.0,8855652.0
8022,-23.5,11.0,8911970.0
8023,-23.25,11.0,8964558.0
8024,-23.0,11.0,9017171.0
8025,-22.75,11.0,9073545.0
8026,-22.5,11.0,9126188.0
8027,-22.25,11.0,9178849.0
8028,-22.0,11.0,9235286.0
8029,-21.75,11.0,9287989.0
8030,-21.5,11.0,9340700.0
8031,-21.25,11.0,9393436.0
8032,-21.0,11.0,9449958.0
8033,-20.75,11.0,9502730.0
8034,-20.5,11.0,9555534.0
8035,-20.25,11.0,9612122.0
8036,-20.0,11.0,9664968.0
8037,-19.75,11.0,9717823.0
8038,-19.5,11.0,9774488.0
8039,-19.25,11.0,9827394.0
8040,-19.0,11.0,9880324.0
8041,-18.75,11.0,9933254.0
8042,-18.5,11.0,9989952.0
8043,-18.25,11.0,10042855.0
8044,-18.0,11.0,10099523.0
8045,-17.75,11.0,10152397.0
8046,-17.5,11.0,10205258.0
8047,-17.25,11.0,10258102.0
8048,-17.0,11.0,10314710.0
8049,-16.75,11.0,10367521.0
8050,-16.5,11.0,10420328.0
8051,-16.25,11.0,10473105.0
8052,-61.75,10.75,694472.0
8053,-61.5,10.75,746827.0
8054,-61.25,10.75,799201.0
8055,-61.0,10.75,855333.0
8056,-60.75,10.75,907749.0
8057,-60.5,10.75,960185.0
8058,-60.25,10.75,1012634.0
8059,-60.0,10.75,1065109.0
8060,-59.75,10.75,1121352.0
8061,-59.5,10.75,1173859.0
8062,-59.25,10.75,1226390.0
8063,-59.0,10.75,1282692.0
8064,-58.75,10.75,1335254.0
8065,-58.5,10.75,1387842.0
8066,-58.25,10.75,1440446.0
8067,-58.0,10.75,1496821.0
8068,-57.75,10.75,1549464.0
8069,-57.5,10.75,1602118.0
8070,-57.25,10.75,1658550.0
8071,-57.0,10.75,1707479.0
8072,-56.75,10.75,1763946.0
8073,-56.5,10.75,1816672.0
8074,-56.25,10.75,1873177.0
8075,-56.0,10.75,1925932.0
8076,-55.75,10.75,1978703.0
8077,-55.5,10.75,2031485.0
8078,-55.25,10.75,2088062.0
8079,-55.0,10.75,2140874.0
8080,-54.75,10.75,2193713.0
8081,-54.5,10.75,2246555.0
8082,-54.25,10.75,2303197.0
8083,-54.0,10.75,2356071.0
8084,-53.75,10.75,2412743.0
8085,-53.5,10.75,2465646.0
8086,-53.25,10.75,2518567.0
8087,-53.0,10.75,2571495.0
8088,-52.75,10.75,2628211.0
8089,-52.5,10.75,2681117.0
8090,-52.25,10.75,2734007.0
8091,-52.0,10.75,2790637.0
8092,-51.75,10.75,2843486.0
8093,-51.5,10.75,2900075.0
8094,-51.25,10.75,2952876.0
8095,-51.0,10.75,3005652.0
8096,-50.75,10.75,3058406.0
8097,-50.5,10.75,3111146.0
8098,-50.25,10.75,3167621.0
8099,-50.0,10.75,3220327.0
8100,-49.75,10.75,3276767.0
8101,-49.5,10.75,3329424.0
8102,-49.25,10.75,3382070.0
8103,-49.0,10.75,3438447.0
8104,-48.75,10.75,3491057.0
8105,-48.5,10.75,3543647.0
8106,-48.25,10.75,3599965.0
8107,-48.0,10.75,3652528.0
8108,-47.75,10.75,3705068.0
8109,-47.5,10.75,3761334.0
8110,-47.25,10.75,3813849.0
8111,-47.0,10.75,3870092.0
8112,-46.75,10.75,3922563.0
8113,-46.5,10.75,3975030.0
8114,-46.25,10.75,4031226.0
8115,-46.0,10.75,4083655.0
8116,-45.75,10.75,4136076.0
8117,-45.5,10.75,4192238.0
8118,-45.25,10.75,4244628.0
8119,-45.0,10.75,4297005.0
8120,-44.75,10.75,4349381.0
8121,-44.5,10.75,4405484.0
8122,-44.25,10.75,4461570.0
8123,-44.0,10.75,4513903.0
8124,-43.75,10.75,4566223.0
8125,-43.5,10.75,4618553.0
8126,-43.25,10.75,4674594.0
8127,-43.0,10.75,4726887.0
8128,-42.75,10.75,4782899.0
8129,-42.5,10.75,4835180.0
8130,-42.25,10.75,4887457.0
8131,-42.0,10.75,4943459.0
8132,-41.75,10.75,4995706.0
8133,-41.5,10.75,5051686.0
8134,-41.25,10.75,5103906.0
8135,-41.0,10.75,5156145.0
8136,-40.75,10.75,5212110.0
8137,-40.5,10.75,5264331.0
8138,-40.25,10.75,5316551.0
8139,-40.0,10.75,5372488.0
8140,-39.75,10.75,5424679.0
8141,-39.5,10.75,5476871.0
8142,-39.25,10.75,5532792.0
8143,-39.0,10.75,5584961.0
8144,-38.75,10.75,5640883.0
8145,-38.5,10.75,5693075.0
8146,-38.25,10.75,5745268.0
8147,-38.0,10.75,5801187.0
8148,-37.75,10.75,5853369.0
8149,-37.5,10.75,5905533.0
8150,-37.25,10.75,5961422.0
8151,-37.0,10.75,6013587.0
8152,-36.75,10.75,6065751.0
8153,-36.5,10.75,6121641.0
8154,-36.25,10.75,6173805.0
8155,-36.0,10.75,6229694.0
8156,-35.75,10.75,6281859.0
8157,-35.5,10.75,6334023.0
8158,-35.25,10.75,6389913.0
8159,-35.0,10.75,6442077.0
8160,-34.75,10.75,6497966.0
8161,-34.5,10.75,6550131.0
8162,-34.25,10.75,6602295.0
8163,-34.0,10.75,6658204.0
8164,-33.75,10.75,6710397.0
8165,-33.5,10.75,6766316.0
8166,-33.25,10.75,6818508.0
8167,-33.0,10.75,6870698.0
8168,-32.75,10.75,6926601.0
8169,-32.5,10.75,6978792.0
8170,-32.25,10.75,7030984.0
8171,-32.0,10.75,7086905.0
8172,-31.75,10.75,7139111.0
8173,-31.5,10.75,7191331.0
8174,-31.25,10.75,7247280.0
8175,-31.0,10.75,7299518.0
8176,-30.75,10.75,7355486.0
8177,-30.5,10.75,7407708.0
8178,-30.25,10.75,7459955.0
8179,-30.0,10.75,7515936.0
8180,-29.75,10.75,7568203.0
8181,-29.5,10.75,7624212.0
8182,-29.25,10.75,7676497.0
8183,-29.0,10.75,7728771.0
8184,-28.75,10.75,7784803.0
8185,-28.5,10.75,7837106.0
8186,-28.25,10.75,7889435.0
8187,-28.0,10.75,7945495.0
8188,-27.75,10.75,7997826.0
8189,-27.5,10.75,8050173.0
8190,-27.25,10.75,8106275.0
8191,-27.0,10.75,8158654.0
8192,-26.75,10.75,8214770.0
8193,-26.5,10.75,8267163.0
8194,-26.25,10.75,8319577.0
8195,-26.0,10.75,8375744.0
8196,-25.75,10.75,8428174.0
8197,-25.5,10.75,8480623.0
8198,-25.25,10.75,8533091.0
8199,-25.0,10.75,8589309.0
8200,-24.75,10.75,8641801.0
8201,-24.5,10.75,8698071.0
8202,-24.25,10.75,8750585.0
8203,-24.0,10.75,8806876.0
8204,-23.75,10.75,8859442.0
8205,-23.5,10.75,8912004.0
8206,-23.25,10.75,8968351.0
8207,-23.0,10.75,9020963.0
8208,-22.75,10.75,9073579.0
8209,-22.5,10.75,9129984.0
8210,-22.25,10.75,9182645.0
8211,-22.0,10.75,9235320.0
8212,-21.75,10.75,9291790.0
8213,-21.5,10.75,9344500.0
8214,-21.25,10.75,9397239.0
8215,-21.0,10.75,9453761.0
8216,-20.75,10.75,9506535.0
8217,-20.5,10.75,9559340.0
8218,-20.25,10.75,9612156.0
8219,-20.0,10.75,9668778.0
8220,-19.75,10.75,9721632.0
8221,-19.5,10.75,9774522.0
8222,-19.25,10.75,9831208.0
8223,-19.0,10.75,9884141.0
8224,-18.75,10.75,9940848.0
8225,-18.5,10.75,9989987.0
8226,-18.25,10.75,10046667.0
8227,-18.0,10.75,10099557.0
8228,-17.75,10.75,10156206.0
8229,-17.5,10.75,10209068.0
8230,-17.25,10.75,10261911.0
8231,-17.0,10.75,10314744.0
8232,-16.75,10.75,10371327.0
8233,-16.5,10.75,10424131.0
8234,-16.25,10.75,10480679.0
8235,-61.75,10.5,687030.0
8236,-61.5,10.5,743122.0
8237,-61.25,10.5,795492.0
8238,-61.0,10.5,847883.0
8239,-60.75,10.5,904041.0
8240,-60.5,10.5,956474.0
8241,-60.25,10.5,1008921.0
8242,-60.0,10.5,1065144.0
8243,-59.75,10.5,1117637.0
8244,-59.5,10.5,1170141.0
8245,-59.25,10.5,1222672.0
8246,-59.0,10.5,1275219.0
8247,-58.75,10.5,1331534.0
8248,-58.5,10.5,1384120.0
8249,-58.25,10.5,1436723.0
8250,-58.0,10.5,1493096.0
8251,-57.75,10.5,1545737.0
8252,-57.5,10.5,1598390.0
8253,-57.25,10.5,1651061.0
8254,-57.0,10.5,1707514.0
8255,-56.75,10.5,1760214.0
8256,-56.5,10.5,1812941.0
8257,-56.25,10.5,1865675.0
8258,-56.0,10.5,1922197.0
8259,-55.75,10.5,1974967.0
8260,-55.5,10.5,2027750.0
8261,-55.25,10.5,2084325.0
8262,-55.0,10.5,2137135.0
8263,-54.75,10.5,2189972.0
8264,-54.5,10.5,2246589.0
8265,-54.25,10.5,2299455.0
8266,-54.0,10.5,2352328.0
8267,-53.75,10.5,2409000.0
8268,-53.5,10.5,2461900.0
8269,-53.25,10.5,2514822.0
8270,-53.0,10.5,2571529.0
8271,-52.75,10.5,2624465.0
8272,-52.5,10.5,2677370.0
8273,-52.25,10.5,2734041.0
8274,-52.0,10.5,2786897.0
8275,-51.75,10.5,2839747.0
8276,-51.5,10.5,2892566.0
8277,-51.25,10.5,2949141.0
8278,-51.0,10.5,3001918.0
8279,-50.75,10.5,3058440.0
8280,-50.5,10.5,3111180.0
8281,-50.25,10.5,3163891.0
8282,-50.0,10.5,3220361.0
8283,-49.75,10.5,3273038.0
8284,-49.5,10.5,3325696.0
8285,-49.25,10.5,3382104.0
8286,-49.0,10.5,3434723.0
8287,-48.75,10.5,3487333.0
8288,-48.5,10.5,3543681.0
8289,-48.25,10.5,3596245.0
8290,-48.0,10.5,3648808.0
8291,-47.75,10.5,3705102.0
8292,-47.5,10.5,3757617.0
8293,-47.25,10.5,3810134.0
8294,-47.0,10.5,3866378.0
8295,-46.75,10.5,3922597.0
8296,-46.5,10.5,3975064.0
8297,-46.25,10.5,4027514.0
8298,-46.0,10.5,4079945.0
8299,-45.75,10.5,4136110.0
8300,-45.5,10.5,4188528.0
8301,-45.25,10.5,4240920.0
8302,-45.0,10.5,4297039.0
8303,-44.75,10.5,4349414.0
8304,-44.5,10.5,4405518.0
8305,-44.25,10.5,4457866.0
8306,-44.0,10.5,4510199.0
8307,-43.75,10.5,4566257.0
8308,-43.5,10.5,4618586.0
8309,-43.25,10.5,4674627.0
8310,-43.0,10.5,4726922.0
8311,-42.75,10.5,4779199.0
8312,-42.5,10.5,4835215.0
8313,-42.25,10.5,4887491.0
8314,-42.0,10.5,4943492.0
8315,-41.75,10.5,4995740.0
8316,-41.5,10.5,5047989.0
8317,-41.25,10.5,5100210.0
8318,-41.0,10.5,5156178.0
8319,-40.75,10.5,5208414.0
8320,-40.5,10.5,5264365.0
8321,-40.25,10.5,5316585.0
8322,-40.0,10.5,5372521.0
8323,-39.75,10.5,5424713.0
8324,-39.5,10.5,5476906.0
8325,-39.25,10.5,5532825.0
8326,-39.0,10.5,5584996.0
8327,-38.75,10.5,5637188.0
8328,-38.5,10.5,5693109.0
8329,-38.25,10.5,5745301.0
8330,-38.0,10.5,5801222.0
8331,-37.75,10.5,5853402.0
8332,-37.5,10.5,5905566.0
8333,-37.25,10.5,5961457.0
8334,-37.0,10.5,6013620.0
8335,-36.75,10.5,6069511.0
8336,-36.5,10.5,6121675.0
8337,-36.25,10.5,6173838.0
8338,-36.0,10.5,6229729.0
8339,-35.75,10.5,6281892.0
8340,-35.5,10.5,6337783.0
8341,-35.25,10.5,6389947.0
8342,-35.0,10.5,6442110.0
8343,-34.75,10.5,6498001.0
8344,-34.5,10.5,6550164.0
8345,-34.25,10.5,6602328.0
8346,-34.0,10.5,6658239.0
8347,-33.75,10.5,6710430.0
8348,-33.5,10.5,6762622.0
8349,-33.25,10.5,6818541.0
8350,-33.0,10.5,6870733.0
8351,-32.75,10.5,6926634.0
8352,-32.5,10.5,6978827.0
8353,-32.25,10.5,7034746.0
8354,-32.0,10.5,7086938.0
8355,-31.75,10.5,7142875.0
8356,-31.5,10.5,7195095.0
8357,-31.25,10.5,7247314.0
8358,-31.0,10.5,7299551.0
8359,-30.75,10.5,7355520.0
8360,-30.5,10.5,7407742.0
8361,-30.25,10.5,7463721.0
8362,-30.0,10.5,7515969.0
8363,-29.75,10.5,7571971.0
8364,-29.5,10.5,7624247.0
8365,-29.25,10.5,7676531.0
8366,-29.0,10.5,7728806.0
8367,-28.75,10.5,7784836.0
8368,-28.5,10.5,7840875.0
8369,-28.25,10.5,7893207.0
8370,-28.0,10.5,7945529.0
8371,-27.75,10.5,7997860.0
8372,-27.5,10.5,8053947.0
8373,-27.25,10.5,8106308.0
8374,-27.0,10.5,8162428.0
8375,-26.75,10.5,8214804.0
8376,-26.5,10.5,8267197.0
8377,-26.25,10.5,8323355.0
8378,-26.0,10.5,8375778.0
8379,-25.75,10.5,8428208.0
8380,-25.5,10.5,8484405.0
8381,-25.25,10.5,8536872.0
8382,-25.0,10.5,8589343.0
8383,-24.75,10.5,8645586.0
8384,-24.5,10.5,8698105.0
8385,-24.25,10.5,8754371.0
8386,-24.0,10.5,8806910.0
8387,-23.75,10.5,8859476.0
8388,-23.5,10.5,8915794.0
8389,-23.25,10.5,8968385.0
8390,-23.0,10.5,9020997.0
8391,-22.75,10.5,9077373.0
8392,-22.5,10.5,9130018.0
8393,-22.25,10.5,9186440.0
8394,-22.0,10.5,9239118.0
8395,-21.75,10.5,9291824.0
8396,-21.5,10.5,9348300.0
8397,-21.25,10.5,9401041.0
8398,-21.0,10.5,9453795.0
8399,-20.75,10.5,9510342.0
8400,-20.5,10.5,9563147.0
8401,-20.25,10.5,9615965.0
8402,-20.0,10.5,9668812.0
8403,-19.75,10.5,9725442.0
8404,-19.5,10.5,9778335.0
8405,-19.25,10.5,9831242.0
8406,-19.0,10.5,9887957.0
8407,-18.75,10.5,9940883.0
8408,-18.5,10.5,9997581.0
8409,-18.25,10.5,10050480.0
8410,-18.0,10.5,10103370.0
8411,-17.75,10.5,10156240.0
8412,-17.5,10.5,10212878.0
8413,-17.25,10.5,10265718.0
8414,-17.0,10.5,10318553.0
8415,-16.75,10.5,10375134.0
8416,-16.5,10.5,10427936.0
8417,-16.25,10.5,10480713.0
8418,-61.75,10.25,687065.0
8419,-61.5,10.25,739417.0
8420,-61.25,10.25,791785.0
8421,-61.0,10.25,844177.0
8422,-60.75,10.25,896587.0
8423,-60.5,10.25,952761.0
8424,-60.25,10.25,1005209.0
8425,-60.0,10.25,1057682.0
8426,-59.75,10.25,1110171.0
8427,-59.5,10.25,1166424.0
8428,-59.25,10.25,1218955.0
8429,-59.0,10.25,1271500.0
8430,-58.75,10.25,1327813.0
8431,-58.5,10.25,1380398.0
8432,-58.25,10.25,1432998.0
8433,-58.0,10.25,1485613.0
8434,-57.75,10.25,1542013.0
8435,-57.5,10.25,1594663.0
8436,-57.25,10.25,1647334.0
8437,-57.0,10.25,1703785.0
8438,-56.75,10.25,1756482.0
8439,-56.5,10.25,1809208.0
8440,-56.25,10.25,1865709.0
8441,-56.0,10.25,1918464.0
8442,-55.75,10.25,1971232.0
8443,-55.5,10.25,2027784.0
8444,-55.25,10.25,2080586.0
8445,-55.0,10.25,2133396.0
8446,-54.75,10.25,2186233.0
8447,-54.5,10.25,2242848.0
8448,-54.25,10.25,2295714.0
8449,-54.0,10.25,2348583.0
8450,-53.75,10.25,2405255.0
8451,-53.5,10.25,2458154.0
8452,-53.25,10.25,2514856.0
8453,-53.0,10.25,2567782.0
8454,-52.75,10.25,2620719.0
8455,-52.5,10.25,2673625.0
8456,-52.25,10.25,2730300.0
8457,-52.0,10.25,2783158.0
8458,-51.75,10.25,2836006.0
8459,-51.5,10.25,2892600.0
8460,-51.25,10.25,2945403.0
8461,-51.0,10.25,3001952.0
8462,-50.75,10.25,3054705.0
8463,-50.5,10.25,3107448.0
8464,-50.25,10.25,3163925.0
8465,-50.0,10.25,3216631.0
8466,-49.75,10.25,3269310.0
8467,-49.5,10.25,3325731.0
8468,-49.25,10.25,3378378.0
8469,-49.0,10.25,3430998.0
8470,-48.75,10.25,3487367.0
8471,-48.5,10.25,3539959.0
8472,-48.25,10.25,3596279.0
8473,-48.0,10.25,3648842.0
8474,-47.75,10.25,3701384.0
8475,-47.5,10.25,3757651.0
8476,-47.25,10.25,3810168.0
8477,-47.0,10.25,3866412.0
8478,-46.75,10.25,3918885.0
8479,-46.5,10.25,3971350.0
8480,-46.25,10.25,4027548.0
8481,-46.0,10.25,4079979.0
8482,-45.75,10.25,4132400.0
8483,-45.5,10.25,4188562.0
8484,-45.25,10.25,4240954.0
8485,-45.0,10.25,4297072.0
8486,-44.75,10.25,4349449.0
8487,-44.5,10.25,4401812.0
8488,-44.25,10.25,4457900.0
8489,-44.0,10.25,4510233.0
8490,-43.75,10.25,4562553.0
8491,-43.5,10.25,4618620.0
8492,-43.25,10.25,4670925.0
8493,-43.0,10.25,4726956.0
8494,-42.75,10.25,4779232.0
8495,-42.5,10.25,4831515.0
8496,-42.25,10.25,4887524.0
8497,-42.0,10.25,4939793.0
8498,-41.75,10.25,4992042.0
8499,-41.5,10.25,5048023.0
8500,-41.25,10.25,5103974.0
8501,-41.0,10.25,5156212.0
8502,-40.75,10.25,5208449.0
8503,-40.5,10.25,5264398.0
8504,-40.25,10.25,5316619.0
8505,-40.0,10.25,5368826.0
8506,-39.75,10.25,5424748.0
8507,-39.5,10.25,5476939.0
8508,-39.25,10.25,5532860.0
8509,-39.0,10.25,5585030.0
8510,-38.75,10.25,5640950.0
8511,-38.5,10.25,5693142.0
8512,-38.25,10.25,5745335.0
8513,-38.0,10.25,5801255.0
8514,-37.75,10.25,5853436.0
8515,-37.5,10.25,5905601.0
8516,-37.25,10.25,5961490.0
8517,-37.0,10.25,6013655.0
8518,-36.75,10.25,6069544.0
8519,-36.5,10.25,6121708.0
8520,-36.25,10.25,6173873.0
8521,-36.0,10.25,6229762.0
8522,-35.75,10.25,6281927.0
8523,-35.5,10.25,6337816.0
8524,-35.25,10.25,6389980.0
8525,-35.0,10.25,6442145.0
8526,-34.75,10.25,6498034.0
8527,-34.5,10.25,6550199.0
8528,-34.25,10.25,6606088.0
8529,-34.0,10.25,6658272.0
8530,-33.75,10.25,6714192.0
8531,-33.5,10.25,6766383.0
8532,-33.25,10.25,6818575.0
8533,-33.0,10.25,6874495.0
8534,-32.75,10.25,6926669.0
8535,-32.5,10.25,6978860.0
8536,-32.25,10.25,7034781.0
8537,-32.0,10.25,7086971.0
8538,-31.75,10.25,7139179.0
8539,-31.5,10.25,7195128.0
8540,-31.25,10.25,7247349.0
8541,-31.0,10.25,7303317.0
8542,-30.75,10.25,7355554.0
8543,-30.5,10.25,7411508.0
8544,-30.25,10.25,7463755.0
8545,-30.0,10.25,7516002.0
8546,-29.75,10.25,7572004.0
8547,-29.5,10.25,7624281.0
8548,-29.25,10.25,7680298.0
8549,-29.0,10.25,7732574.0
8550,-28.75,10.25,7784870.0
8551,-28.5,10.25,7837173.0
8552,-28.25,10.25,7893241.0
8553,-28.0,10.25,7949301.0
8554,-27.75,10.25,8001632.0
8555,-27.5,10.25,8053981.0
8556,-27.25,10.25,8106343.0
8557,-27.0,10.25,8162461.0
8558,-26.75,10.25,8218580.0
8559,-26.5,10.25,8270975.0
8560,-26.25,10.25,8323389.0
8561,-26.0,10.25,8379556.0
8562,-25.75,10.25,8431988.0
8563,-25.5,10.25,8484439.0
8564,-25.25,10.25,8536906.0
8565,-25.0,10.25,8593125.0
8566,-24.75,10.25,8649370.0
8567,-24.5,10.25,8701891.0
8568,-24.25,10.25,8754405.0
8569,-24.0,10.25,8810698.0
8570,-23.75,10.25,8863265.0
8571,-23.5,10.25,8915828.0
8572,-23.25,10.25,8972177.0
8573,-23.0,10.25,9024788.0
8574,-22.75,10.25,9077407.0
8575,-22.5,10.25,9133815.0
8576,-22.25,10.25,9186474.0
8577,-22.0,10.25,9239152.0
8578,-21.75,10.25,9295622.0
8579,-21.5,10.25,9348334.0
8580,-21.25,10.25,9404842.0
8581,-21.0,10.25,9457597.0
8582,-20.75,10.25,9510376.0
8583,-20.5,10.25,9566953.0
8584,-20.25,10.25,9619772.0
8585,-20.0,10.25,9672622.0
8586,-19.75,10.25,9729253.0
8587,-19.5,10.25,9782150.0
8588,-19.25,10.25,9838836.0
8589,-19.0,10.25,9887992.0
8590,-18.75,10.25,9944697.0
8591,-18.5,10.25,9997615.0
8592,-18.25,10.25,10054291.0
8593,-18.0,10.25,10107181.0
8594,-17.75,10.25,10160051.0
8595,-17.5,10.25,10216689.0
8596,-17.25,10.25,10269527.0
8597,-17.0,10.25,10322360.0
8598,-16.75,10.25,10378939.0
8599,-16.5,10.25,10431740.0
8600,-16.25,10.25,10484518.0
8601,-61.75,10.0,679623.0
8602,-61.5,10.0,731972.0
8603,-61.25,10.0,788078.0
8604,-61.0,10.0,840469.0
8605,-60.75,10.0,892878.0
8606,-60.5,10.0,949051.0
8607,-60.25,10.0,1001498.0
8608,-60.0,10.0,1053969.0
8609,-59.75,10.0,1110205.0
8610,-59.5,10.0,1162709.0
8611,-59.25,10.0,1215237.0
8612,-59.0,10.0,1267779.0
8613,-58.75,10.0,1320338.0
8614,-58.5,10.0,1376677.0
8615,-58.25,10.0,1429276.0
8616,-58.0,10.0,1485648.0
8617,-57.75,10.0,1538288.0
8618,-57.5,10.0,1590936.0
8619,-57.25,10.0,1643605.0
8620,-57.0,10.0,1700054.0
8621,-56.75,10.0,1752753.0
8622,-56.5,10.0,1805477.0
8623,-56.25,10.0,1861976.0
8624,-56.0,10.0,1914730.0
8625,-55.75,10.0,1971266.0
8626,-55.5,10.0,2020278.0
8627,-55.25,10.0,2076849.0
8628,-55.0,10.0,2129659.0
8629,-54.75,10.0,2186267.0
8630,-54.5,10.0,2239106.0
8631,-54.25,10.0,2291971.0
8632,-54.0,10.0,2348617.0
8633,-53.75,10.0,2401511.0
8634,-53.5,10.0,2454409.0
8635,-53.25,10.0,2511111.0
8636,-53.0,10.0,2564034.0
8637,-52.75,10.0,2616974.0
8638,-52.5,10.0,2673659.0
8639,-52.25,10.0,2726558.0
8640,-52.0,10.0,2783192.0
8641,-51.75,10.0,2836040.0
8642,-51.5,10.0,2888862.0
8643,-51.25,10.0,2945437.0
8644,-51.0,10.0,2998218.0
8645,-50.75,10.0,3050971.0
8646,-50.5,10.0,3107482.0
8647,-50.25,10.0,3160195.0
8648,-50.0,10.0,3212900.0
8649,-49.75,10.0,3269344.0
8650,-49.5,10.0,3322003.0
8651,-49.25,10.0,3378412.0
8652,-49.0,10.0,3431032.0
8653,-48.75,10.0,3483643.0
8654,-48.5,10.0,3539993.0
8655,-48.25,10.0,3592558.0
8656,-48.0,10.0,3645122.0
8657,-47.75,10.0,3701418.0
8658,-47.5,10.0,3753935.0
8659,-47.25,10.0,3806452.0
8660,-47.0,10.0,3862698.0
8661,-46.75,10.0,3918919.0
8662,-46.5,10.0,3971384.0
8663,-46.25,10.0,4023836.0
8664,-46.0,10.0,4076269.0
8665,-45.75,10.0,4132434.0
8666,-45.5,10.0,4184852.0
8667,-45.25,10.0,4240987.0
8668,-45.0,10.0,4293366.0
8669,-44.75,10.0,4349483.0
8670,-44.5,10.0,4401846.0
8671,-44.25,10.0,4454196.0
8672,-44.0,10.0,4506529.0
8673,-43.75,10.0,4562586.0
8674,-43.5,10.0,4618654.0
8675,-43.25,10.0,4670959.0
8676,-43.0,10.0,4723256.0
8677,-42.75,10.0,4779265.0
8678,-42.5,10.0,4831548.0
8679,-42.25,10.0,4887559.0
8680,-42.0,10.0,4939827.0
8681,-41.75,10.0,4992077.0
8682,-41.5,10.0,5048056.0
8683,-41.25,10.0,5100278.0
8684,-41.0,10.0,5152513.0
8685,-40.75,10.0,5208482.0
8686,-40.5,10.0,5260702.0
8687,-40.25,10.0,5316653.0
8688,-40.0,10.0,5368860.0
8689,-39.75,10.0,5424781.0
8690,-39.5,10.0,5476973.0
8691,-39.25,10.0,5529166.0
8692,-39.0,10.0,5585063.0
8693,-38.75,10.0,5637256.0
8694,-38.5,10.0,5689448.0
8695,-38.25,10.0,5745368.0
8696,-38.0,10.0,5797561.0
8697,-37.75,10.0,5853470.0
8698,-37.5,10.0,5905634.0
8699,-37.25,10.0,5961525.0
8700,-37.0,10.0,6013688.0
8701,-36.75,10.0,6065852.0
8702,-36.5,10.0,6121743.0
8703,-36.25,10.0,6173906.0
8704,-36.0,10.0,6229797.0
8705,-35.75,10.0,6281960.0
8706,-35.5,10.0,6337851.0
8707,-35.25,10.0,6390014.0
8708,-35.0,10.0,6442178.0
8709,-34.75,10.0,6498069.0
8710,-34.5,10.0,6550232.0
8711,-34.25,10.0,6602396.0
8712,-34.0,10.0,6658306.0
8713,-33.75,10.0,6710497.0
8714,-33.5,10.0,6766417.0
8715,-33.25,10.0,6818609.0
8716,-33.0,10.0,6874528.0
8717,-32.75,10.0,6926703.0
8718,-32.5,10.0,6982622.0
8719,-32.25,10.0,7034814.0
8720,-32.0,10.0,7090733.0
8721,-31.75,10.0,7142943.0
8722,-31.5,10.0,7195162.0
8723,-31.25,10.0,7247382.0
8724,-31.0,10.0,7303350.0
8725,-30.75,10.0,7355588.0
8726,-30.5,10.0,7411541.0
8727,-30.25,10.0,7463790.0
8728,-30.0,10.0,7519768.0
8729,-29.75,10.0,7572039.0
8730,-29.5,10.0,7624314.0
8731,-29.25,10.0,7680331.0
8732,-29.0,10.0,7732608.0
8733,-28.75,10.0,7788640.0
8734,-28.5,10.0,7840943.0
8735,-28.25,10.0,7893274.0
8736,-28.0,10.0,7949335.0
8737,-27.75,10.0,8001666.0
8738,-27.5,10.0,8057755.0
8739,-27.25,10.0,8110119.0
8740,-27.0,10.0,8162495.0
8741,-26.75,10.0,8218613.0
8742,-26.5,10.0,8271009.0
8743,-26.25,10.0,8327167.0
8744,-26.0,10.0,8379590.0
8745,-25.75,10.0,8432022.0
8746,-25.5,10.0,8488221.0
8747,-25.25,10.0,8540688.0
8748,-25.0,10.0,8593159.0
8749,-24.75,10.0,8649404.0
8750,-24.5,10.0,8701925.0
8751,-24.25,10.0,8758191.0
8752,-24.0,10.0,8810732.0
8753,-23.75,10.0,8867052.0
8754,-23.5,10.0,8919618.0
8755,-23.25,10.0,8972211.0
8756,-23.0,10.0,9028580.0
8757,-22.75,10.0,9081201.0
8758,-22.5,10.0,9133849.0
8759,-22.25,10.0,9190270.0
8760,-22.0,10.0,9242949.0
8761,-21.75,10.0,9295656.0
8762,-21.5,10.0,9352134.0
8763,-21.25,10.0,9404876.0
8764,-21.0,10.0,9457631.0
8765,-20.75,10.0,9514182.0
8766,-20.5,10.0,9566987.0
8767,-20.25,10.0,9623580.0
8768,-20.0,10.0,9676430.0
8769,-19.75,10.0,9729287.0
8770,-19.5,10.0,9785964.0
8771,-19.25,10.0,9838871.0
8772,-19.0,10.0,9895590.0
8773,-18.75,10.0,9948512.0
8774,-18.5,10.0,10001430.0
8775,-18.25,10.0,10054325.0
8776,-18.0,10.0,10110993.0
8777,-17.75,10.0,10163860.0
8778,-17.5,10.0,10216723.0
8779,-17.25,10.0,10273335.0
8780,-17.0,10.0,10326168.0
8781,-16.75,10.0,10382746.0
8782,-16.5,10.0,10435544.0
8783,-16.25,10.0,10488322.0
8784,-61.75,9.75,675921.0
8785,-61.5,9.75,728267.0
8786,-61.25,9.75,784371.0
8787,-61.0,9.75,836761.0
8788,-60.75,9.75,889170.0
8789,-60.5,9.75,941593.0
8790,-60.25,9.75,997785.0
8791,-60.0,9.75,1050256.0
8792,-59.75,9.75,1102740.0
8793,-59.5,9.75,1158992.0
8794,-59.25,9.75,1211520.0
8795,-59.0,9.75,1264060.0
8796,-58.75,9.75,1320372.0
8797,-58.5,9.75,1372956.0
8798,-58.25,9.75,1425553.0
8799,-58.0,9.75,1478166.0
8800,-57.75,9.75,1534561.0
8801,-57.5,9.75,1587207.0
8802,-57.25,9.75,1639878.0
8803,-57.0,9.75,1696325.0
8804,-56.75,9.75,1749023.0
8805,-56.5,9.75,1805511.0
8806,-56.25,9.75,1858242.0
8807,-56.0,9.75,1910996.0
8808,-55.75,9.75,1963761.0
8809,-55.5,9.75,2020313.0
8810,-55.25,9.75,2073111.0
8811,-55.0,9.75,2129693.0
8812,-54.75,9.75,2182527.0
8813,-54.5,9.75,2235365.0
8814,-54.25,9.75,2288230.0
8815,-54.0,9.75,2344874.0
8816,-53.75,9.75,2397768.0
8817,-53.5,9.75,2454443.0
8818,-53.25,9.75,2507364.0
8819,-53.0,9.75,2560286.0
8820,-52.75,9.75,2617008.0
8821,-52.5,9.75,2669914.0
8822,-52.25,9.75,2726592.0
8823,-52.0,9.75,2779451.0
8824,-51.75,9.75,2832300.0
8825,-51.5,9.75,2888896.0
8826,-51.25,9.75,2941699.0
8827,-51.0,9.75,2994483.0
8828,-50.75,9.75,3051005.0
8829,-50.5,9.75,3103750.0
8830,-50.25,9.75,3160229.0
8831,-50.0,9.75,3212934.0
8832,-49.75,9.75,3265616.0
8833,-49.5,9.75,3322037.0
8834,-49.25,9.75,3374686.0
8835,-49.0,9.75,3427308.0
8836,-48.75,9.75,3483677.0
8837,-48.5,9.75,3536271.0
8838,-48.25,9.75,3588838.0
8839,-48.0,9.75,3645156.0
8840,-47.75,9.75,3697700.0
8841,-47.5,9.75,3750218.0
8842,-47.25,9.75,3806486.0
8843,-47.0,9.75,3862732.0
8844,-46.75,9.75,3915205.0
8845,-46.5,9.75,3967670.0
8846,-46.25,9.75,4023870.0
8847,-46.0,9.75,4076304.0
8848,-45.75,9.75,4128724.0
8849,-45.5,9.75,4184886.0
8850,-45.25,9.75,4237279.0
8851,-45.0,9.75,4293400.0
8852,-44.75,9.75,4345775.0
8853,-44.5,9.75,4398140.0
8854,-44.25,9.75,4454230.0
8855,-44.0,9.75,4510300.0
8856,-43.75,9.75,4562620.0
8857,-43.5,9.75,4614952.0
8858,-43.25,9.75,4667257.0
8859,-43.0,9.75,4723290.0
8860,-42.75,9.75,4779300.0
8861,-42.5,9.75,4831582.0
8862,-42.25,9.75,4883859.0
8863,-42.0,9.75,4939860.0
8864,-41.75,9.75,4992110.0
8865,-41.5,9.75,5044358.0
8866,-41.25,9.75,5100312.0
8867,-41.0,9.75,5156279.0
8868,-40.75,9.75,5208516.0
8869,-40.5,9.75,5260737.0
8870,-40.25,9.75,5316686.0
8871,-40.0,9.75,5368894.0
8872,-39.75,9.75,5421086.0
8873,-39.5,9.75,5477007.0
8874,-39.25,9.75,5529199.0
8875,-39.0,9.75,5585098.0
8876,-38.75,9.75,5637289.0
8877,-38.5,9.75,5693210.0
8878,-38.25,9.75,5745402.0
8879,-38.0,9.75,5801322.0
8880,-37.75,9.75,5853504.0
8881,-37.5,9.75,5905669.0
8882,-37.25,9.75,5961558.0
8883,-37.0,9.75,6013722.0
8884,-36.75,9.75,6069612.0
8885,-36.5,9.75,6121776.0
8886,-36.25,9.75,6173941.0
8887,-36.0,9.75,6229830.0
8888,-35.75,9.75,6281995.0
8889,-35.5,9.75,6337884.0
8890,-35.25,9.75,6390048.0
8891,-35.0,9.75,6445938.0
8892,-34.75,9.75,6498102.0
8893,-34.5,9.75,6550267.0
8894,-34.25,9.75,6606156.0
8895,-34.0,9.75,6658339.0
8896,-33.75,9.75,6714259.0
8897,-33.5,9.75,6766451.0
8898,-33.25,9.75,6818642.0
8899,-33.0,9.75,6874563.0
8900,-32.75,9.75,6926736.0
8901,-32.5,9.75,6978928.0
8902,-32.25,9.75,7034847.0
8903,-32.0,9.75,7087039.0
8904,-31.75,9.75,7142976.0
8905,-31.5,9.75,7195197.0
8906,-31.25,9.75,7251146.0
8907,-31.0,9.75,7303384.0
8908,-30.75,9.75,7359352.0
8909,-30.5,9.75,7411575.0
8910,-30.25,9.75,7463823.0
8911,-30.0,9.75,7519801.0
8912,-29.75,9.75,7572073.0
8913,-29.5,9.75,7628082.0
8914,-29.25,9.75,7680366.0
8915,-29.0,9.75,7736376.0
8916,-28.75,9.75,7788674.0
8917,-28.5,9.75,7840977.0
8918,-28.25,9.75,7897046.0
8919,-28.0,9.75,7949368.0
8920,-27.75,9.75,8005438.0
8921,-27.5,9.75,8057789.0
8922,-27.25,9.75,8110153.0
8923,-27.0,9.75,8166269.0
8924,-26.75,9.75,8218647.0
8925,-26.5,9.75,8274787.0
8926,-26.25,9.75,8327201.0
8927,-26.0,9.75,8379625.0
8928,-25.75,9.75,8435802.0
8929,-25.5,9.75,8488255.0
8930,-25.25,9.75,8540722.0
8931,-25.0,9.75,8596941.0
8932,-24.75,9.75,8653188.0
8933,-24.5,9.75,8705708.0
8934,-24.25,9.75,8758225.0
8935,-24.0,9.75,8814520.0
8936,-23.75,9.75,8867086.0
8937,-23.5,9.75,8919652.0
8938,-23.25,9.75,8976003.0
8939,-23.0,9.75,9028614.0
8940,-22.75,9.75,9081235.0
8941,-22.5,9.75,9137645.0
8942,-22.25,9.75,9190304.0
8943,-22.0,9.75,9246747.0
8944,-21.75,9.75,9299454.0
8945,-21.5,9.75,9352168.0
8946,-21.25,9.75,9408678.0
8947,-21.0,9.75,9461432.0
8948,-20.75,9.75,9514216.0
8949,-20.5,9.75,9570793.0
8950,-20.25,9.75,9623614.0
8951,-20.0,9.75,9680237.0
8952,-19.75,9.75,9733099.0
8953,-19.5,9.75,9785998.0
8954,-19.25,9.75,9842685.0
8955,-19.0,9.75,9895624.0
8956,-18.75,9.75,9952325.0
8957,-18.5,9.75,10005244.0
8958,-18.25,9.75,10058138.0
8959,-18.0,9.75,10114806.0
8960,-17.75,9.75,10167671.0
8961,-17.5,9.75,10224309.0
8962,-17.25,9.75,10273369.0
8963,-17.0,9.75,10329974.0
8964,-16.75,9.75,10382780.0
8965,-16.5,9.75,10439349.0
8966,-16.25,9.75,10492127.0
8967,-61.75,9.5,672217.0
8968,-61.5,9.5,724560.0
8969,-61.25,9.5,776924.0
8970,-61.0,9.5,833054.0
8971,-60.75,9.5,885459.0
8972,-60.5,9.5,937882.0
8973,-60.25,9.5,994075.0
8974,-60.0,9.5,1046542.0
8975,-59.75,9.5,1099025.0
8976,-59.5,9.5,1155277.0
8977,-59.25,9.5,1207802.0
8978,-59.0,9.5,1260342.0
8979,-58.75,9.5,1312899.0
8980,-58.5,9.5,1369234.0
8981,-58.25,9.5,1421828.0
8982,-58.0,9.5,1474443.0
8983,-57.75,9.5,1530836.0
8984,-57.5,9.5,1583480.0
8985,-57.25,9.5,1639912.0
8986,-57.0,9.5,1692596.0
8987,-56.75,9.5,1745294.0
8988,-56.5,9.5,1798014.0
8989,-56.25,9.5,1854509.0
8990,-56.0,9.5,1907263.0
8991,-55.75,9.5,1963795.0
8992,-55.5,9.5,2016577.0
8993,-55.25,9.5,2069375.0
8994,-55.0,9.5,2122184.0
8995,-54.75,9.5,2178788.0
8996,-54.5,9.5,2231626.0
8997,-54.25,9.5,2288264.0
8998,-54.0,9.5,2341130.0
8999,-53.75,9.5,2397802.0
9000,-53.5,9.5,2450696.0
9001,-53.25,9.5,2503618.0
9002,-53.0,9.5,2560320.0
9003,-52.75,9.5,2613262.0
9004,-52.5,9.5,2669949.0
9005,-52.25,9.5,2722848.0
9006,-52.0,9.5,2775712.0
9007,-51.75,9.5,2828561.0
9008,-51.5,9.5,2885159.0
9009,-51.25,9.5,2937963.0
9010,-51.0,9.5,2990749.0
9011,-50.75,9.5,3047272.0
9012,-50.5,9.5,3100019.0
9013,-50.25,9.5,3156500.0
9014,-50.0,9.5,3209204.0
9015,-49.75,9.5,3265650.0
9016,-49.5,9.5,3318309.0
9017,-49.25,9.5,3374720.0
9018,-49.0,9.5,3427342.0
9019,-48.75,9.5,3479953.0
9020,-48.5,9.5,3536305.0
9021,-48.25,9.5,3588872.0
9022,-48.0,9.5,3641436.0
9023,-47.75,9.5,3697734.0
9024,-47.5,9.5,3750252.0
9025,-47.25,9.5,3806519.0
9026,-47.0,9.5,3859018.0
9027,-46.75,9.5,3915239.0
9028,-46.5,9.5,3967704.0
9029,-46.25,9.5,4020158.0
9030,-46.0,9.5,4076338.0
9031,-45.75,9.5,4128758.0
9032,-45.5,9.5,4184919.0
9033,-45.25,9.5,4237314.0
9034,-45.0,9.5,4289694.0
9035,-44.75,9.5,4345809.0
9036,-44.5,9.5,4398174.0
9037,-44.25,9.5,4454263.0
9038,-44.0,9.5,4506596.0
9039,-43.75,9.5,4558916.0
9040,-43.5,9.5,4614986.0
9041,-43.25,9.5,4667292.0
9042,-43.0,9.5,4723323.0
9043,-42.75,9.5,4775600.0
9044,-42.5,9.5,4827882.0
9045,-42.25,9.5,4883892.0
9046,-42.0,9.5,4936162.0
9047,-41.75,9.5,4992144.0
9048,-41.5,9.5,5044393.0
9049,-41.25,9.5,5100345.0
9050,-41.0,9.5,5152581.0
9051,-40.75,9.5,5204820.0
9052,-40.5,9.5,5260770.0
9053,-40.25,9.5,5312990.0
9054,-40.0,9.5,5368928.0
9055,-39.75,9.5,5421119.0
9056,-39.5,9.5,5477041.0
9057,-39.25,9.5,5529233.0
9058,-39.0,9.5,5585131.0
9059,-38.75,9.5,5637324.0
9060,-38.5,9.5,5689516.0
9061,-38.25,9.5,5745435.0
9062,-38.0,9.5,5797628.0
9063,-37.75,9.5,5849811.0
9064,-37.5,9.5,5905702.0
9065,-37.25,9.5,5957866.0
9066,-37.0,9.5,6013756.0
9067,-36.75,9.5,6065920.0
9068,-36.5,9.5,6121811.0
9069,-36.25,9.5,6173974.0
9070,-36.0,9.5,6229865.0
9071,-35.75,9.5,6282028.0
9072,-35.5,9.5,6337919.0
9073,-35.25,9.5,6390082.0
9074,-35.0,9.5,6442246.0
9075,-34.75,9.5,6498136.0
9076,-34.5,9.5,6550300.0
9077,-34.25,9.5,6606189.0
9078,-34.0,9.5,6658373.0
9079,-33.75,9.5,6714292.0
9080,-33.5,9.5,6766485.0
9081,-33.25,9.5,6818677.0
9082,-33.0,9.5,6874596.0
9083,-32.75,9.5,6930498.0
9084,-32.5,9.5,6982690.0
9085,-32.25,9.5,7034880.0
9086,-32.0,9.5,7090801.0
9087,-31.75,9.5,7143010.0
9088,-31.5,9.5,7195230.0
9089,-31.25,9.5,7251180.0
9090,-31.0,9.5,7303418.0
9091,-30.75,9.5,7359385.0
9092,-30.5,9.5,7411610.0
9093,-30.25,9.5,7467589.0
9094,-30.0,9.5,7519835.0
9095,-29.75,9.5,7572106.0
9096,-29.5,9.5,7628116.0
9097,-29.25,9.5,7680400.0
9098,-29.0,9.5,7736409.0
9099,-28.75,9.5,7788709.0
9100,-28.5,9.5,7844749.0
9101,-28.25,9.5,7897080.0
9102,-28.0,9.5,7949402.0
9103,-27.75,9.5,8005471.0
9104,-27.5,9.5,8061563.0
9105,-27.25,9.5,8113929.0
9106,-27.0,9.5,8166303.0
9107,-26.75,9.5,8218682.0
9108,-26.5,9.5,8274820.0
9109,-26.25,9.5,8330979.0
9110,-26.0,9.5,8383403.0
9111,-25.75,9.5,8435836.0
9112,-25.5,9.5,8492037.0
9113,-25.25,9.5,8544504.0
9114,-25.0,9.5,8596975.0
9115,-24.75,9.5,8653221.0
9116,-24.5,9.5,8709492.0
9117,-24.25,9.5,8762011.0
9118,-24.0,9.5,8814554.0
9119,-23.75,9.5,8870874.0
9120,-23.5,9.5,8923442.0
9121,-23.25,9.5,8976037.0
9122,-23.0,9.5,9032406.0
9123,-22.75,9.5,9085029.0
9124,-22.5,9.5,9137679.0
9125,-22.25,9.5,9194100.0
9126,-22.0,9.5,9246781.0
9127,-21.75,9.5,9299489.0
9128,-21.5,9.5,9355969.0
9129,-21.25,9.5,9412481.0
9130,-21.0,9.5,9465237.0
9131,-20.75,9.5,9518024.0
9132,-20.5,9.5,9574600.0
9133,-20.25,9.5,9627423.0
9134,-20.0,9.5,9684046.0
9135,-19.75,9.5,9736910.0
9136,-19.5,9.5,9789813.0
9137,-19.25,9.5,9842719.0
9138,-19.0,9.5,9899440.0
9139,-18.75,9.5,9952359.0
9140,-18.5,9.5,10009057.0
9141,-18.25,9.5,10061950.0
9142,-18.0,9.5,10114840.0
9143,-17.75,9.5,10171481.0
9144,-17.5,9.5,10224344.0
9145,-17.25,9.5,10280952.0
9146,-17.0,9.5,10333781.0
9147,-16.75,9.5,10386588.0
9148,-16.5,9.5,10439383.0
9149,-16.25,9.5,10495931.0
9150,-61.75,9.25,668514.0
9151,-61.5,9.25,720856.0
9152,-61.25,9.25,773219.0
9153,-61.0,9.25,829347.0
9154,-60.75,9.25,881750.0
9155,-60.5,9.25,934172.0
9156,-60.25,9.25,990364.0
9157,-60.0,9.25,1042829.0
9158,-59.75,9.25,1095308.0
9159,-59.5,9.25,1147812.0
9160,-59.25,9.25,1204085.0
9161,-59.0,9.25,1256621.0
9162,-58.75,9.25,1312933.0
9163,-58.5,9.25,1365513.0
9164,-58.25,9.25,1418105.0
9165,-58.0,9.25,1474477.0
9166,-57.75,9.25,1527111.0
9167,-57.5,9.25,1579754.0
9168,-57.25,9.25,1632423.0
9169,-57.0,9.25,1688866.0
9170,-56.75,9.25,1741564.0
9171,-56.5,9.25,1798048.0
9172,-56.25,9.25,1850775.0
9173,-56.0,9.25,1903530.0
9174,-55.75,9.25,1960060.0
9175,-55.5,9.25,2012842.0
9176,-55.25,9.25,2065636.0
9177,-55.0,9.25,2122218.0
9178,-54.75,9.25,2175048.0
9179,-54.5,9.25,2231660.0
9180,-54.25,9.25,2284523.0
9181,-54.0,9.25,2341164.0
9182,-53.75,9.25,2394057.0
9183,-53.5,9.25,2446952.0
9184,-53.25,9.25,2499873.0
9185,-53.0,9.25,2556575.0
9186,-52.75,9.25,2609517.0
9187,-52.5,9.25,2662427.0
9188,-52.25,9.25,2719105.0
9189,-52.0,9.25,2771972.0
9190,-51.75,9.25,2828595.0
9191,-51.5,9.25,2881421.0
9192,-51.25,9.25,2934224.0
9193,-51.0,9.25,2990783.0
9194,-50.75,9.25,3043538.0
9195,-50.5,9.25,3100053.0
9196,-50.25,9.25,3152770.0
9197,-50.0,9.25,3205475.0
9198,-49.75,9.25,3261922.0
9199,-49.5,9.25,3318343.0
9200,-49.25,9.25,3370993.0
9201,-49.0,9.25,3423618.0
9202,-48.75,9.25,3479987.0
9203,-48.5,9.25,3532583.0
9204,-48.25,9.25,3585152.0
9205,-48.0,9.25,3641470.0
9206,-47.75,9.25,3694016.0
9207,-47.5,9.25,3746536.0
9208,-47.25,9.25,3802803.0
9209,-47.0,9.25,3859052.0
9210,-46.75,9.25,3911525.0
9211,-46.5,9.25,3963990.0
9212,-46.25,9.25,4020192.0
9213,-46.0,9.25,4072628.0
9214,-45.75,9.25,4128791.0
9215,-45.5,9.25,4181209.0
9216,-45.25,9.25,4237348.0
9217,-45.0,9.25,4289728.0
9218,-44.75,9.25,4342101.0
9219,-44.5,9.25,4398208.0
9220,-44.25,9.25,4450559.0
9221,-44.0,9.25,4506630.0
9222,-43.75,9.25,4558950.0
9223,-43.5,9.25,4611283.0
9224,-43.25,9.25,4667324.0
9225,-43.0,9.25,4719623.0
9226,-42.75,9.25,4775634.0
9227,-42.5,9.25,4831650.0
9228,-42.25,9.25,4883926.0
9229,-42.0,9.25,4936197.0
9230,-41.75,9.25,4988445.0
9231,-41.5,9.25,5044426.0
9232,-41.25,9.25,5096649.0
9233,-41.0,9.25,5152615.0
9234,-40.75,9.25,5208583.0
9235,-40.5,9.25,5260804.0
9236,-40.25,9.25,5313025.0
9237,-40.0,9.25,5368961.0
9238,-39.75,9.25,5421154.0
9239,-39.5,9.25,5473346.0
9240,-39.25,9.25,5529267.0
9241,-39.0,9.25,5581439.0
9242,-38.75,9.25,5637358.0
9243,-38.5,9.25,5689549.0
9244,-38.25,9.25,5745470.0
9245,-38.0,9.25,5797661.0
9246,-37.75,9.25,5853571.0
9247,-37.5,9.25,5905735.0
9248,-37.25,9.25,5961626.0
9249,-37.0,9.25,6013790.0
9250,-36.75,9.25,6069680.0
9251,-36.5,9.25,6121844.0
9252,-36.25,9.25,6174009.0
9253,-36.0,9.25,6229898.0
9254,-35.75,9.25,6282063.0
9255,-35.5,9.25,6337952.0
9256,-35.25,9.25,6390116.0
9257,-35.0,9.25,6446006.0
9258,-34.75,9.25,6498170.0
9259,-34.5,9.25,6554059.0
9260,-34.25,9.25,6606223.0
9261,-34.0,9.25,6658406.0
9262,-33.75,9.25,6714327.0
9263,-33.5,9.25,6766518.0
9264,-33.25,9.25,6822439.0
9265,-33.0,9.25,6874630.0
9266,-32.75,9.25,6926804.0
9267,-32.5,9.25,6982723.0
9268,-32.25,9.25,7034915.0
9269,-32.0,9.25,7090834.0
9270,-31.75,9.25,7143045.0
9271,-31.5,9.25,7198994.0
9272,-31.25,9.25,7251213.0
9273,-31.0,9.25,7307184.0
9274,-30.75,9.25,7359419.0
9275,-30.5,9.25,7411643.0
9276,-30.25,9.25,7467622.0
9277,-30.0,9.25,7519870.0
9278,-29.75,9.25,7575874.0
9279,-29.5,9.25,7628150.0
9280,-29.25,9.25,7684168.0
9281,-29.0,9.25,7736443.0
9282,-28.75,9.25,7788741.0
9283,-28.5,9.25,7844783.0
9284,-28.25,9.25,7900852.0
9285,-28.0,9.25,7953174.0
9286,-27.75,9.25,8005505.0
9287,-27.5,9.25,8057857.0
9288,-27.25,9.25,8113963.0
9289,-27.0,9.25,8170077.0
9290,-26.75,9.25,8222458.0
9291,-26.5,9.25,8274854.0
9292,-26.25,9.25,8331012.0
9293,-26.0,9.25,8383437.0
9294,-25.75,9.25,8439616.0
9295,-25.5,9.25,8492071.0
9296,-25.25,9.25,8544538.0
9297,-25.0,9.25,8600757.0
9298,-24.75,9.25,8653255.0
9299,-24.5,9.25,8709526.0
9300,-24.25,9.25,8762045.0
9301,-24.0,9.25,8818342.0
9302,-23.75,9.25,8870908.0
9303,-23.5,9.25,8923476.0
9304,-23.25,9.25,8979829.0
9305,-23.0,9.25,9032440.0
9306,-22.75,9.25,9088822.0
9307,-22.5,9.25,9141475.0
9308,-22.25,9.25,9194134.0
9309,-22.0,9.25,9250580.0
9310,-21.75,9.25,9307051.0
9311,-21.5,9.25,9359769.0
9312,-21.25,9.25,9412515.0
9313,-21.0,9.25,9469041.0
9314,-20.75,9.25,9521829.0
9315,-20.5,9.25,9574634.0
9316,-20.25,9.25,9631231.0
9317,-20.0,9.25,9684080.0
9318,-19.75,9.25,9740723.0
9319,-19.5,9.25,9793625.0
9320,-19.25,9.25,9846534.0
9321,-19.0,9.25,9903256.0
9322,-18.75,9.25,9956174.0
9323,-18.5,9.25,10012872.0
9324,-18.25,9.25,10065761.0
9325,-18.0,9.25,10118652.0
9326,-17.75,9.25,10171516.0
9327,-17.5,9.25,10228152.0
9328,-17.25,9.25,10280986.0
9329,-17.0,9.25,10337587.0
9330,-16.75,9.25,10390393.0
9331,-16.5,9.25,10443188.0
9332,-16.25,9.25,10499736.0
9333,-61.75,9.0,664812.0
9334,-61.5,9.0,717150.0
9335,-61.25,9.0,769512.0
9336,-61.0,9.0,821898.0
9337,-60.75,9.0,878041.0
9338,-60.5,9.0,930459.0
9339,-60.25,9.0,982906.0
9340,-60.0,9.0,1039115.0
9341,-59.75,9.0,1091594.0
9342,-59.5,9.0,1147846.0
9343,-59.25,9.0,1200368.0
9344,-59.0,9.0,1252902.0
9345,-58.75,9.0,1309214.0
9346,-58.5,9.0,1361791.0
9347,-58.25,9.0,1418140.0
9348,-58.0,9.0,1466996.0
9349,-57.75,9.0,1523385.0
9350,-57.5,9.0,1576027.0
9351,-57.25,9.0,1632457.0
9352,-57.0,9.0,1685136.0
9353,-56.75,9.0,1737835.0
9354,-56.5,9.0,1794317.0
9355,-56.25,9.0,1847043.0
9356,-56.0,9.0,1903564.0
9357,-55.75,9.0,1956323.0
9358,-55.5,9.0,2009105.0
9359,-55.25,9.0,2065670.0
9360,-55.0,9.0,2118480.0
9361,-54.75,9.0,2171309.0
9362,-54.5,9.0,2227921.0
9363,-54.25,9.0,2280782.0
9364,-54.0,9.0,2333647.0
9365,-53.75,9.0,2390315.0
9366,-53.5,9.0,2443208.0
9367,-53.25,9.0,2499907.0
9368,-53.0,9.0,2552829.0
9369,-52.75,9.0,2605770.0
9370,-52.5,9.0,2662461.0
9371,-52.25,9.0,2715362.0
9372,-52.0,9.0,2772006.0
9373,-51.75,9.0,2824855.0
9374,-51.5,9.0,2877682.0
9375,-51.25,9.0,2934258.0
9376,-51.0,9.0,2987047.0
9377,-50.75,9.0,3043572.0
9378,-50.5,9.0,3096321.0
9379,-50.25,9.0,3149040.0
9380,-50.0,9.0,3205509.0
9381,-49.75,9.0,3258195.0
9382,-49.5,9.0,3314616.0
9383,-49.25,9.0,3367267.0
9384,-49.0,9.0,3423652.0
9385,-48.75,9.0,3476263.0
9386,-48.5,9.0,3532617.0
9387,-48.25,9.0,3585186.0
9388,-48.0,9.0,3637750.0
9389,-47.75,9.0,3694050.0
9390,-47.5,9.0,3746571.0
9391,-47.25,9.0,3802837.0
9392,-47.0,9.0,3855338.0
9393,-46.75,9.0,3911559.0
9394,-46.5,9.0,3964024.0
9395,-46.25,9.0,4016480.0
9396,-46.0,9.0,4072662.0
9397,-45.75,9.0,4125081.0
9398,-45.5,9.0,4181243.0
9399,-45.25,9.0,4233640.0
9400,-45.0,9.0,4286022.0
9401,-44.75,9.0,4342135.0
9402,-44.5,9.0,4398241.0
9403,-44.25,9.0,4450593.0
9404,-44.0,9.0,4502926.0
9405,-43.75,9.0,4558985.0
9406,-43.5,9.0,4611316.0
9407,-43.25,9.0,4667358.0
9408,-43.0,9.0,4719657.0
9409,-42.75,9.0,4771934.0
9410,-42.5,9.0,4827949.0
9411,-42.25,9.0,4880226.0
9412,-42.0,9.0,4936231.0
9413,-41.75,9.0,4992211.0
9414,-41.5,9.0,5044460.0
9415,-41.25,9.0,5096684.0
9416,-41.0,9.0,5152648.0
9417,-40.75,9.0,5204887.0
9418,-40.5,9.0,5257108.0
9419,-40.25,9.0,5313058.0
9420,-40.0,9.0,5365267.0
9421,-39.75,9.0,5421188.0
9422,-39.5,9.0,5477108.0
9423,-39.25,9.0,5529301.0
9424,-39.0,9.0,5581474.0
9425,-38.75,9.0,5637391.0
9426,-38.5,9.0,5689584.0
9427,-38.25,9.0,5745503.0
9428,-38.0,9.0,5797696.0
9429,-37.75,9.0,5849879.0
9430,-37.5,9.0,5905769.0
9431,-37.25,9.0,5957933.0
9432,-37.0,9.0,6013823.0
9433,-36.75,9.0,6065988.0
9434,-36.5,9.0,6121878.0
9435,-36.25,9.0,6174042.0
9436,-36.0,9.0,6229933.0
9437,-35.75,9.0,6282096.0
9438,-35.5,9.0,6334260.0
9439,-35.25,9.0,6390150.0
9440,-35.0,9.0,6442313.0
9441,-34.75,9.0,6498203.0
9442,-34.5,9.0,6550367.0
9443,-34.25,9.0,6606257.0
9444,-34.0,9.0,6658441.0
9445,-33.75,9.0,6714360.0
9446,-33.5,9.0,6766553.0
9447,-33.25,9.0,6822472.0
9448,-33.0,9.0,6874665.0
9449,-32.75,9.0,6930566.0
9450,-32.5,9.0,6982757.0
9451,-32.25,9.0,7038677.0
9452,-32.0,9.0,7090868.0
9453,-31.75,9.0,7143078.0
9454,-31.5,9.0,7199028.0
9455,-31.25,9.0,7251247.0
9456,-31.0,9.0,7307217.0
9457,-30.75,9.0,7359454.0
9458,-30.5,9.0,7415409.0
9459,-30.25,9.0,7467656.0
9460,-30.0,9.0,7523636.0
9461,-29.75,9.0,7575908.0
9462,-29.5,9.0,7628183.0
9463,-29.25,9.0,7684202.0
9464,-29.0,9.0,7740211.0
9465,-28.75,9.0,7792511.0
9466,-28.5,9.0,7844816.0
9467,-28.25,9.0,7900887.0
9468,-28.0,9.0,7953208.0
9469,-27.75,9.0,8009277.0
9470,-27.5,9.0,8061630.0
9471,-27.25,9.0,8117739.0
9472,-27.0,9.0,8170111.0
9473,-26.75,9.0,8222492.0
9474,-26.5,9.0,8278632.0
9475,-26.25,9.0,8331046.0
9476,-26.0,9.0,8387215.0
9477,-25.75,9.0,8439650.0
9478,-25.5,9.0,8495853.0
9479,-25.25,9.0,8548320.0
9480,-25.0,9.0,8600791.0
9481,-24.75,9.0,8657039.0
9482,-24.5,9.0,8709561.0
9483,-24.25,9.0,8765831.0
9484,-24.0,9.0,8818376.0
9485,-23.75,9.0,8874696.0
9486,-23.5,9.0,8927266.0
9487,-23.25,9.0,8979863.0
9488,-23.0,9.0,9036232.0
9489,-22.75,9.0,9088856.0
9490,-22.5,9.0,9145272.0
9491,-22.25,9.0,9197931.0
9492,-22.0,9.0,9254378.0
9493,-21.75,9.0,9307085.0
9494,-21.5,9.0,9359803.0
9495,-21.25,9.0,9416318.0
9496,-21.0,9.0,9469075.0
9497,-20.75,9.0,9525635.0
9498,-20.5,9.0,9578439.0
9499,-20.25,9.0,9631265.0
9500,-20.0,9.0,9687889.0
9501,-19.75,9.0,9740758.0
9502,-19.5,9.0,9797437.0
9503,-19.25,9.0,9850347.0
9504,-19.0,9.0,9903290.0
9505,-18.75,9.0,9959988.0
9506,-18.5,9.0,10012906.0
9507,-18.25,9.0,10069575.0
9508,-18.0,9.0,10122464.0
9509,-17.75,9.0,10175327.0
9510,-17.5,9.0,10231961.0
9511,-17.25,9.0,10284795.0
9512,-17.0,9.0,10337621.0
9513,-16.75,9.0,10394199.0
9514,-16.5,9.0,10446991.0
9515,-16.25,9.0,10503539.0
9516,-61.75,8.75,661107.0
9517,-61.5,8.75,713445.0
9518,-61.25,8.75,765808.0
9519,-61.0,8.75,821932.0
9520,-60.75,8.75,874332.0
9521,-60.5,8.75,926750.0
9522,-60.25,8.75,982941.0
9523,-60.0,8.75,1035402.0
9524,-59.75,8.75,1087879.0
9525,-59.5,8.75,1144131.0
9526,-59.25,8.75,1196650.0
9527,-59.0,8.75,1252936.0
9528,-58.75,8.75,1301741.0
9529,-58.5,8.75,1358070.0
9530,-58.25,8.75,1410658.0
9531,-58.0,8.75,1467030.0
9532,-57.75,8.75,1519659.0
9533,-57.5,8.75,1572302.0
9534,-57.25,8.75,1628730.0
9535,-57.0,8.75,1681407.0
9536,-56.75,8.75,1737869.0
9537,-56.5,8.75,1790585.0
9538,-56.25,8.75,1843310.0
9539,-56.0,8.75,1899829.0
9540,-55.75,8.75,1952588.0
9541,-55.5,8.75,2005370.0
9542,-55.25,8.75,2061933.0
9543,-55.0,8.75,2114743.0
9544,-54.75,8.75,2171343.0
9545,-54.5,8.75,2224180.0
9546,-54.25,8.75,2277039.0
9547,-54.0,8.75,2333681.0
9548,-53.75,8.75,2386571.0
9549,-53.5,8.75,2443242.0
9550,-53.25,8.75,2496161.0
9551,-53.0,8.75,2552863.0
9552,-52.75,8.75,2605804.0
9553,-52.5,8.75,2658717.0
9554,-52.25,8.75,2715396.0
9555,-52.0,8.75,2768266.0
9556,-51.75,8.75,2824889.0
9557,-51.5,8.75,2877716.0
9558,-51.25,8.75,2930520.0
9559,-51.0,8.75,2987081.0
9560,-50.75,8.75,3039838.0
9561,-50.5,8.75,3096355.0
9562,-50.25,8.75,3149074.0
9563,-50.0,8.75,3201779.0
9564,-49.75,8.75,3258229.0
9565,-49.5,8.75,3310888.0
9566,-49.25,8.75,3367301.0
9567,-49.0,8.75,3419928.0
9568,-48.75,8.75,3476297.0
9569,-48.5,8.75,3528895.0
9570,-48.25,8.75,3581466.0
9571,-48.0,8.75,3637784.0
9572,-47.75,8.75,3690332.0
9573,-47.5,8.75,3746605.0
9574,-47.25,8.75,3799121.0
9575,-47.0,8.75,3855372.0
9576,-46.75,8.75,3907845.0
9577,-46.5,8.75,3960310.0
9578,-46.25,8.75,4016514.0
9579,-46.0,8.75,4072695.0
9580,-45.75,8.75,4125115.0
9581,-45.5,8.75,4177533.0
9582,-45.25,8.75,4233674.0
9583,-45.0,8.75,4286056.0
9584,-44.75,8.75,4342168.0
9585,-44.5,8.75,4394535.0
9586,-44.25,8.75,4446889.0
9587,-44.0,8.75,4502960.0
9588,-43.75,8.75,4559018.0
9589,-43.5,8.75,4611350.0
9590,-43.25,8.75,4663656.0
9591,-43.0,8.75,4719692.0
9592,-42.75,8.75,4771967.0
9593,-42.5,8.75,4827983.0
9594,-42.25,8.75,4880261.0
9595,-42.0,8.75,4936264.0
9596,-41.75,8.75,4988513.0
9597,-41.5,8.75,5040762.0
9598,-41.25,8.75,5096717.0
9599,-41.0,8.75,5152683.0
9600,-40.75,8.75,5204921.0
9601,-40.5,8.75,5260872.0
9602,-40.25,8.75,5313092.0
9603,-40.0,8.75,5365302.0
9604,-39.75,8.75,5421221.0
9605,-39.5,8.75,5473414.0
9606,-39.25,8.75,5525606.0
9607,-39.0,8.75,5581507.0
9608,-38.75,8.75,5637426.0
9609,-38.5,8.75,5689617.0
9610,-38.25,8.75,5745538.0
9611,-38.0,8.75,5797730.0
9612,-37.75,8.75,5853639.0
9613,-37.5,8.75,5905803.0
9614,-37.25,8.75,5961693.0
9615,-37.0,8.75,6013857.0
9616,-36.75,8.75,6069747.0
9617,-36.5,8.75,6121911.0
9618,-36.25,8.75,6177801.0
9619,-36.0,8.75,6229965.0
9620,-35.75,8.75,6282129.0
9621,-35.5,8.75,6338019.0
9622,-35.25,8.75,6390183.0
9623,-35.0,8.75,6446073.0
9624,-34.75,8.75,6498237.0
9625,-34.5,8.75,6554127.0
9626,-34.25,8.75,6606291.0
9627,-34.0,8.75,6662203.0
9628,-33.75,8.75,6714395.0
9629,-33.5,8.75,6766586.0
9630,-33.25,8.75,6822507.0
9631,-33.0,8.75,6874698.0
9632,-32.75,8.75,6930599.0
9633,-32.5,8.75,6982791.0
9634,-32.25,8.75,7038710.0
9635,-32.0,8.75,7090903.0
9636,-31.75,8.75,7146842.0
9637,-31.5,8.75,7199062.0
9638,-31.25,8.75,7255011.0
9639,-31.0,8.75,7307252.0
9640,-30.75,8.75,7359487.0
9641,-30.5,8.75,7415443.0
9642,-30.25,8.75,7467690.0
9643,-30.0,8.75,7523669.0
9644,-29.75,8.75,7575943.0
9645,-29.5,8.75,7631951.0
9646,-29.25,8.75,7684235.0
9647,-29.0,8.75,7740246.0
9648,-28.75,8.75,7792545.0
9649,-28.5,8.75,7848588.0
9650,-28.25,8.75,7900920.0
9651,-28.0,8.75,7956980.0
9652,-27.75,8.75,8009311.0
9653,-27.5,8.75,8061664.0
9654,-27.25,8.75,8117772.0
9655,-27.0,8.75,8173885.0
9656,-26.75,8.75,8226268.0
9657,-26.5,8.75,8278666.0
9658,-26.25,8.75,8334826.0
9659,-26.0,8.75,8387248.0
9660,-25.75,8.75,8443430.0
9661,-25.5,8.75,8495887.0
9662,-25.25,8.75,8548354.0
9663,-25.0,8.75,8604575.0
9664,-24.75,8.75,8657073.0
9665,-24.5,8.75,8713345.0
9666,-24.25,8.75,8765865.0
9667,-24.0,8.75,8822164.0
9668,-23.75,8.75,8874730.0
9669,-23.5,8.75,8927300.0
9670,-23.25,8.75,8983655.0
9671,-23.0,8.75,9036266.0
9672,-22.75,8.75,9092650.0
9673,-22.5,8.75,9145306.0
9674,-22.25,8.75,9201727.0
9675,-22.0,8.75,9254412.0
9676,-21.75,8.75,9310883.0
9677,-21.5,8.75,9363603.0
9678,-21.25,8.75,9416352.0
9679,-21.0,8.75,9472879.0
9680,-20.75,8.75,9525669.0
9681,-20.5,8.75,9582245.0
9682,-20.25,8.75,9635073.0
9683,-20.0,8.75,9687923.0
9684,-19.75,8.75,9744570.0
9685,-19.5,8.75,9797471.0
9686,-19.25,8.75,9854161.0
9687,-19.0,8.75,9907104.0
9688,-18.75,8.75,9960022.0
9689,-18.5,8.75,10016718.0
9690,-18.25,8.75,10069609.0
9691,-18.0,8.75,10126274.0
9692,-17.75,8.75,10179136.0
9693,-17.5,8.75,10235768.0
9694,-17.25,8.75,10288603.0
9695,-17.0,8.75,10341428.0
9696,-16.75,8.75,10398006.0
9697,-16.5,8.75,10450796.0
9698,-16.25,8.75,10507344.0
9699,-61.75,8.5,657404.0
9700,-61.5,8.5,709740.0
9701,-61.25,8.5,762103.0
9702,-61.0,8.5,818225.0
9703,-60.75,8.5,870622.0
9704,-60.5,8.5,923042.0
9705,-60.25,8.5,979230.0
9706,-60.0,8.5,1031688.0
9707,-59.75,8.5,1084162.0
9708,-59.5,8.5,1136665.0
9709,-59.25,8.5,1192933.0
9710,-59.0,8.5,1245463.0
9711,-58.75,8.5,1301775.0
9712,-58.5,8.5,1354348.0
9713,-58.25,8.5,1406935.0
9714,-58.0,8.5,1463307.0
9715,-57.75,8.5,1515934.0
9716,-57.5,8.5,1572336.0
9717,-57.25,8.5,1625002.0
9718,-57.0,8.5,1681441.0
9719,-56.75,8.5,1730375.0
9720,-56.5,8.5,1786853.0
9721,-56.25,8.5,1839579.0
9722,-56.0,8.5,1896096.0
9723,-55.75,8.5,1948852.0
9724,-55.5,8.5,2005404.0
9725,-55.25,8.5,2058195.0
9726,-55.0,8.5,2114777.0
9727,-54.75,8.5,2167602.0
9728,-54.5,8.5,2220440.0
9729,-54.25,8.5,2277073.0
9730,-54.0,8.5,2329939.0
9731,-53.75,8.5,2386605.0
9732,-53.5,8.5,2439499.0
9733,-53.25,8.5,2496195.0
9734,-53.0,8.5,2549116.0
9735,-52.75,8.5,2602058.0
9736,-52.5,8.5,2658751.0
9737,-52.25,8.5,2711652.0
9738,-52.0,8.5,2768301.0
9739,-51.75,8.5,2821148.0
9740,-51.5,8.5,2873978.0
9741,-51.25,8.5,2930554.0
9742,-51.0,8.5,2983346.0
9743,-50.75,8.5,3039872.0
9744,-50.5,8.5,3092622.0
9745,-50.25,8.5,3145344.0
9746,-50.0,8.5,3201813.0
9747,-49.75,8.5,3254501.0
9748,-49.5,8.5,3310922.0
9749,-49.25,8.5,3363576.0
9750,-49.0,8.5,3419962.0
9751,-48.75,8.5,3472573.0
9752,-48.5,8.5,3528929.0
9753,-48.25,8.5,3581500.0
9754,-48.0,8.5,3634064.0
9755,-47.75,8.5,3690366.0
9756,-47.5,8.5,3742889.0
9757,-47.25,8.5,3799155.0
9758,-47.0,8.5,3851657.0
9759,-46.75,8.5,3907879.0
9760,-46.5,8.5,3960344.0
9761,-46.25,8.5,4012802.0
9762,-46.0,8.5,4068985.0
9763,-45.75,8.5,4125150.0
9764,-45.5,8.5,4177567.0
9765,-45.25,8.5,4229966.0
9766,-45.0,8.5,4286090.0
9767,-44.75,8.5,4338460.0
9768,-44.5,8.5,4394569.0
9769,-44.25,8.5,4446924.0
9770,-44.0,8.5,4502993.0
9771,-43.75,8.5,4555314.0
9772,-43.5,8.5,4611385.0
9773,-43.25,8.5,4663690.0
9774,-43.0,8.5,4719725.0
9775,-42.75,8.5,4772001.0
9776,-42.5,8.5,4824283.0
9777,-42.25,8.5,4880294.0
9778,-42.0,8.5,4932566.0
9779,-41.75,8.5,4988547.0
9780,-41.5,8.5,5044527.0
9781,-41.25,8.5,5096751.0
9782,-41.0,8.5,5148985.0
9783,-40.75,8.5,5204954.0
9784,-40.5,8.5,5257175.0
9785,-40.25,8.5,5313127.0
9786,-40.0,8.5,5365335.0
9787,-39.75,8.5,5421256.0
9788,-39.5,8.5,5473447.0
9789,-39.25,8.5,5529368.0
9790,-39.0,8.5,5581541.0
9791,-38.75,8.5,5637459.0
9792,-38.5,8.5,5689651.0
9793,-38.25,8.5,5745571.0
9794,-38.0,8.5,5797763.0
9795,-37.75,8.5,5849947.0
9796,-37.5,8.5,5905836.0
9797,-37.25,8.5,5958001.0
9798,-37.0,8.5,6013890.0
9799,-36.75,8.5,6066055.0
9800,-36.5,8.5,6121944.0
9801,-36.25,8.5,6174109.0
9802,-36.0,8.5,6229998.0
9803,-35.75,8.5,6282163.0
9804,-35.5,8.5,6338052.0
9805,-35.25,8.5,6390217.0
9806,-35.0,8.5,6446106.0
9807,-34.75,8.5,6498271.0
9808,-34.5,8.5,6554160.0
9809,-34.25,8.5,6606325.0
9810,-34.0,8.5,6662236.0
9811,-33.75,8.5,6714428.0
9812,-33.5,8.5,6770348.0
9813,-33.25,8.5,6822540.0
9814,-33.0,8.5,6878459.0
9815,-32.75,8.5,6930633.0
9816,-32.5,8.5,6982824.0
9817,-32.25,8.5,7038745.0
9818,-32.0,8.5,7090936.0
9819,-31.75,8.5,7146877.0
9820,-31.5,8.5,7199095.0
9821,-31.25,8.5,7255044.0
9822,-31.0,8.5,7307286.0
9823,-30.75,8.5,7363251.0
9824,-30.5,8.5,7415476.0
9825,-30.25,8.5,7471456.0
9826,-30.0,8.5,7523703.0
9827,-29.75,8.5,7575976.0
9828,-29.5,8.5,7631985.0
9829,-29.25,8.5,7688003.0
9830,-29.0,8.5,7740279.0
9831,-28.75,8.5,7796315.0
9832,-28.5,8.5,7848623.0
9833,-28.25,8.5,7900954.0
9834,-28.0,8.5,7957013.0
9835,-27.75,8.5,8009346.0
9836,-27.5,8.5,8065438.0
9837,-27.25,8.5,8117806.0
9838,-27.0,8.5,8170179.0
9839,-26.75,8.5,8226302.0
9840,-26.5,8.5,8282444.0
9841,-26.25,8.5,8334861.0
9842,-26.0,8.5,8387282.0
9843,-25.75,8.5,8443464.0
9844,-25.5,8.5,8499669.0
9845,-25.25,8.5,8552136.0
9846,-25.0,8.5,8604609.0
9847,-24.75,8.5,8660857.0
9848,-24.5,8.5,8713379.0
9849,-24.25,8.5,8769651.0
9850,-24.0,8.5,8822198.0
9851,-23.75,8.5,8878518.0
9852,-23.5,8.5,8931090.0
9853,-23.25,8.5,8983689.0
9854,-23.0,8.5,9040058.0
9855,-22.75,8.5,9096445.0
9856,-22.5,8.5,9149102.0
9857,-22.25,8.5,9201761.0
9858,-22.0,8.5,9258210.0
9859,-21.75,8.5,9310917.0
9860,-21.5,8.5,9367402.0
9861,-21.25,8.5,9420156.0
9862,-21.0,8.5,9472914.0
9863,-20.75,8.5,9529475.0
9864,-20.5,8.5,9582279.0
9865,-20.25,8.5,9638880.0
9866,-20.0,8.5,9691734.0
9867,-19.75,8.5,9744604.0
9868,-19.5,8.5,9801283.0
9869,-19.25,8.5,9854195.0
9870,-19.0,8.5,9910917.0
9871,-18.75,8.5,9963836.0
9872,-18.5,8.5,10016753.0
9873,-18.25,8.5,10073421.0
9874,-18.0,8.5,10126308.0
9875,-17.75,8.5,10182946.0
9876,-17.5,8.5,10235802.0
9877,-17.25,8.5,10292410.0
9878,-17.0,8.5,10345234.0
9879,-16.75,8.5,10398040.0
9880,-16.5,8.5,10454600.0
9881,-16.25,8.5,10507378.0
9882,-61.75,8.25,649963.0
9883,-61.5,8.25,706035.0
9884,-61.25,8.25,758396.0
9885,-61.0,8.25,810776.0
9886,-60.75,8.25,866913.0
9887,-60.5,8.25,919331.0
9888,-60.25,8.25,971772.0
9889,-60.0,8.25,1027975.0
9890,-59.75,8.25,1080450.0
9891,-59.5,8.25,1136700.0
9892,-59.25,8.25,1189215.0
9893,-59.0,8.25,1241746.0
9894,-58.75,8.25,1298056.0
9895,-58.5,8.25,1350627.0
9896,-58.25,8.25,1406969.0
9897,-58.0,8.25,1459583.0
9898,-57.75,8.25,1515968.0
9899,-57.5,8.25,1564851.0
9900,-57.25,8.25,1621275.0
9901,-57.0,8.25,1673948.0
9902,-56.75,8.25,1730410.0
9903,-56.5,8.25,1783122.0
9904,-56.25,8.25,1839614.0
9905,-56.0,8.25,1892363.0
9906,-55.75,8.25,1948887.0
9907,-55.5,8.25,2001669.0
9908,-55.25,8.25,2058229.0
9909,-55.0,8.25,2107267.0
9910,-54.75,8.25,2163863.0
9911,-54.5,8.25,2216701.0
9912,-54.25,8.25,2273332.0
9913,-54.0,8.25,2326198.0
9914,-53.75,8.25,2382862.0
9915,-53.5,8.25,2435756.0
9916,-53.25,8.25,2488670.0
9917,-53.0,8.25,2545371.0
9918,-52.75,8.25,2598313.0
9919,-52.5,8.25,2655008.0
9920,-52.25,8.25,2707909.0
9921,-52.0,8.25,2764560.0
9922,-51.75,8.25,2817408.0
9923,-51.5,8.25,2874012.0
9924,-51.25,8.25,2926816.0
9925,-51.0,8.25,2983380.0
9926,-50.75,8.25,3036138.0
9927,-50.5,8.25,3088890.0
9928,-50.25,8.25,3145378.0
9929,-50.0,8.25,3198083.0
9930,-49.75,8.25,3254535.0
9931,-49.5,8.25,3307194.0
9932,-49.25,8.25,3359850.0
9933,-49.0,8.25,3416238.0
9934,-48.75,8.25,3472607.0
9935,-48.5,8.25,3525207.0
9936,-48.25,8.25,3577780.0
9937,-48.0,8.25,3634098.0
9938,-47.75,8.25,3686648.0
9939,-47.5,8.25,3742922.0
9940,-47.25,8.25,3795439.0
9941,-47.0,8.25,3851691.0
9942,-46.75,8.25,3904165.0
9943,-46.5,8.25,3960379.0
9944,-46.25,8.25,4012835.0
9945,-46.0,8.25,4069019.0
9946,-45.75,8.25,4121439.0
9947,-45.5,8.25,4173857.0
9948,-45.25,8.25,4230000.0
9949,-45.0,8.25,4286124.0
9950,-44.75,8.25,4338494.0
9951,-44.5,8.25,4390863.0
9952,-44.25,8.25,4446957.0
9953,-44.0,8.25,4499289.0
9954,-43.75,8.25,4555348.0
9955,-43.5,8.25,4607681.0
9956,-43.25,8.25,4663723.0
9957,-43.0,8.25,4716025.0
9958,-42.75,8.25,4772036.0
9959,-42.5,8.25,4824316.0
9960,-42.25,8.25,4880328.0
9961,-42.0,8.25,4932601.0
9962,-41.75,8.25,4988580.0
9963,-41.5,8.25,5040829.0
9964,-41.25,8.25,5093055.0
9965,-41.0,8.25,5149018.0
9966,-40.75,8.25,5204989.0
9967,-40.5,8.25,5257209.0
9968,-40.25,8.25,5313160.0
9969,-40.0,8.25,5365369.0
9970,-39.75,8.25,5421289.0
9971,-39.5,8.25,5473482.0
9972,-39.25,8.25,5525674.0
9973,-39.0,8.25,5581574.0
9974,-38.75,8.25,5633765.0
9975,-38.5,8.25,5689685.0
9976,-38.25,8.25,5741877.0
9977,-38.0,8.25,5797798.0
9978,-37.75,8.25,5849980.0
9979,-37.5,8.25,5905871.0
9980,-37.25,8.25,5958034.0
9981,-37.0,8.25,6013925.0
9982,-36.75,8.25,6066088.0
9983,-36.5,8.25,6121979.0
9984,-36.25,8.25,6174142.0
9985,-36.0,8.25,6230033.0
9986,-35.75,8.25,6282196.0
9987,-35.5,8.25,6338087.0
9988,-35.25,8.25,6390250.0
9989,-35.0,8.25,6446141.0
9990,-34.75,8.25,6498304.0
9991,-34.5,8.25,6554195.0
9992,-34.25,8.25,6606358.0
9993,-34.0,8.25,6662271.0
9994,-33.75,8.25,6714462.0
9995,-33.5,8.25,6766654.0
9996,-33.25,8.25,6822574.0
9997,-33.0,8.25,6874765.0
9998,-32.75,8.25,6930667.0
9999,-32.5,8.25,6982859.0
10000,-32.25,8.25,7038778.0
10001,-32.0,8.25,7094698.0
10002,-31.75,8.25,7146910.0
10003,-31.5,8.25,7202859.0
10004,-31.25,8.25,7255079.0
10005,-31.0,8.25,7307319.0
10006,-30.75,8.25,7363285.0
10007,-30.5,8.25,7415510.0
10008,-30.25,8.25,7471489.0
10009,-30.0,8.25,7523738.0
10010,-29.75,8.25,7579744.0
10011,-29.5,8.25,7632018.0
10012,-29.25,8.25,7688038.0
10013,-29.0,8.25,7740313.0
10014,-28.75,8.25,7796348.0
10015,-28.5,8.25,7848657.0
10016,-28.25,8.25,7904726.0
10017,-28.0,8.25,7957047.0
10018,-27.75,8.25,8009379.0
10019,-27.5,8.25,8065472.0
10020,-27.25,8.25,8121582.0
10021,-27.0,8.25,8173953.0
10022,-26.75,8.25,8230078.0
10023,-26.5,8.25,8282478.0
10024,-26.25,8.25,8334895.0
10025,-26.0,8.25,8391060.0
10026,-25.75,8.25,8443497.0
10027,-25.5,8.25,8499704.0
10028,-25.25,8.25,8552170.0
10029,-25.0,8.25,8608393.0
10030,-24.75,8.25,8660891.0
10031,-24.5,8.25,8713412.0
10032,-24.25,8.25,8769685.0
10033,-24.0,8.25,8825986.0
10034,-23.75,8.25,8878552.0
10035,-23.5,8.25,8931124.0
10036,-23.25,8.25,8987481.0
10037,-23.0,8.25,9040092.0
10038,-22.75,8.25,9096479.0
10039,-22.5,8.25,9149136.0
10040,-22.25,8.25,9205557.0
10041,-22.0,8.25,9258244.0
10042,-21.75,8.25,9314715.0
10043,-21.5,8.25,9367436.0
10044,-21.25,8.25,9420190.0
10045,-21.0,8.25,9476718.0
10046,-20.75,8.25,9529509.0
10047,-20.5,8.25,9586085.0
10048,-20.25,8.25,9638914.0
10049,-20.0,8.25,9695545.0
10050,-19.75,8.25,9748417.0
10051,-19.5,8.25,9805096.0
10052,-19.25,8.25,9858011.0
10053,-19.0,8.25,9914732.0
10054,-18.75,8.25,9967651.0
10055,-18.5,8.25,10020566.0
10056,-18.25,8.25,10077234.0
10057,-18.0,8.25,10130119.0
10058,-17.75,8.25,10186757.0
10059,-17.5,8.25,10239611.0
10060,-17.25,8.25,10296219.0
10061,-17.0,8.25,10349040.0
10062,-16.75,8.25,10401846.0
10063,-16.5,8.25,10454635.0
10064,-16.25,8.25,10511183.0
10065,-61.75,8.0,646260.0
10066,-61.5,8.0,702332.0
10067,-61.25,8.0,754692.0
10068,-61.0,8.0,810810.0
10069,-60.75,8.0,863204.0
10070,-60.5,8.0,915622.0
10071,-60.25,8.0,971807.0
10072,-60.0,8.0,1024262.0
10073,-59.75,8.0,1076737.0
10074,-59.5,8.0,1132985.0
10075,-59.25,8.0,1185498.0
10076,-59.0,8.0,1241780.0
10077,-58.75,8.0,1294336.0
10078,-58.5,8.0,1350661.0
10079,-58.25,8.0,1399492.0
10080,-58.0,8.0,1455860.0
10081,-57.75,8.0,1508483.0
10082,-57.5,8.0,1564885.0
10083,-57.25,8.0,1617547.0
10084,-57.0,8.0,1673982.0
10085,-56.75,8.0,1726680.0
10086,-56.5,8.0,1783156.0
10087,-56.25,8.0,1835883.0
10088,-56.0,8.0,1888630.0
10089,-55.75,8.0,1945152.0
10090,-55.5,8.0,1997933.0
10091,-55.25,8.0,2050720.0
10092,-55.0,8.0,2107302.0
10093,-54.75,8.0,2160123.0
10094,-54.5,8.0,2216735.0
10095,-54.25,8.0,2269590.0
10096,-54.0,8.0,2326232.0
10097,-53.75,8.0,2379118.0
10098,-53.5,8.0,2432011.0
10099,-53.25,8.0,2488704.0
10100,-53.0,8.0,2541626.0
10101,-52.75,8.0,2598347.0
10102,-52.5,8.0,2651264.0
10103,-52.25,8.0,2707943.0
10104,-52.0,8.0,2760817.0
10105,-51.75,8.0,2813669.0
10106,-51.5,8.0,2870275.0
10107,-51.25,8.0,2926850.0
10108,-51.0,8.0,2979644.0
10109,-50.75,8.0,3036172.0
10110,-50.5,8.0,3088924.0
10111,-50.25,8.0,3141648.0
10112,-50.0,8.0,3198117.0
10113,-49.75,8.0,3250807.0
10114,-49.5,8.0,3307228.0
10115,-49.25,8.0,3359884.0
10116,-49.0,8.0,3416272.0
10117,-48.75,8.0,3468883.0
10118,-48.5,8.0,3525241.0
10119,-48.25,8.0,3577814.0
10120,-48.0,8.0,3630378.0
10121,-47.75,8.0,3686682.0
10122,-47.5,8.0,3742956.0
10123,-47.25,8.0,3795473.0
10124,-47.0,8.0,3847975.0
10125,-46.75,8.0,3904199.0
10126,-46.5,8.0,3956665.0
10127,-46.25,8.0,4012869.0
10128,-46.0,8.0,4065309.0
10129,-45.75,8.0,4121473.0
10130,-45.5,8.0,4173891.0
10131,-45.25,8.0,4230033.0
10132,-45.0,8.0,4282417.0
10133,-44.75,8.0,4338529.0
10134,-44.5,8.0,4390897.0
10135,-44.25,8.0,4446991.0
10136,-44.0,8.0,4499324.0
10137,-43.75,8.0,4551643.0
10138,-43.5,8.0,4607714.0
10139,-43.25,8.0,4663758.0
10140,-43.0,8.0,4716059.0
10141,-42.75,8.0,4772069.0
10142,-42.5,8.0,4824351.0
10143,-42.25,8.0,4876627.0
10144,-42.0,8.0,4932634.0
10145,-41.75,8.0,4984882.0
10146,-41.5,8.0,5040863.0
10147,-41.25,8.0,5096819.0
10148,-41.0,8.0,5149052.0
10149,-40.75,8.0,5201293.0
10150,-40.5,8.0,5257242.0
10151,-40.25,8.0,5309463.0
10152,-40.0,8.0,5365403.0
10153,-39.75,8.0,5417595.0
10154,-39.5,8.0,5473516.0
10155,-39.25,8.0,5525707.0
10156,-39.0,8.0,5581608.0
10157,-38.75,8.0,5637526.0
10158,-38.5,8.0,5689719.0
10159,-38.25,8.0,5741912.0
10160,-38.0,8.0,5797831.0
10161,-37.75,8.0,5850015.0
10162,-37.5,8.0,5905904.0
10163,-37.25,8.0,5958069.0
10164,-37.0,8.0,6013958.0
10165,-36.75,8.0,6066123.0
10166,-36.5,8.0,6122012.0
10167,-36.25,8.0,6174177.0
10168,-36.0,8.0,6230066.0
10169,-35.75,8.0,6282231.0
10170,-35.5,8.0,6338120.0
10171,-35.25,8.0,6390285.0
10172,-35.0,8.0,6446174.0
10173,-34.75,8.0,6498339.0
10174,-34.5,8.0,6554228.0
10175,-34.25,8.0,6606393.0
10176,-34.0,8.0,6662304.0
10177,-33.75,8.0,6714497.0
10178,-33.5,8.0,6770416.0
10179,-33.25,8.0,6822607.0
10180,-33.0,8.0,6878526.0
10181,-32.75,8.0,6930700.0
10182,-32.5,8.0,6986621.0
10183,-32.25,8.0,7038812.0
10184,-32.0,8.0,7091004.0
10185,-31.75,8.0,7146943.0
10186,-31.5,8.0,7202892.0
10187,-31.25,8.0,7255113.0
10188,-31.0,8.0,7311085.0
10189,-30.75,8.0,7363319.0
10190,-30.5,8.0,7419276.0
10191,-30.25,8.0,7471523.0
10192,-30.0,8.0,7523771.0
10193,-29.75,8.0,7579777.0
10194,-29.5,8.0,7632053.0
10195,-29.25,8.0,7688071.0
10196,-29.0,8.0,7744081.0
10197,-28.75,8.0,7796383.0
10198,-28.5,8.0,7848690.0
10199,-28.25,8.0,7904759.0
10200,-28.0,8.0,7957082.0
10201,-27.75,8.0,8013151.0
10202,-27.5,8.0,8069246.0
10203,-27.25,8.0,8121617.0
10204,-27.0,8.0,8173986.0
10205,-26.75,8.0,8230111.0
10206,-26.5,8.0,8286256.0
10207,-26.25,8.0,8338675.0
10208,-26.0,8.0,8391094.0
10209,-25.75,8.0,8447277.0
10210,-25.5,8.0,8499738.0
10211,-25.25,8.0,8555952.0
10212,-25.0,8.0,8608427.0
10213,-24.75,8.0,8664676.0
10214,-24.5,8.0,8717196.0
10215,-24.25,8.0,8773471.0
10216,-24.0,8.0,8826020.0
10217,-23.75,8.0,8882340.0
10218,-23.5,8.0,8934914.0
10219,-23.25,8.0,8987515.0
10220,-23.0,8.0,9043884.0
10221,-22.75,8.0,9100273.0
10222,-22.5,8.0,9152932.0
10223,-22.25,8.0,9205591.0
10224,-22.0,8.0,9262042.0
10225,-21.75,8.0,9314749.0
10226,-21.5,8.0,9371238.0
10227,-21.25,8.0,9423993.0
10228,-21.0,8.0,9476752.0
10229,-20.75,8.0,9533315.0
10230,-20.5,8.0,9589892.0
10231,-20.25,8.0,9642723.0
10232,-20.0,8.0,9699354.0
10233,-19.75,8.0,9752229.0
10234,-19.5,8.0,9805130.0
10235,-19.25,8.0,9861827.0
10236,-19.0,8.0,9914767.0
10237,-18.75,8.0,9971465.0
10238,-18.5,8.0,10024377.0
10239,-18.25,8.0,10077268.0
10240,-18.0,8.0,10133929.0
10241,-17.75,8.0,10186791.0
10242,-17.5,8.0,10243419.0
10243,-17.25,8.0,10296253.0
10244,-17.0,8.0,10352847.0
10245,-16.75,8.0,10405653.0
10246,-16.5,8.0,10462209.0
10247,-16.25,8.0,10514988.0
10248,-61.75,7.75,646295.0
10249,-61.5,7.75,698630.0
10250,-61.25,7.75,750987.0
10251,-61.0,7.75,807103.0
10252,-60.75,7.75,859494.0
10253,-60.5,7.75,911914.0
10254,-60.25,7.75,968096.0
10255,-60.0,7.75,1020549.0
10256,-59.75,7.75,1076771.0
10257,-59.5,7.75,1129268.0
10258,-59.25,7.75,1181779.0
10259,-59.0,7.75,1234311.0
10260,-58.75,7.75,1290617.0
10261,-58.5,7.75,1343184.0
10262,-58.25,7.75,1399526.0
10263,-58.0,7.75,1452136.0
10264,-57.75,7.75,1508517.0
10265,-57.5,7.75,1561159.0
10266,-57.25,7.75,1613820.0
10267,-57.0,7.75,1670253.0
10268,-56.75,7.75,1722951.0
10269,-56.5,7.75,1779425.0
10270,-56.25,7.75,1832151.0
10271,-56.0,7.75,1888664.0
10272,-55.75,7.75,1941417.0
10273,-55.5,7.75,1994197.0
10274,-55.25,7.75,2050754.0
10275,-55.0,7.75,2103564.0
10276,-54.75,7.75,2160158.0
10277,-54.5,7.75,2212996.0
10278,-54.25,7.75,2269624.0
10279,-54.0,7.75,2322490.0
10280,-53.75,7.75,2375373.0
10281,-53.5,7.75,2432045.0
10282,-53.25,7.75,2484958.0
10283,-53.0,7.75,2541660.0
10284,-52.75,7.75,2594599.0
10285,-52.5,7.75,2651298.0
10286,-52.25,7.75,2704199.0
10287,-52.0,7.75,2757075.0
10288,-51.75,7.75,2813704.0
10289,-51.5,7.75,2866537.0
10290,-51.25,7.75,2923113.0
10291,-51.0,7.75,2975909.0
10292,-50.75,7.75,3032438.0
10293,-50.5,7.75,3085191.0
10294,-50.25,7.75,3141682.0
10295,-50.0,7.75,3194387.0
10296,-49.75,7.75,3250841.0
10297,-49.5,7.75,3303502.0
10298,-49.25,7.75,3356158.0
10299,-49.0,7.75,3412548.0
10300,-48.75,7.75,3468917.0
10301,-48.5,7.75,3521519.0
10302,-48.25,7.75,3574094.0
10303,-48.0,7.75,3630412.0
10304,-47.75,7.75,3682964.0
10305,-47.5,7.75,3739240.0
10306,-47.25,7.75,3791757.0
10307,-47.0,7.75,3848009.0
10308,-46.75,7.75,3900485.0
10309,-46.5,7.75,3956698.0
10310,-46.25,7.75,4009157.0
10311,-46.0,7.75,4065343.0
10312,-45.75,7.75,4117761.0
10313,-45.5,7.75,4173925.0
10314,-45.25,7.75,4226325.0
10315,-45.0,7.75,4282451.0
10316,-44.75,7.75,4334821.0
10317,-44.5,7.75,4390930.0
10318,-44.25,7.75,4443287.0
10319,-44.0,7.75,4499358.0
10320,-43.75,7.75,4551676.0
10321,-43.5,7.75,4607748.0
10322,-43.25,7.75,4660056.0
10323,-43.0,7.75,4712358.0
10324,-42.75,7.75,4768369.0
10325,-42.5,7.75,4824385.0
10326,-42.25,7.75,4876660.0
10327,-42.0,7.75,4932668.0
10328,-41.75,7.75,4984917.0
10329,-41.5,7.75,5040896.0
10330,-41.25,7.75,5093122.0
10331,-41.0,7.75,5149087.0
10332,-40.75,7.75,5201326.0
10333,-40.5,7.75,5257277.0
10334,-40.25,7.75,5309496.0
10335,-40.0,7.75,5365437.0
10336,-39.75,7.75,5417630.0
10337,-39.5,7.75,5473549.0
10338,-39.25,7.75,5525742.0
10339,-39.0,7.75,5581641.0
10340,-38.75,7.75,5633832.0
10341,-38.5,7.75,5686024.0
10342,-38.25,7.75,5741945.0
10343,-38.0,7.75,5797866.0
10344,-37.75,7.75,5850048.0
10345,-37.5,7.75,5905939.0
10346,-37.25,7.75,5958102.0
10347,-37.0,7.75,6013993.0
10348,-36.75,7.75,6066156.0
10349,-36.5,7.75,6122047.0
10350,-36.25,7.75,6174210.0
10351,-36.0,7.75,6230101.0
10352,-35.75,7.75,6282264.0
10353,-35.5,7.75,6338155.0
10354,-35.25,7.75,6390318.0
10355,-35.0,7.75,6446209.0
10356,-34.75,7.75,6498372.0
10357,-34.5,7.75,6554263.0
10358,-34.25,7.75,6606426.0
10359,-34.0,7.75,6662339.0
10360,-33.75,7.75,6714530.0
10361,-33.5,7.75,6770449.0
10362,-33.25,7.75,6822641.0
10363,-33.0,7.75,6878559.0
10364,-32.75,7.75,6930735.0
10365,-32.5,7.75,6986654.0
10366,-32.25,7.75,7038847.0
10367,-32.0,7.75,7094766.0
10368,-31.75,7.75,7146976.0
10369,-31.5,7.75,7202927.0
10370,-31.25,7.75,7255146.0
10371,-31.0,7.75,7311120.0
10372,-30.75,7.75,7363352.0
10373,-30.5,7.75,7419309.0
10374,-30.25,7.75,7471558.0
10375,-30.0,7.75,7527537.0
10376,-29.75,7.75,7579810.0
10377,-29.5,7.75,7635821.0
10378,-29.25,7.75,7688105.0
10379,-29.0,7.75,7744114.0
10380,-28.75,7.75,7796417.0
10381,-28.5,7.75,7852462.0
10382,-28.25,7.75,7904792.0
10383,-28.0,7.75,7960854.0
10384,-27.75,7.75,8013185.0
10385,-27.5,7.75,8069279.0
10386,-27.25,7.75,8121651.0
10387,-27.0,7.75,8177760.0
10388,-26.75,7.75,8230145.0
10389,-26.5,7.75,8282546.0
10390,-26.25,7.75,8338709.0
10391,-26.0,7.75,8394872.0
10392,-25.75,7.75,8447311.0
10393,-25.5,7.75,8499771.0
10394,-25.25,7.75,8555986.0
10395,-25.0,7.75,8612211.0
10396,-24.75,7.75,8664710.0
10397,-24.5,7.75,8717230.0
10398,-24.25,7.75,8773505.0
10399,-24.0,7.75,8829808.0
10400,-23.75,7.75,8882374.0
10401,-23.5,7.75,8934948.0
10402,-23.25,7.75,8991307.0
10403,-23.0,7.75,9043918.0
10404,-22.75,7.75,9100307.0
10405,-22.5,7.75,9152966.0
10406,-22.25,7.75,9209387.0
10407,-22.0,7.75,9262076.0
10408,-21.75,7.75,9318548.0
10409,-21.5,7.75,9371272.0
10410,-21.25,7.75,9424027.0
10411,-21.0,7.75,9480557.0
10412,-20.75,7.75,9537122.0
10413,-20.5,7.75,9589926.0
10414,-20.25,7.75,9646534.0
10415,-20.0,7.75,9699388.0
10416,-19.75,7.75,9752263.0
10417,-19.5,7.75,9808942.0
10418,-19.25,7.75,9861861.0
10419,-19.0,7.75,9918581.0
10420,-18.75,7.75,9971499.0
10421,-18.5,7.75,10028189.0
10422,-18.25,7.75,10081079.0
10423,-18.0,7.75,10133963.0
10424,-17.75,7.75,10190601.0
10425,-17.5,7.75,10243454.0
10426,-17.25,7.75,10300062.0
10427,-17.0,7.75,10352881.0
10428,-16.75,7.75,10409459.0
10429,-16.5,7.75,10462243.0
10430,-16.25,7.75,10518790.0
10431,-61.75,7.5,638853.0
10432,-61.5,7.5,694925.0
10433,-61.25,7.5,747280.0
10434,-61.0,7.5,799654.0
10435,-60.75,7.5,855786.0
10436,-60.5,7.5,908203.0
10437,-60.25,7.5,964383.0
10438,-60.0,7.5,1016835.0
10439,-59.75,7.5,1069309.0
10440,-59.5,7.5,1125554.0
10441,-59.25,7.5,1178063.0
10442,-59.0,7.5,1234345.0
10443,-58.75,7.5,1286897.0
10444,-58.5,7.5,1343218.0
10445,-58.25,7.5,1395805.0
10446,-58.0,7.5,1448413.0
10447,-57.75,7.5,1504792.0
10448,-57.5,7.5,1557434.0
10449,-57.25,7.5,1613854.0
10450,-57.0,7.5,1666524.0
10451,-56.75,7.5,1722985.0
10452,-56.5,7.5,1775693.0
10453,-56.25,7.5,1828418.0
10454,-56.0,7.5,1884929.0
10455,-55.75,7.5,1937683.0
10456,-55.5,7.5,1994231.0
10457,-55.25,7.5,2047016.0
10458,-55.0,7.5,2103598.0
10459,-54.75,7.5,2156418.0
10460,-54.5,7.5,2213030.0
10461,-54.25,7.5,2265883.0
10462,-54.0,7.5,2318747.0
10463,-53.75,7.5,2375407.0
10464,-53.5,7.5,2428301.0
10465,-53.25,7.5,2484992.0
10466,-53.0,7.5,2537914.0
10467,-52.75,7.5,2594634.0
10468,-52.5,7.5,2647554.0
10469,-52.25,7.5,2704233.0
10470,-52.0,7.5,2757109.0
10471,-51.75,7.5,2809963.0
10472,-51.5,7.5,2866571.0
10473,-51.25,7.5,2919375.0
10474,-51.0,7.5,2975943.0
10475,-50.75,7.5,3032472.0
10476,-50.5,7.5,3085225.0
10477,-50.25,7.5,3137952.0
10478,-50.0,7.5,3194422.0
10479,-49.75,7.5,3247113.0
10480,-49.5,7.5,3303536.0
10481,-49.25,7.5,3356192.0
10482,-49.0,7.5,3412582.0
10483,-48.75,7.5,3465193.0
10484,-48.5,7.5,3521553.0
10485,-48.25,7.5,3574128.0
10486,-48.0,7.5,3626692.0
10487,-47.75,7.5,3682997.0
10488,-47.5,7.5,3739274.0
10489,-47.25,7.5,3791792.0
10490,-47.0,7.5,3844293.0
10491,-46.75,7.5,3900519.0
10492,-46.5,7.5,3956732.0
10493,-46.25,7.5,4009192.0
10494,-46.0,7.5,4061633.0
10495,-45.75,7.5,4117795.0
10496,-45.5,7.5,4173959.0
10497,-45.25,7.5,4226359.0
10498,-45.0,7.5,4278745.0
10499,-44.75,7.5,4334854.0
10500,-44.5,7.5,4390965.0
10501,-44.25,7.5,4443321.0
10502,-44.0,7.5,4495654.0
10503,-43.75,7.5,4551711.0
10504,-43.5,7.5,4604044.0
10505,-43.25,7.5,4660090.0
10506,-43.0,7.5,4716126.0
10507,-42.75,7.5,4768403.0
10508,-42.5,7.5,4820685.0
10509,-42.25,7.5,4876695.0
10510,-42.0,7.5,4928970.0
10511,-41.75,7.5,4984950.0
10512,-41.5,7.5,5040931.0
10513,-41.25,7.5,5093156.0
10514,-41.0,7.5,5149120.0
10515,-40.75,7.5,5201360.0
10516,-40.5,7.5,5253581.0
10517,-40.25,7.5,5309531.0
10518,-40.0,7.5,5361742.0
10519,-39.75,7.5,5417663.0
10520,-39.5,7.5,5469855.0
10521,-39.25,7.5,5525775.0
10522,-39.0,7.5,5581676.0
10523,-38.75,7.5,5633866.0
10524,-38.5,7.5,5689786.0
10525,-38.25,7.5,5741979.0
10526,-38.0,7.5,5797899.0
10527,-37.75,7.5,5850083.0
10528,-37.5,7.5,5905972.0
10529,-37.25,7.5,5958137.0
10530,-37.0,7.5,6014026.0
10531,-36.75,7.5,6066191.0
10532,-36.5,7.5,6122080.0
10533,-36.25,7.5,6174245.0
10534,-36.0,7.5,6230134.0
10535,-35.75,7.5,6282299.0
10536,-35.5,7.5,6338188.0
10537,-35.25,7.5,6390353.0
10538,-35.0,7.5,6446242.0
10539,-34.75,7.5,6498407.0
10540,-34.5,7.5,6554296.0
10541,-34.25,7.5,6606461.0
10542,-34.0,7.5,6662372.0
10543,-33.75,7.5,6718292.0
10544,-33.5,7.5,6770483.0
10545,-33.25,7.5,6826403.0
10546,-33.0,7.5,6878594.0
10547,-32.75,7.5,6930768.0
10548,-32.5,7.5,6986688.0
10549,-32.25,7.5,7038880.0
10550,-32.0,7.5,7094799.0
10551,-31.75,7.5,7147011.0
10552,-31.5,7.5,7202961.0
10553,-31.25,7.5,7258910.0
10554,-31.0,7.5,7311153.0
10555,-30.75,7.5,7367116.0
10556,-30.5,7.5,7419344.0
10557,-30.25,7.5,7471591.0
10558,-30.0,7.5,7527571.0
10559,-29.75,7.5,7579845.0
10560,-29.5,7.5,7635855.0
10561,-29.25,7.5,7691873.0
10562,-29.0,7.5,7744148.0
10563,-28.75,7.5,7800187.0
10564,-28.5,7.5,7852496.0
10565,-28.25,7.5,7904827.0
10566,-28.0,7.5,7960888.0
10567,-27.75,7.5,8016957.0
10568,-27.5,7.5,8069314.0
10569,-27.25,7.5,8121684.0
10570,-27.0,7.5,8177794.0
10571,-26.75,7.5,8233921.0
10572,-26.5,7.5,8286324.0
10573,-26.25,7.5,8342489.0
10574,-26.0,7.5,8394906.0
10575,-25.75,7.5,8447346.0
10576,-25.5,7.5,8503553.0
10577,-25.25,7.5,8559768.0
10578,-25.0,7.5,8612245.0
10579,-24.75,7.5,8664745.0
10580,-24.5,7.5,8721014.0
10581,-24.25,7.5,8773538.0
10582,-24.0,7.5,8829842.0
10583,-23.75,7.5,8886162.0
10584,-23.5,7.5,8938738.0
10585,-23.25,7.5,8991341.0
10586,-23.0,7.5,9047710.0
10587,-22.75,7.5,9104101.0
10588,-22.5,7.5,9156761.0
10589,-22.25,7.5,9209421.0
10590,-22.0,7.5,9265875.0
10591,-21.75,7.5,9318582.0
10592,-21.5,7.5,9375074.0
10593,-21.25,7.5,9427829.0
10594,-21.0,7.5,9484361.0
10595,-20.75,7.5,9537156.0
10596,-20.5,7.5,9593732.0
10597,-20.25,7.5,9646568.0
10598,-20.0,7.5,9703198.0
10599,-19.75,7.5,9756075.0
10600,-19.5,7.5,9808976.0
10601,-19.25,7.5,9865678.0
10602,-19.0,7.5,9918615.0
10603,-18.75,7.5,9975313.0
10604,-18.5,7.5,10028223.0
10605,-18.25,7.5,10084891.0
10606,-18.0,7.5,10137772.0
10607,-17.75,7.5,10190636.0
10608,-17.5,7.5,10247262.0
10609,-17.25,7.5,10300096.0
10610,-17.0,7.5,10356687.0
10611,-16.75,7.5,10409493.0
10612,-16.5,7.5,10466047.0
10613,-16.25,7.5,10518824.0
10614,-61.75,7.25,635152.0
10615,-61.5,7.25,691223.0
10616,-61.25,7.25,743576.0
10617,-61.0,7.25,799688.0
10618,-60.75,7.25,852079.0
10619,-60.5,7.25,904494.0
10620,-60.25,7.25,960673.0
10621,-60.0,7.25,1013122.0
10622,-59.75,7.25,1069344.0
10623,-59.5,7.25,1121838.0
10624,-59.25,7.25,1174346.0
10625,-59.0,7.25,1230628.0
10626,-58.75,7.25,1283178.0
10627,-58.5,7.25,1339497.0
10628,-58.25,7.25,1392083.0
10629,-58.0,7.25,1448447.0
10630,-57.75,7.25,1501066.0
10631,-57.5,7.25,1557468.0
10632,-57.25,7.25,1610126.0
10633,-57.0,7.25,1666558.0
10634,-56.75,7.25,1715491.0
10635,-56.5,7.25,1771961.0
10636,-56.25,7.25,1824687.0
10637,-56.0,7.25,1881196.0
10638,-55.75,7.25,1933950.0
10639,-55.5,7.25,1990496.0
10640,-55.25,7.25,2043279.0
10641,-55.0,7.25,2099861.0
10642,-54.75,7.25,2152679.0
10643,-54.5,7.25,2209291.0
10644,-54.25,7.25,2262142.0
10645,-54.0,7.25,2315007.0
10646,-53.75,7.25,2371664.0
10647,-53.5,7.25,2424558.0
10648,-53.25,7.25,2481247.0
10649,-53.0,7.25,2537948.0
10650,-52.75,7.25,2590886.0
10651,-52.5,7.25,2647588.0
10652,-52.25,7.25,2700488.0
10653,-52.0,7.25,2753367.0
10654,-51.75,7.25,2809997.0
10655,-51.5,7.25,2862833.0
10656,-51.25,7.25,2919409.0
10657,-51.0,7.25,2972207.0
10658,-50.75,7.25,3024971.0
10659,-50.5,7.25,3081491.0
10660,-50.25,7.25,3137986.0
10661,-50.0,7.25,3190692.0
10662,-49.75,7.25,3247147.0
10663,-49.5,7.25,3299810.0
10664,-49.25,7.25,3352466.0
10665,-49.0,7.25,3408858.0
10666,-48.75,7.25,3465227.0
10667,-48.5,7.25,3517831.0
10668,-48.25,7.25,3574163.0
10669,-48.0,7.25,3626726.0
10670,-47.75,7.25,3683031.0
10671,-47.5,7.25,3735558.0
10672,-47.25,7.25,3791826.0
10673,-47.0,7.25,3844327.0
10674,-46.75,7.25,3900552.0
10675,-46.5,7.25,3953018.0
10676,-46.25,7.25,4009226.0
10677,-46.0,7.25,4061667.0
10678,-45.75,7.25,4117828.0
10679,-45.5,7.25,4170248.0
10680,-45.25,7.25,4226394.0
10681,-45.0,7.25,4278779.0
10682,-44.75,7.25,4334888.0
10683,-44.5,7.25,4387259.0
10684,-44.25,7.25,4439617.0
10685,-44.0,7.25,4495687.0
10686,-43.75,7.25,4551745.0
10687,-43.5,7.25,4604078.0
10688,-43.25,7.25,4660123.0
10689,-43.0,7.25,4712426.0
10690,-42.75,7.25,4768438.0
10691,-42.5,7.25,4820718.0
10692,-42.25,7.25,4876729.0
10693,-42.0,7.25,4929005.0
10694,-41.75,7.25,4984984.0
10695,-41.5,7.25,5037233.0
10696,-41.25,7.25,5093189.0
10697,-41.0,7.25,5145422.0
10698,-40.75,7.25,5201395.0
10699,-40.5,7.25,5253614.0
10700,-40.25,7.25,5309565.0
10701,-40.0,7.25,5365504.0
10702,-39.75,7.25,5417697.0
10703,-39.5,7.25,5473617.0
10704,-39.25,7.25,5525809.0
10705,-39.0,7.25,5577984.0
10706,-38.75,7.25,5633900.0
10707,-38.5,7.25,5686092.0
10708,-38.25,7.25,5742012.0
10709,-38.0,7.25,5794205.0
10710,-37.75,7.25,5850116.0
10711,-37.5,7.25,5902280.0
10712,-37.25,7.25,5958170.0
10713,-37.0,7.25,6014061.0
10714,-36.75,7.25,6066224.0
10715,-36.5,7.25,6122115.0
10716,-36.25,7.25,6174278.0
10717,-36.0,7.25,6230169.0
10718,-35.75,7.25,6282332.0
10719,-35.5,7.25,6338223.0
10720,-35.25,7.25,6390386.0
10721,-35.0,7.25,6446277.0
10722,-34.75,7.25,6498440.0
10723,-34.5,7.25,6554330.0
10724,-34.25,7.25,6606494.0
10725,-34.0,7.25,6662406.0
10726,-33.75,7.25,6714597.0
10727,-33.5,7.25,6770517.0
10728,-33.25,7.25,6822709.0
10729,-33.0,7.25,6878628.0
10730,-32.75,7.25,6934530.0
10731,-32.5,7.25,6986722.0
10732,-32.25,7.25,7042642.0
10733,-32.0,7.25,7094833.0
10734,-31.75,7.25,7150775.0
10735,-31.5,7.25,7202994.0
10736,-31.25,7.25,7258945.0
10737,-31.0,7.25,7311187.0
10738,-30.75,7.25,7367149.0
10739,-30.5,7.25,7419378.0
10740,-30.25,7.25,7475357.0
10741,-30.0,7.25,7527606.0
10742,-29.75,7.25,7583613.0
10743,-29.5,7.25,7635888.0
10744,-29.25,7.25,7691908.0
10745,-29.0,7.25,7744182.0
10746,-28.75,7.25,7800220.0
10747,-28.5,7.25,7856268.0
10748,-28.25,7.25,7908599.0
10749,-28.0,7.25,7960921.0
10750,-27.75,7.25,8016991.0
10751,-27.5,7.25,8069348.0
10752,-27.25,7.25,8125460.0
10753,-27.0,7.25,8181568.0
10754,-26.75,7.25,8233956.0
10755,-26.5,7.25,8286357.0
10756,-26.25,7.25,8342522.0
10757,-26.0,7.25,8398684.0
10758,-25.75,7.25,8451126.0
10759,-25.5,7.25,8503587.0
10760,-25.25,7.25,8559801.0
10761,-25.0,7.25,8616029.0
10762,-24.75,7.25,8668531.0
10763,-24.5,7.25,8721048.0
10764,-24.25,7.25,8777324.0
10765,-24.0,7.25,8833630.0
10766,-23.75,7.25,8886197.0
10767,-23.5,7.25,8938772.0
10768,-23.25,7.25,8995133.0
10769,-23.0,7.25,9047744.0
10770,-22.75,7.25,9104135.0
10771,-22.5,7.25,9156795.0
10772,-22.25,7.25,9213217.0
10773,-22.0,7.25,9265909.0
10774,-21.75,7.25,9322382.0
10775,-21.5,7.25,9375108.0
10776,-21.25,7.25,9431632.0
10777,-21.0,7.25,9484395.0
10778,-20.75,7.25,9540962.0
10779,-20.5,7.25,9593766.0
10780,-20.25,7.25,9650378.0
10781,-20.0,7.25,9703232.0
10782,-19.75,7.25,9759886.0
10783,-19.5,7.25,9812788.0
10784,-19.25,7.25,9865712.0
10785,-19.0,7.25,9922429.0
10786,-18.75,7.25,9979128.0
10787,-18.5,7.25,10032036.0
10788,-18.25,7.25,10088704.0
10789,-18.0,7.25,10141584.0
10790,-17.75,7.25,10194447.0
10791,-17.5,7.25,10251071.0
10792,-17.25,7.25,10303905.0
10793,-17.0,7.25,10360494.0
10794,-16.75,7.25,10413300.0
10795,-16.5,7.25,10469852.0
10796,-16.25,7.25,10522627.0
10797,-61.75,7.0,635187.0
10798,-61.5,7.0,687520.0
10799,-61.25,7.0,739871.0
10800,-61.0,7.0,795981.0
10801,-60.75,7.0,848372.0
10802,-60.5,7.0,904529.0
10803,-60.25,7.0,956961.0
10804,-60.0,7.0,1009409.0
10805,-59.75,7.0,1065631.0
10806,-59.5,7.0,1118123.0
10807,-59.25,7.0,1174380.0
10808,-59.0,7.0,1226910.0
10809,-58.75,7.0,1283212.0
10810,-58.5,7.0,1335776.0
10811,-58.25,7.0,1392118.0
10812,-58.0,7.0,1444725.0
10813,-57.75,7.0,1497342.0
10814,-57.5,7.0,1549983.0
10815,-57.25,7.0,1606399.0
10816,-57.0,7.0,1659069.0
10817,-56.75,7.0,1715526.0
10818,-56.5,7.0,1768230.0
10819,-56.25,7.0,1824722.0
10820,-56.0,7.0,1877463.0
10821,-55.75,7.0,1933984.0
10822,-55.5,7.0,1986760.0
10823,-55.25,7.0,2043313.0
10824,-55.0,7.0,2096123.0
10825,-54.75,7.0,2152713.0
10826,-54.5,7.0,2205551.0
10827,-54.25,7.0,2258399.0
10828,-54.0,7.0,2315041.0
10829,-53.75,7.0,2367921.0
10830,-53.5,7.0,2424592.0
10831,-53.25,7.0,2477501.0
10832,-53.0,7.0,2534203.0
10833,-52.75,7.0,2587139.0
10834,-52.5,7.0,2643845.0
10835,-52.25,7.0,2696744.0
10836,-52.0,7.0,2753401.0
10837,-51.75,7.0,2806255.0
10838,-51.5,7.0,2862867.0
10839,-51.25,7.0,2915671.0
10840,-51.0,7.0,2972241.0
10841,-50.75,7.0,3025005.0
10842,-50.5,7.0,3081525.0
10843,-50.25,7.0,3134254.0
10844,-50.0,7.0,3190726.0
10845,-49.75,7.0,3243419.0
10846,-49.5,7.0,3299844.0
10847,-49.25,7.0,3352501.0
10848,-49.0,7.0,3408892.0
10849,-48.75,7.0,3461503.0
10850,-48.5,7.0,3517865.0
10851,-48.25,7.0,3570443.0
10852,-48.0,7.0,3623006.0
10853,-47.75,7.0,3679313.0
10854,-47.5,7.0,3735592.0
10855,-47.25,7.0,3788108.0
10856,-47.0,7.0,3840611.0
10857,-46.75,7.0,3896838.0
10858,-46.5,7.0,3953052.0
10859,-46.25,7.0,4005514.0
10860,-46.0,7.0,4057957.0
10861,-45.75,7.0,4114117.0
10862,-45.5,7.0,4170282.0
10863,-45.25,7.0,4222686.0
10864,-45.0,7.0,4278812.0
10865,-44.75,7.0,4331180.0
10866,-44.5,7.0,4387293.0
10867,-44.25,7.0,4443388.0
10868,-44.0,7.0,4495721.0
10869,-43.75,7.0,4548041.0
10870,-43.5,7.0,4604112.0
10871,-43.25,7.0,4656421.0
10872,-43.0,7.0,4712460.0
10873,-42.75,7.0,4768471.0
10874,-42.5,7.0,4820752.0
10875,-42.25,7.0,4873029.0
10876,-42.0,7.0,4929037.0
10877,-41.75,7.0,4981286.0
10878,-41.5,7.0,5037266.0
10879,-41.25,7.0,5093224.0
10880,-41.0,7.0,5145455.0
10881,-40.75,7.0,5201428.0
10882,-40.5,7.0,5253649.0
10883,-40.25,7.0,5309598.0
10884,-40.0,7.0,5361810.0
10885,-39.75,7.0,5417730.0
10886,-39.5,7.0,5469923.0
10887,-39.25,7.0,5525844.0
10888,-39.0,7.0,5578017.0
10889,-38.75,7.0,5633934.0
10890,-38.5,7.0,5689854.0
10891,-38.25,7.0,5742046.0
10892,-38.0,7.0,5797966.0
10893,-37.75,7.0,5850149.0
10894,-37.5,7.0,5906040.0
10895,-37.25,7.0,5958204.0
10896,-37.0,7.0,6014094.0
10897,-36.75,7.0,6066259.0
10898,-36.5,7.0,6122148.0
10899,-36.25,7.0,6174313.0
10900,-36.0,7.0,6230202.0
10901,-35.75,7.0,6282367.0
10902,-35.5,7.0,6338256.0
10903,-35.25,7.0,6390421.0
10904,-35.0,7.0,6446310.0
10905,-34.75,7.0,6502200.0
10906,-34.5,7.0,6554364.0
10907,-34.25,7.0,6610253.0
10908,-34.0,7.0,6662439.0
10909,-33.75,7.0,6718359.0
10910,-33.5,7.0,6770551.0
10911,-33.25,7.0,6826471.0
10912,-33.0,7.0,6878661.0
10913,-32.75,7.0,6934565.0
10914,-32.5,7.0,6986756.0
10915,-32.25,7.0,7038947.0
10916,-32.0,7.0,7094867.0
10917,-31.75,7.0,7150808.0
10918,-31.5,7.0,7203029.0
10919,-31.25,7.0,7258978.0
10920,-31.0,7.0,7314952.0
10921,-30.75,7.0,7367184.0
10922,-30.5,7.0,7419411.0
10923,-30.25,7.0,7475391.0
10924,-30.0,7.0,7527638.0
10925,-29.75,7.0,7583647.0
10926,-29.5,7.0,7639656.0
10927,-29.25,7.0,7691941.0
10928,-29.0,7.0,7747951.0
10929,-28.75,7.0,7800254.0
10930,-28.5,7.0,7852564.0
10931,-28.25,7.0,7908633.0
10932,-28.0,7.0,7964693.0
10933,-27.75,7.0,8017024.0
10934,-27.5,7.0,8073122.0
10935,-27.25,7.0,8125494.0
10936,-27.0,7.0,8181601.0
10937,-26.75,7.0,8233990.0
10938,-26.5,7.0,8290135.0
10939,-26.25,7.0,8342556.0
10940,-26.0,7.0,8398718.0
10941,-25.75,7.0,8451160.0
10942,-25.5,7.0,8507369.0
10943,-25.25,7.0,8559835.0
10944,-25.0,7.0,8616063.0
10945,-24.75,7.0,8668565.0
10946,-24.5,7.0,8724832.0
10947,-24.25,7.0,8777358.0
10948,-24.0,7.0,8833664.0
10949,-23.75,7.0,8886231.0
10950,-23.5,7.0,8942562.0
10951,-23.25,7.0,8995167.0
10952,-23.0,7.0,9051536.0
10953,-22.75,7.0,9107930.0
10954,-22.5,7.0,9160589.0
10955,-22.25,7.0,9213251.0
10956,-22.0,7.0,9269707.0
10957,-21.75,7.0,9322416.0
10958,-21.5,7.0,9378910.0
10959,-21.25,7.0,9435434.0
10960,-21.0,7.0,9488199.0
10961,-20.75,7.0,9540996.0
10962,-20.5,7.0,9597573.0
10963,-20.25,7.0,9650412.0
10964,-20.0,7.0,9707042.0
10965,-19.75,7.0,9759920.0
10966,-19.5,7.0,9812823.0
10967,-19.25,7.0,9869529.0
10968,-19.0,7.0,9926244.0
10969,-18.75,7.0,9979162.0
10970,-18.5,7.0,10035848.0
10971,-18.25,7.0,10088739.0
10972,-18.0,7.0,10145394.0
10973,-17.75,7.0,10198256.0
10974,-17.5,7.0,10251105.0
10975,-17.25,7.0,10307713.0
10976,-17.0,7.0,10360528.0
10977,-16.75,7.0,10417106.0
10978,-16.5,7.0,10469886.0
10979,-16.25,7.0,10526429.0
10980,-61.75,6.75,631486.0
10981,-61.5,6.75,683816.0
10982,-61.25,6.75,739906.0
10983,-61.0,6.75,792274.0
10984,-60.75,6.75,844665.0
10985,-60.5,6.75,900820.0
10986,-60.25,6.75,953250.0
10987,-60.0,6.75,1009443.0
10988,-59.75,6.75,1061917.0
10989,-59.5,6.75,1118158.0
10990,-59.25,6.75,1170664.0
10991,-59.0,6.75,1223194.0
10992,-58.75,6.75,1279494.0
10993,-58.5,6.75,1332055.0
10994,-58.25,6.75,1384640.0
10995,-58.0,6.75,1441000.0
10996,-57.75,6.75,1493615.0
10997,-57.5,6.75,1550017.0
10998,-57.25,6.75,1602671.0
10999,-57.0,6.75,1659103.0
11000,-56.75,6.75,1711796.0
11001,-56.5,6.75,1768264.0
11002,-56.25,6.75,1820990.0
11003,-56.0,6.75,1877497.0
11004,-55.75,6.75,1930251.0
11005,-55.5,6.75,1986795.0
11006,-55.25,6.75,2039576.0
11007,-55.0,6.75,2096157.0
11008,-54.75,6.75,2148973.0
11009,-54.5,6.75,2201810.0
11010,-54.25,6.75,2258433.0
11011,-54.0,6.75,2311299.0
11012,-53.75,6.75,2367955.0
11013,-53.5,6.75,2420848.0
11014,-53.25,6.75,2477535.0
11015,-53.0,6.75,2530457.0
11016,-52.75,6.75,2587173.0
11017,-52.5,6.75,2640101.0
11018,-52.25,6.75,2696778.0
11019,-52.0,6.75,2749659.0
11020,-51.75,6.75,2806289.0
11021,-51.5,6.75,2859130.0
11022,-51.25,6.75,2915705.0
11023,-51.0,6.75,2968505.0
11024,-50.75,6.75,3025040.0
11025,-50.5,6.75,3077792.0
11026,-50.25,6.75,3134288.0
11027,-50.0,6.75,3186996.0
11028,-49.75,6.75,3243453.0
11029,-49.5,6.75,3296118.0
11030,-49.25,6.75,3348775.0
11031,-49.0,6.75,3405168.0
11032,-48.75,6.75,3461537.0
11033,-48.5,6.75,3514143.0
11034,-48.25,6.75,3570477.0
11035,-48.0,6.75,3623039.0
11036,-47.75,6.75,3679347.0
11037,-47.5,6.75,3731876.0
11038,-47.25,6.75,3788142.0
11039,-47.0,6.75,3844395.0
11040,-46.75,6.75,3896872.0
11041,-46.5,6.75,3949338.0
11042,-46.25,6.75,4005548.0
11043,-46.0,6.75,4061735.0
11044,-45.75,6.75,4114151.0
11045,-45.5,6.75,4166572.0
11046,-45.25,6.75,4222719.0
11047,-45.0,6.75,4278847.0
11048,-44.75,6.75,4331214.0
11049,-44.5,6.75,4387326.0
11050,-44.25,6.75,4439684.0
11051,-44.0,6.75,4492017.0
11052,-43.75,6.75,4548074.0
11053,-43.5,6.75,4604146.0
11054,-43.25,6.75,4656456.0
11055,-43.0,6.75,4712493.0
11056,-42.75,6.75,4764770.0
11057,-42.5,6.75,4820787.0
11058,-42.25,6.75,4873062.0
11059,-42.0,6.75,4929071.0
11060,-41.75,6.75,4985052.0
11061,-41.5,6.75,5037300.0
11062,-41.25,6.75,5089528.0
11063,-41.0,6.75,5145489.0
11064,-40.75,6.75,5197732.0
11065,-40.5,6.75,5253682.0
11066,-40.25,6.75,5309633.0
11067,-40.0,6.75,5361843.0
11068,-39.75,6.75,5417764.0
11069,-39.5,6.75,5469957.0
11070,-39.25,6.75,5525877.0
11071,-39.0,6.75,5578052.0
11072,-38.75,6.75,5633967.0
11073,-38.5,6.75,5686160.0
11074,-38.25,6.75,5742079.0
11075,-38.0,6.75,5794272.0
11076,-37.75,6.75,5850183.0
11077,-37.5,6.75,5902347.0
11078,-37.25,6.75,5958238.0
11079,-37.0,6.75,6010402.0
11080,-36.75,6.75,6066292.0
11081,-36.5,6.75,6118456.0
11082,-36.25,6.75,6174346.0
11083,-36.0,6.75,6230237.0
11084,-35.75,6.75,6282400.0
11085,-35.5,6.75,6338290.0
11086,-35.25,6.75,6390454.0
11087,-35.0,6.75,6446344.0
11088,-34.75,6.75,6498508.0
11089,-34.5,6.75,6554397.0
11090,-34.25,6.75,6606561.0
11091,-34.0,6.75,6662473.0
11092,-33.75,6.75,6718392.0
11093,-33.5,6.75,6770585.0
11094,-33.25,6.75,6826504.0
11095,-33.0,6.75,6878696.0
11096,-32.75,6.75,6934598.0
11097,-32.5,6.75,6990518.0
11098,-32.25,6.75,7042709.0
11099,-32.0,6.75,7094900.0
11100,-31.75,6.75,7150843.0
11101,-31.5,6.75,7203062.0
11102,-31.25,6.75,7259012.0
11103,-31.0,6.75,7311254.0
11104,-30.75,6.75,7367218.0
11105,-30.5,6.75,7423177.0
11106,-30.25,6.75,7475425.0
11107,-30.0,6.75,7531405.0
11108,-29.75,6.75,7583680.0
11109,-29.5,6.75,7639691.0
11110,-29.25,6.75,7691974.0
11111,-29.0,6.75,7747984.0
11112,-28.75,6.75,7800289.0
11113,-28.5,6.75,7856336.0
11114,-28.25,6.75,7908666.0
11115,-28.0,6.75,7964727.0
11116,-27.75,6.75,8017058.0
11117,-27.5,6.75,8073155.0
11118,-27.25,6.75,8129270.0
11119,-27.0,6.75,8181636.0
11120,-26.75,6.75,8234023.0
11121,-26.5,6.75,8290169.0
11122,-26.25,6.75,8346336.0
11123,-26.0,6.75,8398752.0
11124,-25.75,6.75,8454940.0
11125,-25.5,6.75,8507403.0
11126,-25.25,6.75,8563617.0
11127,-25.0,6.75,8616097.0
11128,-24.75,6.75,8672351.0
11129,-24.5,6.75,8724866.0
11130,-24.25,6.75,8781144.0
11131,-24.0,6.75,8833697.0
11132,-23.75,6.75,8890019.0
11133,-23.5,6.75,8942596.0
11134,-23.25,6.75,8998959.0
11135,-23.0,6.75,9051570.0
11136,-22.75,6.75,9107964.0
11137,-22.5,6.75,9160623.0
11138,-22.25,6.75,9217047.0
11139,-22.0,6.75,9269741.0
11140,-21.75,6.75,9326216.0
11141,-21.5,6.75,9382713.0
11142,-21.25,6.75,9435469.0
11143,-21.0,6.75,9488233.0
11144,-20.75,6.75,9544802.0
11145,-20.5,6.75,9597608.0
11146,-20.25,6.75,9654222.0
11147,-20.0,6.75,9707076.0
11148,-19.75,6.75,9763732.0
11149,-19.5,6.75,9816638.0
11150,-19.25,6.75,9873345.0
11151,-19.0,6.75,9926278.0
11152,-18.75,6.75,9982976.0
11153,-18.5,6.75,10035882.0
11154,-18.25,6.75,10092551.0
11155,-18.0,6.75,10145428.0
11156,-17.75,6.75,10202066.0
11157,-17.5,6.75,10254912.0
11158,-17.25,6.75,10307747.0
11159,-17.0,6.75,10364334.0
11160,-16.75,6.75,10417140.0
11161,-16.5,6.75,10473691.0
11162,-16.25,6.75,10526464.0
11163,-61.75,6.5,627786.0
11164,-61.5,6.5,680114.0
11165,-61.25,6.5,736201.0
11166,-61.0,6.5,788567.0
11167,-60.75,6.5,844699.0
11168,-60.5,6.5,897110.0
11169,-60.25,6.5,953285.0
11170,-60.0,6.5,1001985.0
11171,-59.75,6.5,1058204.0
11172,-59.5,6.5,1110692.0
11173,-59.25,6.5,1166945.0
11174,-59.0,6.5,1219475.0
11175,-58.75,6.5,1275773.0
11176,-58.5,6.5,1328332.0
11177,-58.25,6.5,1384674.0
11178,-58.0,6.5,1437276.0
11179,-57.75,6.5,1493649.0
11180,-57.5,6.5,1546291.0
11181,-57.25,6.5,1598944.0
11182,-57.0,6.5,1655376.0
11183,-56.75,6.5,1708067.0
11184,-56.5,6.5,1764533.0
11185,-56.25,6.5,1817259.0
11186,-56.0,6.5,1873764.0
11187,-55.75,6.5,1926518.0
11188,-55.5,6.5,1983060.0
11189,-55.25,6.5,2035842.0
11190,-55.0,6.5,2092420.0
11191,-54.75,6.5,2145232.0
11192,-54.5,6.5,2201844.0
11193,-54.25,6.5,2254691.0
11194,-54.0,6.5,2311333.0
11195,-53.75,6.5,2364211.0
11196,-53.5,6.5,2420883.0
11197,-53.25,6.5,2473789.0
11198,-53.0,6.5,2530491.0
11199,-52.75,6.5,2583425.0
11200,-52.5,6.5,2640135.0
11201,-52.25,6.5,2693035.0
11202,-52.0,6.5,2749693.0
11203,-51.75,6.5,2802547.0
11204,-51.5,6.5,2859164.0
11205,-51.25,6.5,2911968.0
11206,-51.0,6.5,2968539.0
11207,-50.75,6.5,3021306.0
11208,-50.5,6.5,3074058.0
11209,-50.25,6.5,3130556.0
11210,-50.0,6.5,3187030.0
11211,-49.75,6.5,3239725.0
11212,-49.5,6.5,3296152.0
11213,-49.25,6.5,3348810.0
11214,-49.0,6.5,3405202.0
11215,-48.75,6.5,3457813.0
11216,-48.5,6.5,3514177.0
11217,-48.25,6.5,3566757.0
11218,-48.0,6.5,3623074.0
11219,-47.75,6.5,3675629.0
11220,-47.5,6.5,3731910.0
11221,-47.25,6.5,3784424.0
11222,-47.0,6.5,3840679.0
11223,-46.75,6.5,3893158.0
11224,-46.5,6.5,3949372.0
11225,-46.25,6.5,4005581.0
11226,-46.0,6.5,4058024.0
11227,-45.75,6.5,4114186.0
11228,-45.5,6.5,4166606.0
11229,-45.25,6.5,4222753.0
11230,-45.0,6.5,4275141.0
11231,-44.75,6.5,4331249.0
11232,-44.5,6.5,4383620.0
11233,-44.25,6.5,4439718.0
11234,-44.0,6.5,4492052.0
11235,-43.75,6.5,4548108.0
11236,-43.5,6.5,4600441.0
11237,-43.25,6.5,4656489.0
11238,-43.0,6.5,4712528.0
11239,-42.75,6.5,4764804.0
11240,-42.5,6.5,4820820.0
11241,-42.25,6.5,4873097.0
11242,-42.0,6.5,4925373.0
11243,-41.75,6.5,4981354.0
11244,-41.5,6.5,5037335.0
11245,-41.25,6.5,5089561.0
11246,-41.0,6.5,5145523.0
11247,-40.75,6.5,5201496.0
11248,-40.5,6.5,5253716.0
11249,-40.25,6.5,5305937.0
11250,-40.0,6.5,5361878.0
11251,-39.75,6.5,5414070.0
11252,-39.5,6.5,5469990.0
11253,-39.25,6.5,5522183.0
11254,-39.0,6.5,5578085.0
11255,-38.75,6.5,5634002.0
11256,-38.5,6.5,5686193.0
11257,-38.25,6.5,5742114.0
11258,-38.0,6.5,5794305.0
11259,-37.75,6.5,5850217.0
11260,-37.5,6.5,5906107.0
11261,-37.25,6.5,5958271.0
11262,-37.0,6.5,6014161.0
11263,-36.75,6.5,6066326.0
11264,-36.5,6.5,6122216.0
11265,-36.25,6.5,6174380.0
11266,-36.0,6.5,6230270.0
11267,-35.75,6.5,6286160.0
11268,-35.5,6.5,6338324.0
11269,-35.25,6.5,6394214.0
11270,-35.0,6.5,6446377.0
11271,-34.75,6.5,6502267.0
11272,-34.5,6.5,6554431.0
11273,-34.25,6.5,6610321.0
11274,-34.0,6.5,6662506.0
11275,-33.75,6.5,6718427.0
11276,-33.5,6.5,6770618.0
11277,-33.25,6.5,6826539.0
11278,-33.0,6.5,6878729.0
11279,-32.75,6.5,6934632.0
11280,-32.5,6.5,6986823.0
11281,-32.25,6.5,7042743.0
11282,-32.0,6.5,7094935.0
11283,-31.75,6.5,7150877.0
11284,-31.5,6.5,7206826.0
11285,-31.25,6.5,7259046.0
11286,-31.0,6.5,7315020.0
11287,-30.75,6.5,7367251.0
11288,-30.5,6.5,7423212.0
11289,-30.25,6.5,7475459.0
11290,-30.0,6.5,7531439.0
11291,-29.75,6.5,7583715.0
11292,-29.5,6.5,7639724.0
11293,-29.25,6.5,7695742.0
11294,-29.0,6.5,7748019.0
11295,-28.75,6.5,7800322.0
11296,-28.5,6.5,7856369.0
11297,-28.25,6.5,7912438.0
11298,-28.0,6.5,7964762.0
11299,-27.75,6.5,8020830.0
11300,-27.5,6.5,8073189.0
11301,-27.25,6.5,8129305.0
11302,-27.0,6.5,8181670.0
11303,-26.75,6.5,8237799.0
11304,-26.5,6.5,8293947.0
11305,-26.25,6.5,8346371.0
11306,-26.0,6.5,8398785.0
11307,-25.75,6.5,8454973.0
11308,-25.5,6.5,8511185.0
11309,-25.25,6.5,8563651.0
11310,-25.0,6.5,8616131.0
11311,-24.75,6.5,8672385.0
11312,-24.5,6.5,8728652.0
11313,-24.25,6.5,8781178.0
11314,-24.0,6.5,8833732.0
11315,-23.75,6.5,8890053.0
11316,-23.5,6.5,8946386.0
11317,-23.25,6.5,8998993.0
11318,-23.0,6.5,9055362.0
11319,-22.75,6.5,9107999.0
11320,-22.5,6.5,9164417.0
11321,-22.25,6.5,9217081.0
11322,-22.0,6.5,9273541.0
11323,-21.75,6.5,9326250.0
11324,-21.5,6.5,9382747.0
11325,-21.25,6.5,9435503.0
11326,-21.0,6.5,9492037.0
11327,-20.75,6.5,9544836.0
11328,-20.5,6.5,9601416.0
11329,-20.25,6.5,9654256.0
11330,-20.0,6.5,9710886.0
11331,-19.75,6.5,9767545.0
11332,-19.5,6.5,9820452.0
11333,-19.25,6.5,9873379.0
11334,-19.0,6.5,9930092.0
11335,-18.75,6.5,9983010.0
11336,-18.5,6.5,10039695.0
11337,-18.25,6.5,10092585.0
11338,-18.0,6.5,10149238.0
11339,-17.75,6.5,10202100.0
11340,-17.5,6.5,10258720.0
11341,-17.25,6.5,10311554.0
11342,-17.0,6.5,10364369.0
11343,-16.75,6.5,10420948.0
11344,-16.5,6.5,10477496.0
11345,-16.25,6.5,10530267.0
11346,-61.75,6.25,624083.0
11347,-61.5,6.25,676409.0
11348,-61.25,6.25,732494.0
11349,-61.0,6.25,784859.0
11350,-60.75,6.25,837250.0
11351,-60.5,6.25,893401.0
11352,-60.25,6.25,945827.0
11353,-60.0,6.25,1002019.0
11354,-59.75,6.25,1054490.0
11355,-59.5,6.25,1110726.0
11356,-59.25,6.25,1163228.0
11357,-59.0,6.25,1215758.0
11358,-58.75,6.25,1272054.0
11359,-58.5,6.25,1324612.0
11360,-58.25,6.25,1380953.0
11361,-58.0,6.25,1433553.0
11362,-57.75,6.25,1489925.0
11363,-57.5,6.25,1542566.0
11364,-57.25,6.25,1598978.0
11365,-57.0,6.25,1651648.0
11366,-56.75,6.25,1708101.0
11367,-56.5,6.25,1760801.0
11368,-56.25,6.25,1817293.0
11369,-56.0,6.25,1870030.0
11370,-55.75,6.25,1926552.0
11371,-55.5,6.25,1979324.0
11372,-55.25,6.25,2035876.0
11373,-55.0,6.25,2088682.0
11374,-54.75,6.25,2141494.0
11375,-54.5,6.25,2198105.0
11376,-54.25,6.25,2250950.0
11377,-54.0,6.25,2307591.0
11378,-53.75,6.25,2364245.0
11379,-53.5,6.25,2417139.0
11380,-53.25,6.25,2473823.0
11381,-53.0,6.25,2526745.0
11382,-52.75,6.25,2583459.0
11383,-52.5,6.25,2636388.0
11384,-52.25,6.25,2689292.0
11385,-52.0,6.25,2745952.0
11386,-51.75,6.25,2802581.0
11387,-51.5,6.25,2855424.0
11388,-51.25,6.25,2912002.0
11389,-51.0,6.25,2964803.0
11390,-50.75,6.25,3021340.0
11391,-50.5,6.25,3074092.0
11392,-50.25,6.25,3130590.0
11393,-50.0,6.25,3183299.0
11394,-49.75,6.25,3239759.0
11395,-49.5,6.25,3292426.0
11396,-49.25,6.25,3348844.0
11397,-49.0,6.25,3401478.0
11398,-48.75,6.25,3457847.0
11399,-48.5,6.25,3510455.0
11400,-48.25,6.25,3566791.0
11401,-48.0,6.25,3623108.0
11402,-47.75,6.25,3675663.0
11403,-47.5,6.25,3728193.0
11404,-47.25,6.25,3784457.0
11405,-47.0,6.25,3840713.0
11406,-46.75,6.25,3893193.0
11407,-46.5,6.25,3945658.0
11408,-46.25,6.25,4001869.0
11409,-46.0,6.25,4058058.0
11410,-45.75,6.25,4110476.0
11411,-45.5,6.25,4166639.0
11412,-45.25,6.25,4219045.0
11413,-45.0,6.25,4275175.0
11414,-44.75,6.25,4331282.0
11415,-44.5,6.25,4383654.0
11416,-44.25,6.25,4436014.0
11417,-44.0,6.25,4492085.0
11418,-43.75,6.25,4548143.0
11419,-43.5,6.25,4600475.0
11420,-43.25,6.25,4656523.0
11421,-43.0,6.25,4708828.0
11422,-42.75,6.25,4764837.0
11423,-42.5,6.25,4817120.0
11424,-42.25,6.25,4873131.0
11425,-42.0,6.25,4929139.0
11426,-41.75,6.25,4981387.0
11427,-41.5,6.25,5037368.0
11428,-41.25,6.25,5089596.0
11429,-41.0,6.25,5145556.0
11430,-40.75,6.25,5197799.0
11431,-40.5,6.25,5253751.0
11432,-40.25,6.25,5305970.0
11433,-40.0,6.25,5361912.0
11434,-39.75,6.25,5417832.0
11435,-39.5,6.25,5470024.0
11436,-39.25,6.25,5525945.0
11437,-39.0,6.25,5578119.0
11438,-38.75,6.25,5634035.0
11439,-38.5,6.25,5686228.0
11440,-38.25,6.25,5742147.0
11441,-38.0,6.25,5794340.0
11442,-37.75,6.25,5850250.0
11443,-37.5,6.25,5902415.0
11444,-37.25,6.25,5958305.0
11445,-37.0,6.25,6010469.0
11446,-36.75,6.25,6066359.0
11447,-36.5,6.25,6118523.0
11448,-36.25,6.25,6174413.0
11449,-36.0,6.25,6230302.0
11450,-35.75,6.25,6282467.0
11451,-35.5,6.25,6338357.0
11452,-35.25,6.25,6390521.0
11453,-35.0,6.25,6446411.0
11454,-34.75,6.25,6498575.0
11455,-34.5,6.25,6554465.0
11456,-34.25,6.25,6610354.0
11457,-34.0,6.25,6662541.0
11458,-33.75,6.25,6718460.0
11459,-33.5,6.25,6770653.0
11460,-33.25,6.25,6826572.0
11461,-33.0,6.25,6882489.0
11462,-32.75,6.25,6934666.0
11463,-32.5,6.25,6990585.0
11464,-32.25,6.25,7042777.0
11465,-32.0,6.25,7098697.0
11466,-31.75,6.25,7150910.0
11467,-31.5,6.25,7206861.0
11468,-31.25,6.25,7259079.0
11469,-31.0,6.25,7315053.0
11470,-30.75,6.25,7367286.0
11471,-30.5,6.25,7423245.0
11472,-30.25,6.25,7479224.0
11473,-30.0,6.25,7531473.0
11474,-29.75,6.25,7587483.0
11475,-29.5,6.25,7639758.0
11476,-29.25,6.25,7695775.0
11477,-29.0,6.25,7748053.0
11478,-28.75,6.25,7804092.0
11479,-28.5,6.25,7860141.0
11480,-28.25,6.25,7912473.0
11481,-28.0,6.25,7964795.0
11482,-27.75,6.25,8020864.0
11483,-27.5,6.25,8076963.0
11484,-27.25,6.25,8129338.0
11485,-27.0,6.25,8185446.0
11486,-26.75,6.25,8237833.0
11487,-26.5,6.25,8293980.0
11488,-26.25,6.25,8346405.0
11489,-26.0,6.25,8402564.0
11490,-25.75,6.25,8455007.0
11491,-25.5,6.25,8511219.0
11492,-25.25,6.25,8563686.0
11493,-25.0,6.25,8619915.0
11494,-24.75,6.25,8672418.0
11495,-24.5,6.25,8728686.0
11496,-24.25,6.25,8784965.0
11497,-24.0,6.25,8837520.0
11498,-23.75,6.25,8893841.0
11499,-23.5,6.25,8946420.0
11500,-23.25,6.25,9002785.0
11501,-23.0,6.25,9055396.0
11502,-22.75,6.25,9111793.0
11503,-22.5,6.25,9164451.0
11504,-22.25,6.25,9220878.0
11505,-22.0,6.25,9273575.0
11506,-21.75,6.25,9330050.0
11507,-21.5,6.25,9386549.0
11508,-21.25,6.25,9439305.0
11509,-21.0,6.25,9492071.0
11510,-20.75,6.25,9548642.0
11511,-20.5,6.25,9601450.0
11512,-20.25,6.25,9658066.0
11513,-20.0,6.25,9714697.0
11514,-19.75,6.25,9767580.0
11515,-19.5,6.25,9824265.0
11516,-19.25,6.25,9877195.0
11517,-19.0,6.25,9930126.0
11518,-18.75,6.25,9986824.0
11519,-18.5,6.25,10039729.0
11520,-18.25,6.25,10096397.0
11521,-18.0,6.25,10149272.0
11522,-17.75,6.25,10205911.0
11523,-17.5,6.25,10262529.0
11524,-17.25,6.25,10315364.0
11525,-17.0,6.25,10371947.0
11526,-16.75,6.25,10424752.0
11527,-16.5,6.25,10477530.0
11528,-16.25,6.25,10534069.0
11529,-61.75,6.0,620382.0
11530,-61.5,6.0,672706.0
11531,-61.25,6.0,728790.0
11532,-61.0,6.0,781152.0
11533,-60.75,6.0,837284.0
11534,-60.5,6.0,889691.0
11535,-60.25,6.0,945861.0
11536,-60.0,6.0,998308.0
11537,-59.75,6.0,1050777.0
11538,-59.5,6.0,1107011.0
11539,-59.25,6.0,1159514.0
11540,-59.0,6.0,1215793.0
11541,-58.75,6.0,1268335.0
11542,-58.5,6.0,1324647.0
11543,-58.25,6.0,1377232.0
11544,-58.0,6.0,1433588.0
11545,-57.75,6.0,1486202.0
11546,-57.5,6.0,1542601.0
11547,-57.25,6.0,1595251.0
11548,-57.0,6.0,1651683.0
11549,-56.75,6.0,1704372.0
11550,-56.5,6.0,1760835.0
11551,-56.25,6.0,1813561.0
11552,-56.0,6.0,1870064.0
11553,-55.75,6.0,1922818.0
11554,-55.5,6.0,1979358.0
11555,-55.25,6.0,2032140.0
11556,-55.0,6.0,2084944.0
11557,-54.75,6.0,2141528.0
11558,-54.5,6.0,2194366.0
11559,-54.25,6.0,2250984.0
11560,-54.0,6.0,2303850.0
11561,-53.75,6.0,2360502.0
11562,-53.5,6.0,2417173.0
11563,-53.25,6.0,2470078.0
11564,-53.0,6.0,2526779.0
11565,-52.75,6.0,2579711.0
11566,-52.5,6.0,2632642.0
11567,-52.25,6.0,2689326.0
11568,-52.0,6.0,2742210.0
11569,-51.75,6.0,2798839.0
11570,-51.5,6.0,2855458.0
11571,-51.25,6.0,2908266.0
11572,-51.0,6.0,2964837.0
11573,-50.75,6.0,3017606.0
11574,-50.5,6.0,3070358.0
11575,-50.25,6.0,3126858.0
11576,-50.0,6.0,3183333.0
11577,-49.75,6.0,3236031.0
11578,-49.5,6.0,3292460.0
11579,-49.25,6.0,3348877.0
11580,-49.0,6.0,3401512.0
11581,-48.75,6.0,3454123.0
11582,-48.5,6.0,3510489.0
11583,-48.25,6.0,3566824.0
11584,-48.0,6.0,3619388.0
11585,-47.75,6.0,3675698.0
11586,-47.5,6.0,3728227.0
11587,-47.25,6.0,3784491.0
11588,-47.0,6.0,3836997.0
11589,-46.75,6.0,3893227.0
11590,-46.5,6.0,3949439.0
11591,-46.25,6.0,4001903.0
11592,-46.0,6.0,4054348.0
11593,-45.75,6.0,4110510.0
11594,-45.5,6.0,4166674.0
11595,-45.25,6.0,4219079.0
11596,-45.0,6.0,4275208.0
11597,-44.75,6.0,4327574.0
11598,-44.5,6.0,4383689.0
11599,-44.25,6.0,4436047.0
11600,-44.0,6.0,4492119.0
11601,-43.75,6.0,4544440.0
11602,-43.5,6.0,4600509.0
11603,-43.25,6.0,4652821.0
11604,-43.0,6.0,4708861.0
11605,-42.75,6.0,4764872.0
11606,-42.5,6.0,4817154.0
11607,-42.25,6.0,4873164.0
11608,-42.0,6.0,4925441.0
11609,-41.75,6.0,4981420.0
11610,-41.5,6.0,5033670.0
11611,-41.25,6.0,5089630.0
11612,-41.0,6.0,5145591.0
11613,-40.75,6.0,5197833.0
11614,-40.5,6.0,5253784.0
11615,-40.25,6.0,5306005.0
11616,-40.0,6.0,5361945.0
11617,-39.75,6.0,5414138.0
11618,-39.5,6.0,5470057.0
11619,-39.25,6.0,5522250.0
11620,-39.0,6.0,5578153.0
11621,-38.75,6.0,5630341.0
11622,-38.5,6.0,5686261.0
11623,-38.25,6.0,5742182.0
11624,-38.0,6.0,5794373.0
11625,-37.75,6.0,5850285.0
11626,-37.5,6.0,5902448.0
11627,-37.25,6.0,5958339.0
11628,-37.0,6.0,6014229.0
11629,-36.75,6.0,6066393.0
11630,-36.5,6.0,6122283.0
11631,-36.25,6.0,6174446.0
11632,-36.0,6.0,6230337.0
11633,-35.75,6.0,6282500.0
11634,-35.5,6.0,6338391.0
11635,-35.25,6.0,6394281.0
11636,-35.0,6.0,6446445.0
11637,-34.75,6.0,6502335.0
11638,-34.5,6.0,6554498.0
11639,-34.25,6.0,6610389.0
11640,-34.0,6.0,6662574.0
11641,-33.75,6.0,6718495.0
11642,-33.5,6.0,6770686.0
11643,-33.25,6.0,6826606.0
11644,-33.0,6.0,6878797.0
11645,-32.75,6.0,6934699.0
11646,-32.5,6.0,6990618.0
11647,-32.25,6.0,7042811.0
11648,-32.0,6.0,7098730.0
11649,-31.75,6.0,7150945.0
11650,-31.5,6.0,7206894.0
11651,-31.25,6.0,7262843.0
11652,-31.0,6.0,7315088.0
11653,-30.75,6.0,7371050.0
11654,-30.5,6.0,7423279.0
11655,-30.25,6.0,7479257.0
11656,-30.0,6.0,7531507.0
11657,-29.75,6.0,7587516.0
11658,-29.5,6.0,7643528.0
11659,-29.25,6.0,7695810.0
11660,-29.0,6.0,7748086.0
11661,-28.75,6.0,7804126.0
11662,-28.5,6.0,7856437.0
11663,-28.25,6.0,7912507.0
11664,-28.0,6.0,7968567.0
11665,-27.75,6.0,8020897.0
11666,-27.5,6.0,8076998.0
11667,-27.25,6.0,8129372.0
11668,-27.0,6.0,8185479.0
11669,-26.75,6.0,8241609.0
11670,-26.5,6.0,8294015.0
11671,-26.25,6.0,8350183.0
11672,-26.0,6.0,8402598.0
11673,-25.75,6.0,8458787.0
11674,-25.5,6.0,8511252.0
11675,-25.25,6.0,8567468.0
11676,-25.0,6.0,8619949.0
11677,-24.75,6.0,8676204.0
11678,-24.5,6.0,8732472.0
11679,-24.25,6.0,8785000.0
11680,-24.0,6.0,8837554.0
11681,-23.75,6.0,8893874.0
11682,-23.5,6.0,8950210.0
11683,-23.25,6.0,9002819.0
11684,-23.0,6.0,9059188.0
11685,-22.75,6.0,9111826.0
11686,-22.5,6.0,9168245.0
11687,-22.25,6.0,9220912.0
11688,-22.0,6.0,9277375.0
11689,-21.75,6.0,9330084.0
11690,-21.5,6.0,9386583.0
11691,-21.25,6.0,9439339.0
11692,-21.0,6.0,9495875.0
11693,-20.75,6.0,9548676.0
11694,-20.5,6.0,9605258.0
11695,-20.25,6.0,9658100.0
11696,-20.0,6.0,9714731.0
11697,-19.75,6.0,9771393.0
11698,-19.5,6.0,9824299.0
11699,-19.25,6.0,9877229.0
11700,-19.0,6.0,9933940.0
11701,-18.75,6.0,9986859.0
11702,-18.5,6.0,10043541.0
11703,-18.25,6.0,10100210.0
11704,-18.0,6.0,10153083.0
11705,-17.75,6.0,10209721.0
11706,-17.5,6.0,10262564.0
11707,-17.25,6.0,10319172.0
11708,-17.0,6.0,10371981.0
11709,-16.75,6.0,10424786.0
11710,-16.5,6.0,10481334.0
11711,-16.25,6.0,10534103.0
11712,-61.75,5.75,616681.0
11713,-61.5,5.75,672741.0
11714,-61.25,5.75,725084.0
11715,-61.0,5.75,777447.0
11716,-60.75,5.75,833577.0
11717,-60.5,5.75,885982.0
11718,-60.25,5.75,942151.0
11719,-60.0,5.75,994597.0
11720,-59.75,5.75,1050812.0
11721,-59.5,5.75,1103296.0
11722,-59.25,5.75,1159548.0
11723,-59.0,5.75,1212075.0
11724,-58.75,5.75,1268369.0
11725,-58.5,5.75,1320927.0
11726,-58.25,5.75,1377266.0
11727,-58.0,5.75,1429864.0
11728,-57.75,5.75,1486236.0
11729,-57.5,5.75,1538875.0
11730,-57.25,5.75,1595285.0
11731,-57.0,5.75,1647955.0
11732,-56.75,5.75,1704406.0
11733,-56.5,5.75,1757104.0
11734,-56.25,5.75,1813596.0
11735,-56.0,5.75,1866331.0
11736,-55.75,5.75,1922852.0
11737,-55.5,5.75,1975622.0
11738,-55.25,5.75,2028403.0
11739,-55.0,5.75,2084978.0
11740,-54.75,5.75,2137788.0
11741,-54.5,5.75,2194400.0
11742,-54.25,5.75,2247243.0
11743,-54.0,5.75,2303884.0
11744,-53.75,5.75,2356758.0
11745,-53.5,5.75,2413430.0
11746,-53.25,5.75,2470112.0
11747,-53.0,5.75,2523033.0
11748,-52.75,5.75,2579745.0
11749,-52.5,5.75,2632677.0
11750,-52.25,5.75,2685582.0
11751,-52.0,5.75,2742244.0
11752,-51.75,5.75,2798873.0
11753,-51.5,5.75,2851718.0
11754,-51.25,5.75,2908301.0
11755,-51.0,5.75,2961101.0
11756,-50.75,5.75,3017640.0
11757,-50.5,5.75,3070394.0
11758,-50.25,5.75,3126892.0
11759,-50.0,5.75,3179601.0
11760,-49.75,5.75,3236065.0
11761,-49.5,5.75,3288734.0
11762,-49.25,5.75,3345151.0
11763,-49.0,5.75,3401547.0
11764,-48.75,5.75,3454157.0
11765,-48.5,5.75,3506767.0
11766,-48.25,5.75,3563104.0
11767,-48.0,5.75,3619422.0
11768,-47.75,5.75,3671980.0
11769,-47.5,5.75,3724509.0
11770,-47.25,5.75,3780773.0
11771,-47.0,5.75,3837031.0
11772,-46.75,5.75,3889513.0
11773,-46.5,5.75,3945725.0
11774,-46.25,5.75,3998191.0
11775,-46.0,5.75,4054382.0
11776,-45.75,5.75,4110543.0
11777,-45.5,5.75,4162964.0
11778,-45.25,5.75,4219114.0
11779,-45.0,5.75,4271501.0
11780,-44.75,5.75,4327607.0
11781,-44.5,5.75,4379983.0
11782,-44.25,5.75,4436082.0
11783,-44.0,5.75,4488415.0
11784,-43.75,5.75,4544473.0
11785,-43.5,5.75,4600543.0
11786,-43.25,5.75,4652856.0
11787,-43.0,5.75,4708895.0
11788,-42.75,5.75,4761172.0
11789,-42.5,5.75,4817188.0
11790,-42.25,5.75,4869464.0
11791,-42.0,5.75,4925474.0
11792,-41.75,5.75,4981455.0
11793,-41.5,5.75,5033704.0
11794,-41.25,5.75,5089663.0
11795,-41.0,5.75,5141893.0
11796,-40.75,5.75,5197867.0
11797,-40.5,5.75,5250087.0
11798,-40.25,5.75,5306038.0
11799,-40.0,5.75,5361980.0
11800,-39.75,5.75,5414171.0
11801,-39.5,5.75,5470092.0
11802,-39.25,5.75,5522283.0
11803,-39.0,5.75,5578186.0
11804,-38.75,5.75,5634103.0
11805,-38.5,5.75,5686295.0
11806,-38.25,5.75,5742215.0
11807,-38.0,5.75,5794408.0
11808,-37.75,5.75,5850318.0
11809,-37.5,5.75,5902483.0
11810,-37.25,5.75,5958372.0
11811,-37.0,5.75,6010537.0
11812,-36.75,5.75,6066427.0
11813,-36.5,5.75,6118591.0
11814,-36.25,5.75,6174481.0
11815,-36.0,5.75,6230370.0
11816,-35.75,5.75,6282535.0
11817,-35.5,5.75,6338425.0
11818,-35.25,5.75,6390589.0
11819,-35.0,5.75,6446479.0
11820,-34.75,5.75,6502368.0
11821,-34.5,5.75,6554533.0
11822,-34.25,5.75,6610422.0
11823,-34.0,5.75,6662609.0
11824,-33.75,5.75,6718528.0
11825,-33.5,5.75,6774448.0
11826,-33.25,5.75,6826640.0
11827,-33.0,5.75,6882556.0
11828,-32.75,5.75,6934732.0
11829,-32.5,5.75,6990653.0
11830,-32.25,5.75,7042844.0
11831,-32.0,5.75,7098765.0
11832,-31.75,5.75,7150978.0
11833,-31.5,5.75,7206927.0
11834,-31.25,5.75,7259147.0
11835,-31.0,5.75,7315122.0
11836,-30.75,5.75,7371083.0
11837,-30.5,5.75,7427045.0
11838,-30.25,5.75,7479292.0
11839,-30.0,5.75,7531540.0
11840,-29.75,5.75,7587550.0
11841,-29.5,5.75,7639826.0
11842,-29.25,5.75,7695844.0
11843,-29.0,5.75,7751856.0
11844,-28.75,5.75,7804161.0
11845,-28.5,5.75,7860209.0
11846,-28.25,5.75,7912540.0
11847,-28.0,5.75,7968601.0
11848,-27.75,5.75,8020932.0
11849,-27.5,5.75,8077032.0
11850,-27.25,5.75,8133147.0
11851,-27.0,5.75,8185513.0
11852,-26.75,5.75,8241644.0
11853,-26.5,5.75,8294049.0
11854,-26.25,5.75,8350216.0
11855,-26.0,5.75,8406378.0
11856,-25.75,5.75,8458821.0
11857,-25.5,5.75,8511286.0
11858,-25.25,5.75,8567502.0
11859,-25.0,5.75,8623733.0
11860,-24.75,5.75,8676238.0
11861,-24.5,5.75,8732506.0
11862,-24.25,5.75,8785034.0
11863,-24.0,5.75,8841342.0
11864,-23.75,5.75,8893908.0
11865,-23.5,5.75,8950244.0
11866,-23.25,5.75,9006611.0
11867,-23.0,5.75,9059223.0
11868,-22.75,5.75,9111860.0
11869,-22.5,5.75,9168279.0
11870,-22.25,5.75,9224710.0
11871,-22.0,5.75,9277409.0
11872,-21.75,5.75,9333884.0
11873,-21.5,5.75,9386619.0
11874,-21.25,5.75,9443141.0
11875,-21.0,5.75,9495909.0
11876,-20.75,5.75,9552481.0
11877,-20.5,5.75,9605292.0
11878,-20.25,5.75,9661910.0
11879,-20.0,5.75,9718541.0
11880,-19.75,5.75,9771427.0
11881,-19.5,5.75,9824334.0
11882,-19.25,5.75,9881045.0
11883,-19.0,5.75,9933974.0
11884,-18.75,5.75,9990673.0
11885,-18.5,5.75,10047354.0
11886,-18.25,5.75,10100244.0
11887,-18.0,5.75,10156893.0
11888,-17.75,5.75,10209756.0
11889,-17.5,5.75,10266372.0
11890,-17.25,5.75,10319206.0
11891,-17.0,5.75,10375787.0
11892,-16.75,5.75,10428589.0
11893,-16.5,5.75,10481368.0
11894,-16.25,5.75,10537905.0
11895,-61.75,5.5,612980.0
11896,-61.5,5.5,669038.0
11897,-61.25,5.5,721379.0
11898,-61.0,5.5,777482.0
11899,-60.75,5.5,829870.0
11900,-60.5,5.5,886017.0
11901,-60.25,5.5,938439.0
11902,-60.0,5.5,994631.0
11903,-59.75,5.5,1047099.0
11904,-59.5,5.5,1099581.0
11905,-59.25,5.5,1155833.0
11906,-59.0,5.5,1208358.0
11907,-58.75,5.5,1264650.0
11908,-58.5,5.5,1317208.0
11909,-58.25,5.5,1373545.0
11910,-58.0,5.5,1426141.0
11911,-57.75,5.5,1482513.0
11912,-57.5,5.5,1535150.0
11913,-57.25,5.5,1591558.0
11914,-57.0,5.5,1644228.0
11915,-56.75,5.5,1700677.0
11916,-56.5,5.5,1753375.0
11917,-56.25,5.5,1809865.0
11918,-56.0,5.5,1862598.0
11919,-55.75,5.5,1919120.0
11920,-55.5,5.5,1975656.0
11921,-55.25,5.5,2028437.0
11922,-55.0,5.5,2081240.0
11923,-54.75,5.5,2137822.0
11924,-54.5,5.5,2190660.0
11925,-54.25,5.5,2247277.0
11926,-54.0,5.5,2300142.0
11927,-53.75,5.5,2356792.0
11928,-53.5,5.5,2409686.0
11929,-53.25,5.5,2466367.0
11930,-53.0,5.5,2523068.0
11931,-52.75,5.5,2575997.0
11932,-52.5,5.5,2632711.0
11933,-52.25,5.5,2685616.0
11934,-52.0,5.5,2738503.0
11935,-51.75,5.5,2795132.0
11936,-51.5,5.5,2851752.0
11937,-51.25,5.5,2904565.0
11938,-51.0,5.5,2961135.0
11939,-50.75,5.5,3013906.0
11940,-50.5,5.5,3070428.0
11941,-50.25,5.5,3123160.0
11942,-50.0,5.5,3179635.0
11943,-49.75,5.5,3232335.0
11944,-49.5,5.5,3288768.0
11945,-49.25,5.5,3345185.0
11946,-49.0,5.5,3397823.0
11947,-48.75,5.5,3454192.0
11948,-48.5,5.5,3506801.0
11949,-48.25,5.5,3563138.0
11950,-48.0,5.5,3615702.0
11951,-47.75,5.5,3672014.0
11952,-47.5,5.5,3728295.0
11953,-47.25,5.5,3780807.0
11954,-47.0,5.5,3833314.0
11955,-46.75,5.5,3889546.0
11956,-46.5,5.5,3945759.0
11957,-46.25,5.5,3998226.0
11958,-46.0,5.5,4054415.0
11959,-45.75,5.5,4106833.0
11960,-45.5,5.5,4162998.0
11961,-45.25,5.5,4219147.0
11962,-45.0,5.5,4271536.0
11963,-44.75,5.5,4323899.0
11964,-44.5,5.5,4380016.0
11965,-44.25,5.5,4436116.0
11966,-44.0,5.5,4492187.0
11967,-43.75,5.5,4544507.0
11968,-43.5,5.5,4596839.0
11969,-43.25,5.5,4652889.0
11970,-43.0,5.5,4705193.0
11971,-42.75,5.5,4761205.0
11972,-42.5,5.5,4817221.0
11973,-42.25,5.5,4869499.0
11974,-42.0,5.5,4925508.0
11975,-41.75,5.5,4977757.0
11976,-41.5,5.5,5033737.0
11977,-41.25,5.5,5085967.0
11978,-41.0,5.5,5141926.0
11979,-40.75,5.5,5197901.0
11980,-40.5,5.5,5250120.0
11981,-40.25,5.5,5306072.0
11982,-40.0,5.5,5362013.0
11983,-39.75,5.5,5414206.0
11984,-39.5,5.5,5470125.0
11985,-39.25,5.5,5522318.0
11986,-39.0,5.5,5578219.0
11987,-38.75,5.5,5630408.0
11988,-38.5,5.5,5686329.0
11989,-38.25,5.5,5738521.0
11990,-38.0,5.5,5794441.0
11991,-37.75,5.5,5850353.0
11992,-37.5,5.5,5902516.0
11993,-37.25,5.5,5958407.0
11994,-37.0,5.5,6010570.0
11995,-36.75,5.5,6066461.0
11996,-36.5,5.5,6122351.0
11997,-36.25,5.5,6174514.0
11998,-36.0,5.5,6230405.0
11999,-35.75,5.5,6282568.0
12000,-35.5,5.5,6338459.0
12001,-35.25,5.5,6394349.0
12002,-35.0,5.5,6446512.0
12003,-34.75,5.5,6502403.0
12004,-34.5,5.5,6554566.0
12005,-34.25,5.5,6610457.0
12006,-34.0,5.5,6662642.0
12007,-33.75,5.5,6718562.0
12008,-33.5,5.5,6770754.0
12009,-33.25,5.5,6826673.0
12010,-33.0,5.5,6882589.0
12011,-32.75,5.5,6934767.0
12012,-32.5,5.5,6990686.0
12013,-32.25,5.5,7042879.0
12014,-32.0,5.5,7098798.0
12015,-31.75,5.5,7154742.0
12016,-31.5,5.5,7206960.0
12017,-31.25,5.5,7262911.0
12018,-31.0,5.5,7315155.0
12019,-30.75,5.5,7371117.0
12020,-30.5,5.5,7423346.0
12021,-30.25,5.5,7479326.0
12022,-30.0,5.5,7535308.0
12023,-29.75,5.5,7587585.0
12024,-29.5,5.5,7643595.0
12025,-29.25,5.5,7695877.0
12026,-29.0,5.5,7751890.0
12027,-28.75,5.5,7804194.0
12028,-28.5,5.5,7860243.0
12029,-28.25,5.5,7916312.0
12030,-28.0,5.5,7968635.0
12031,-27.75,5.5,8024706.0
12032,-27.5,5.5,8077065.0
12033,-27.25,5.5,8133181.0
12034,-27.0,5.5,8185548.0
12035,-26.75,5.5,8241677.0
12036,-26.5,5.5,8297827.0
12037,-26.25,5.5,8350250.0
12038,-26.0,5.5,8406411.0
12039,-25.75,5.5,8458856.0
12040,-25.5,5.5,8515068.0
12041,-25.25,5.5,8567535.0
12042,-25.0,5.5,8623766.0
12043,-24.75,5.5,8680024.0
12044,-24.5,5.5,8732540.0
12045,-24.25,5.5,8788822.0
12046,-24.0,5.5,8841376.0
12047,-23.75,5.5,8897696.0
12048,-23.5,5.5,8954034.0
12049,-23.25,5.5,9006646.0
12050,-23.0,5.5,9059257.0
12051,-22.75,5.5,9115654.0
12052,-22.5,5.5,9172075.0
12053,-22.25,5.5,9224744.0
12054,-22.0,5.5,9281209.0
12055,-21.75,5.5,9333918.0
12056,-21.5,5.5,9390421.0
12057,-21.25,5.5,9443175.0
12058,-21.0,5.5,9499713.0
12059,-20.75,5.5,9552515.0
12060,-20.5,5.5,9609100.0
12061,-20.25,5.5,9665721.0
12062,-20.0,5.5,9718576.0
12063,-19.75,5.5,9775241.0
12064,-19.5,5.5,9828148.0
12065,-19.25,5.5,9881079.0
12066,-19.0,5.5,9937789.0
12067,-18.75,5.5,9994488.0
12068,-18.5,5.5,10047388.0
12069,-18.25,5.5,10104056.0
12070,-18.0,5.5,10156927.0
12071,-17.75,5.5,10213566.0
12072,-17.5,5.5,10266406.0
12073,-17.25,5.5,10323014.0
12074,-17.0,5.5,10375821.0
12075,-16.75,5.5,10432393.0
12076,-16.5,5.5,10485172.0
12077,-16.25,5.5,10541709.0
12078,-61.75,5.25,613014.0
12079,-61.5,5.25,665335.0
12080,-61.25,5.25,721414.0
12081,-61.0,5.25,773777.0
12082,-60.75,5.25,826163.0
12083,-60.5,5.25,882308.0
12084,-60.25,5.25,934728.0
12085,-60.0,5.25,990920.0
12086,-59.75,5.25,1043385.0
12087,-59.5,5.25,1099615.0
12088,-59.25,5.25,1152117.0
12089,-59.0,5.25,1208392.0
12090,-58.75,5.25,1260930.0
12091,-58.5,5.25,1317242.0
12092,-58.25,5.25,1369823.0
12093,-58.0,5.25,1426175.0
12094,-57.75,5.25,1478789.0
12095,-57.5,5.25,1535184.0
12096,-57.25,5.25,1587830.0
12097,-57.0,5.25,1644262.0
12098,-56.75,5.25,1696947.0
12099,-56.5,5.25,1753409.0
12100,-56.25,5.25,1806133.0
12101,-56.0,5.25,1862632.0
12102,-55.75,5.25,1915386.0
12103,-55.5,5.25,1968151.0
12104,-55.25,5.25,2024703.0
12105,-55.0,5.25,2081274.0
12106,-54.75,5.25,2134084.0
12107,-54.5,5.25,2190694.0
12108,-54.25,5.25,2243535.0
12109,-54.0,5.25,2300177.0
12110,-53.75,5.25,2353048.0
12111,-53.5,5.25,2409720.0
12112,-53.25,5.25,2462621.0
12113,-53.0,5.25,2519322.0
12114,-52.75,5.25,2576031.0
12115,-52.5,5.25,2628965.0
12116,-52.25,5.25,2681870.0
12117,-52.0,5.25,2738537.0
12118,-51.75,5.25,2791390.0
12119,-51.5,5.25,2848012.0
12120,-51.25,5.25,2904599.0
12121,-51.0,5.25,2957399.0
12122,-50.75,5.25,3013940.0
12123,-50.5,5.25,3070461.0
12124,-50.25,5.25,3123195.0
12125,-50.0,5.25,3175903.0
12126,-49.75,5.25,3232370.0
12127,-49.5,5.25,3285041.0
12128,-49.25,5.25,3341459.0
12129,-49.0,5.25,3397857.0
12130,-48.75,5.25,3450468.0
12131,-48.5,5.25,3506834.0
12132,-48.25,5.25,3559418.0
12133,-48.0,5.25,3615736.0
12134,-47.75,5.25,3668294.0
12135,-47.5,5.25,3724576.0
12136,-47.25,5.25,3780842.0
12137,-47.0,5.25,3833348.0
12138,-46.75,5.25,3889580.0
12139,-46.5,5.25,3942045.0
12140,-46.25,5.25,3998260.0
12141,-46.0,5.25,4054450.0
12142,-45.75,5.25,4106867.0
12143,-45.5,5.25,4159288.0
12144,-45.25,5.25,4215439.0
12145,-45.0,5.25,4271570.0
12146,-44.75,5.25,4323932.0
12147,-44.5,5.25,4380050.0
12148,-44.25,5.25,4432411.0
12149,-44.0,5.25,4488482.0
12150,-43.75,5.25,4544542.0
12151,-43.5,5.25,4596872.0
12152,-43.25,5.25,4652922.0
12153,-43.0,5.25,4705228.0
12154,-42.75,5.25,4761239.0
12155,-42.5,5.25,4813520.0
12156,-42.25,5.25,4869532.0
12157,-42.0,5.25,4925543.0
12158,-41.75,5.25,4977790.0
12159,-41.5,5.25,5033771.0
12160,-41.25,5.25,5089731.0
12161,-41.0,5.25,5141960.0
12162,-40.75,5.25,5197934.0
12163,-40.5,5.25,5250155.0
12164,-40.25,5.25,5306104.0
12165,-40.0,5.25,5358319.0
12166,-39.75,5.25,5414239.0
12167,-39.5,5.25,5470160.0
12168,-39.25,5.25,5522351.0
12169,-39.0,5.25,5578254.0
12170,-38.75,5.25,5630441.0
12171,-38.5,5.25,5686363.0
12172,-38.25,5.25,5742283.0
12173,-38.0,5.25,5794475.0
12174,-37.75,5.25,5850386.0
12175,-37.5,5.25,5902551.0
12176,-37.25,5.25,5958440.0
12177,-37.0,5.25,6010605.0
12178,-36.75,5.25,6066494.0
12179,-36.5,5.25,6122384.0
12180,-36.25,5.25,6174549.0
12181,-36.0,5.25,6230438.0
12182,-35.75,5.25,6282603.0
12183,-35.5,5.25,6338492.0
12184,-35.25,5.25,6394382.0
12185,-35.0,5.25,6446547.0
12186,-34.75,5.25,6502436.0
12187,-34.5,5.25,6554601.0
12188,-34.25,5.25,6610490.0
12189,-34.0,5.25,6666404.0
12190,-33.75,5.25,6718596.0
12191,-33.5,5.25,6774516.0
12192,-33.25,5.25,6826706.0
12193,-33.0,5.25,6882624.0
12194,-32.75,5.25,6934800.0
12195,-32.5,5.25,6990721.0
12196,-32.25,5.25,7042912.0
12197,-32.0,5.25,7098832.0
12198,-31.75,5.25,7154774.0
12199,-31.5,5.25,7206995.0
12200,-31.25,5.25,7262944.0
12201,-31.0,5.25,7318921.0
12202,-30.75,5.25,7371151.0
12203,-30.5,5.25,7427112.0
12204,-30.25,5.25,7479359.0
12205,-30.0,5.25,7535343.0
12206,-29.75,5.25,7587618.0
12207,-29.5,5.25,7643629.0
12208,-29.25,5.25,7699645.0
12209,-29.0,5.25,7751925.0
12210,-28.75,5.25,7807963.0
12211,-28.5,5.25,7860276.0
12212,-28.25,5.25,7916347.0
12213,-28.0,5.25,7968668.0
12214,-27.75,5.25,8024740.0
12215,-27.5,5.25,8080839.0
12216,-27.25,5.25,8133214.0
12217,-27.0,5.25,8189324.0
12218,-26.75,5.25,8241711.0
12219,-26.5,5.25,8297861.0
12220,-26.25,5.25,8354028.0
12221,-26.0,5.25,8406446.0
12222,-25.75,5.25,8462636.0
12223,-25.5,5.25,8515102.0
12224,-25.25,5.25,8571317.0
12225,-25.0,5.25,8627550.0
12226,-24.75,5.25,8680059.0
12227,-24.5,5.25,8732573.0
12228,-24.25,5.25,8788856.0
12229,-24.0,5.25,8845166.0
12230,-23.75,5.25,8897730.0
12231,-23.5,5.25,8954067.0
12232,-23.25,5.25,9006680.0
12233,-23.0,5.25,9063049.0
12234,-22.75,5.25,9115688.0
12235,-22.5,5.25,9172109.0
12236,-22.25,5.25,9228543.0
12237,-22.0,5.25,9281243.0
12238,-21.75,5.25,9333953.0
12239,-21.5,5.25,9390454.0
12240,-21.25,5.25,9446977.0
12241,-21.0,5.25,9499747.0
12242,-20.75,5.25,9556321.0
12243,-20.5,5.25,9609134.0
12244,-20.25,5.25,9665755.0
12245,-20.0,5.25,9722386.0
12246,-19.75,5.25,9775275.0
12247,-19.5,5.25,9828182.0
12248,-19.25,5.25,9884895.0
12249,-19.0,5.25,9937823.0
12250,-18.75,5.25,9994522.0
12251,-18.5,5.25,10051200.0
12252,-18.25,5.25,10104090.0
12253,-18.0,5.25,10160738.0
12254,-17.75,5.25,10213600.0
12255,-17.5,5.25,10270214.0
12256,-17.25,5.25,10323048.0
12257,-17.0,5.25,10379627.0
12258,-16.75,5.25,10436199.0
12259,-16.5,5.25,10488977.0
12260,-16.25,5.25,10541743.0
12261,-61.75,5.0,609314.0
12262,-61.5,5.0,661632.0
12263,-61.25,5.0,717709.0
12264,-61.0,5.0,770071.0
12265,-60.75,5.0,826197.0
12266,-60.5,5.0,878598.0
12267,-60.25,5.0,934763.0
12268,-60.0,5.0,987209.0
12269,-59.75,5.0,1043420.0
12270,-59.5,5.0,1095900.0
12271,-59.25,5.0,1152152.0
12272,-59.0,5.0,1204675.0
12273,-58.75,5.0,1260965.0
12274,-58.5,5.0,1313523.0
12275,-58.25,5.0,1369858.0
12276,-58.0,5.0,1422452.0
12277,-57.75,5.0,1478824.0
12278,-57.5,5.0,1531459.0
12279,-57.25,5.0,1587865.0
12280,-57.0,5.0,1640534.0
12281,-56.75,5.0,1696981.0
12282,-56.5,5.0,1749679.0
12283,-56.25,5.0,1806167.0
12284,-56.0,5.0,1858898.0
12285,-55.75,5.0,1915420.0
12286,-55.5,5.0,1968186.0
12287,-55.25,5.0,2020967.0
12288,-55.0,5.0,2077538.0
12289,-54.75,5.0,2130347.0
12290,-54.5,5.0,2186954.0
12291,-54.25,5.0,2243569.0
12292,-54.0,5.0,2296435.0
12293,-53.75,5.0,2353083.0
12294,-53.5,5.0,2405976.0
12295,-53.25,5.0,2462655.0
12296,-53.0,5.0,2515577.0
12297,-52.75,5.0,2572284.0
12298,-52.5,5.0,2628999.0
12299,-52.25,5.0,2681905.0
12300,-52.0,5.0,2734795.0
12301,-51.75,5.0,2791424.0
12302,-51.5,5.0,2848046.0
12303,-51.25,5.0,2900862.0
12304,-51.0,5.0,2957433.0
12305,-50.75,5.0,3010206.0
12306,-50.5,5.0,3066727.0
12307,-50.25,5.0,3123229.0
12308,-50.0,5.0,3175937.0
12309,-49.75,5.0,3228640.0
12310,-49.5,5.0,3285074.0
12311,-49.25,5.0,3341493.0
12312,-49.0,5.0,3394133.0
12313,-48.75,5.0,3450502.0
12314,-48.5,5.0,3506869.0
12315,-48.25,5.0,3559452.0
12316,-48.0,5.0,3612015.0
12317,-47.75,5.0,3668327.0
12318,-47.5,5.0,3724610.0
12319,-47.25,5.0,3777124.0
12320,-47.0,5.0,3833382.0
12321,-46.75,5.0,3885866.0
12322,-46.5,5.0,3942079.0
12323,-46.25,5.0,3998293.0
12324,-46.0,5.0,4050738.0
12325,-45.75,5.0,4106902.0
12326,-45.5,5.0,4159321.0
12327,-45.25,5.0,4215473.0
12328,-45.0,5.0,4267862.0
12329,-44.75,5.0,4323967.0
12330,-44.5,5.0,4376344.0
12331,-44.25,5.0,4432444.0
12332,-44.0,5.0,4488516.0
12333,-43.75,5.0,4544575.0
12334,-43.5,5.0,4596907.0
12335,-43.25,5.0,4649220.0
12336,-43.0,5.0,4705261.0
12337,-42.75,5.0,4761274.0
12338,-42.5,5.0,4813553.0
12339,-42.25,5.0,4869566.0
12340,-42.0,5.0,4925576.0
12341,-41.75,5.0,4977825.0
12342,-41.5,5.0,5033804.0
12343,-41.25,5.0,5086035.0
12344,-41.0,5.0,5141995.0
12345,-40.75,5.0,5194238.0
12346,-40.5,5.0,5250189.0
12347,-40.25,5.0,5306139.0
12348,-40.0,5.0,5358354.0
12349,-39.75,5.0,5414273.0
12350,-39.5,5.0,5466466.0
12351,-39.25,5.0,5522386.0
12352,-39.0,5.0,5578287.0
12353,-38.75,5.0,5630476.0
12354,-38.5,5.0,5686395.0
12355,-38.25,5.0,5738589.0
12356,-38.0,5.0,5794509.0
12357,-37.75,5.0,5846694.0
12358,-37.5,5.0,5902584.0
12359,-37.25,5.0,5958475.0
12360,-37.0,5.0,6010638.0
12361,-36.75,5.0,6066528.0
12362,-36.5,5.0,6122419.0
12363,-36.25,5.0,6174582.0
12364,-36.0,5.0,6230473.0
12365,-35.75,5.0,6282636.0
12366,-35.5,5.0,6338527.0
12367,-35.25,5.0,6390690.0
12368,-35.0,5.0,6446580.0
12369,-34.75,5.0,6502471.0
12370,-34.5,5.0,6554634.0
12371,-34.25,5.0,6610524.0
12372,-34.0,5.0,6662710.0
12373,-33.75,5.0,6718630.0
12374,-33.5,5.0,6774548.0
12375,-33.25,5.0,6826741.0
12376,-33.0,5.0,6882657.0
12377,-32.75,5.0,6934835.0
12378,-32.5,5.0,6990755.0
12379,-32.25,5.0,7046674.0
12380,-32.0,5.0,7098867.0
12381,-31.75,5.0,7154809.0
12382,-31.5,5.0,7210759.0
12383,-31.25,5.0,7262978.0
12384,-31.0,5.0,7318956.0
12385,-30.75,5.0,7371185.0
12386,-30.5,5.0,7427145.0
12387,-30.25,5.0,7479394.0
12388,-30.0,5.0,7535376.0
12389,-29.75,5.0,7591386.0
12390,-29.5,5.0,7643662.0
12391,-29.25,5.0,7699680.0
12392,-29.0,5.0,7751958.0
12393,-28.75,5.0,7807997.0
12394,-28.5,5.0,7860311.0
12395,-28.25,5.0,7916380.0
12396,-28.0,5.0,7972440.0
12397,-27.75,5.0,8024773.0
12398,-27.5,5.0,8080873.0
12399,-27.25,5.0,8133249.0
12400,-27.0,5.0,8189358.0
12401,-26.75,5.0,8245487.0
12402,-26.5,5.0,8297894.0
12403,-26.25,5.0,8354063.0
12404,-26.0,5.0,8406480.0
12405,-25.75,5.0,8462669.0
12406,-25.5,5.0,8518884.0
12407,-25.25,5.0,8571351.0
12408,-25.0,5.0,8623834.0
12409,-24.75,5.0,8680093.0
12410,-24.5,5.0,8736359.0
12411,-24.25,5.0,8788889.0
12412,-24.0,5.0,8845200.0
12413,-23.75,5.0,8901519.0
12414,-23.5,5.0,8954102.0
12415,-23.25,5.0,9010472.0
12416,-23.0,5.0,9063083.0
12417,-22.75,5.0,9119483.0
12418,-22.5,5.0,9172142.0
12419,-22.25,5.0,9228577.0
12420,-22.0,5.0,9285043.0
12421,-21.75,5.0,9337753.0
12422,-21.5,5.0,9390488.0
12423,-21.25,5.0,9447011.0
12424,-21.0,5.0,9503551.0
12425,-20.75,5.0,9556355.0
12426,-20.5,5.0,9612942.0
12427,-20.25,5.0,9669565.0
12428,-20.0,5.0,9722420.0
12429,-19.75,5.0,9775310.0
12430,-19.5,5.0,9831996.0
12431,-19.25,5.0,9884930.0
12432,-19.0,5.0,9941638.0
12433,-18.75,5.0,9998336.0
12434,-18.5,5.0,10051234.0
12435,-18.25,5.0,10107903.0
12436,-18.0,5.0,10160772.0
12437,-17.75,5.0,10217410.0
12438,-17.5,5.0,10270248.0
12439,-17.25,5.0,10326856.0
12440,-17.0,5.0,10383435.0
12441,-16.75,5.0,10436233.0
12442,-16.5,5.0,10489012.0
12443,-16.25,5.0,10545545.0
12444,-61.75,4.75,605613.0
12445,-61.5,4.75,661666.0
12446,-61.25,4.75,714004.0
12447,-61.0,4.75,770106.0
12448,-60.75,4.75,822490.0
12449,-60.5,4.75,874890.0
12450,-60.25,4.75,931052.0
12451,-60.0,4.75,983498.0
12452,-59.75,4.75,1039707.0
12453,-59.5,4.75,1092185.0
12454,-59.25,4.75,1148437.0
12455,-59.0,4.75,1200958.0
12456,-58.75,4.75,1257246.0
12457,-58.5,4.75,1309804.0
12458,-58.25,4.75,1366137.0
12459,-58.0,4.75,1418729.0
12460,-57.75,4.75,1475101.0
12461,-57.5,4.75,1527734.0
12462,-57.25,4.75,1584138.0
12463,-57.0,4.75,1640569.0
12464,-56.75,4.75,1693252.0
12465,-56.5,4.75,1749714.0
12466,-56.25,4.75,1802435.0
12467,-56.0,4.75,1858932.0
12468,-55.75,4.75,1911686.0
12469,-55.5,4.75,1968220.0
12470,-55.25,4.75,2021001.0
12471,-55.0,4.75,2073800.0
12472,-54.75,4.75,2130382.0
12473,-54.5,4.75,2183215.0
12474,-54.25,4.75,2239827.0
12475,-54.0,4.75,2296469.0
12476,-53.75,4.75,2349339.0
12477,-53.5,4.75,2406010.0
12478,-53.25,4.75,2458909.0
12479,-53.0,4.75,2515611.0
12480,-52.75,4.75,2572318.0
12481,-52.5,4.75,2625253.0
12482,-52.25,4.75,2681939.0
12483,-52.0,4.75,2734830.0
12484,-51.75,4.75,2787684.0
12485,-51.5,4.75,2844306.0
12486,-51.25,4.75,2900896.0
12487,-51.0,4.75,2953697.0
12488,-50.75,4.75,3010240.0
12489,-50.5,4.75,3066761.0
12490,-50.25,4.75,3119497.0
12491,-50.0,4.75,3175972.0
12492,-49.75,4.75,3228674.0
12493,-49.5,4.75,3285108.0
12494,-49.25,4.75,3337767.0
12495,-49.0,4.75,3394167.0
12496,-48.75,4.75,3450535.0
12497,-48.5,4.75,3503147.0
12498,-48.25,4.75,3559487.0
12499,-48.0,4.75,3612049.0
12500,-47.75,4.75,3668361.0
12501,-47.5,4.75,3720892.0
12502,-47.25,4.75,3777158.0
12503,-47.0,4.75,3833416.0
12504,-46.75,4.75,3885901.0
12505,-46.5,4.75,3938365.0
12506,-46.25,4.75,3994581.0
12507,-46.0,4.75,4050772.0
12508,-45.75,4.75,4106935.0
12509,-45.5,4.75,4159356.0
12510,-45.25,4.75,4211765.0
12511,-45.0,4.75,4267895.0
12512,-44.75,4.75,4324001.0
12513,-44.5,4.75,4380118.0
12514,-44.25,4.75,4432478.0
12515,-44.0,4.75,4484812.0
12516,-43.75,4.75,4540873.0
12517,-43.5,4.75,4596941.0
12518,-43.25,4.75,4652990.0
12519,-43.0,4.75,4705295.0
12520,-42.75,4.75,4761307.0
12521,-42.5,4.75,4813588.0
12522,-42.25,4.75,4865865.0
12523,-42.0,4.75,4921876.0
12524,-41.75,4.75,4977859.0
12525,-41.5,4.75,5033839.0
12526,-41.25,4.75,5086068.0
12527,-41.0,4.75,5142028.0
12528,-40.75,4.75,5194273.0
12529,-40.5,4.75,5250222.0
12530,-40.25,4.75,5302443.0
12531,-40.0,4.75,5358386.0
12532,-39.75,4.75,5414308.0
12533,-39.5,4.75,5466499.0
12534,-39.25,4.75,5522420.0
12535,-39.0,4.75,5578322.0
12536,-38.75,4.75,5630509.0
12537,-38.5,4.75,5686430.0
12538,-38.25,4.75,5742350.0
12539,-38.0,4.75,5794542.0
12540,-37.75,4.75,5850454.0
12541,-37.5,4.75,5902618.0
12542,-37.25,4.75,5958508.0
12543,-37.0,4.75,6010673.0
12544,-36.75,4.75,6066562.0
12545,-36.5,4.75,6122452.0
12546,-36.25,4.75,6174617.0
12547,-36.0,4.75,6230506.0
12548,-35.75,4.75,6282671.0
12549,-35.5,4.75,6338560.0
12550,-35.25,4.75,6394450.0
12551,-35.0,4.75,6446615.0
12552,-34.75,4.75,6502504.0
12553,-34.5,4.75,6558394.0
12554,-34.25,4.75,6610558.0
12555,-34.0,4.75,6666471.0
12556,-33.75,4.75,6718663.0
12557,-33.5,4.75,6774583.0
12558,-33.25,4.75,6826774.0
12559,-33.0,4.75,6882692.0
12560,-32.75,4.75,6938597.0
12561,-32.5,4.75,6990788.0
12562,-32.25,4.75,7046709.0
12563,-32.0,4.75,7098899.0
12564,-31.75,4.75,7154843.0
12565,-31.5,4.75,7210792.0
12566,-31.25,4.75,7263013.0
12567,-31.0,4.75,7318989.0
12568,-30.75,4.75,7374948.0
12569,-30.5,4.75,7427180.0
12570,-30.25,4.75,7483160.0
12571,-30.0,4.75,7535410.0
12572,-29.75,4.75,7591419.0
12573,-29.5,4.75,7643697.0
12574,-29.25,4.75,7699713.0
12575,-29.0,4.75,7755728.0
12576,-28.75,4.75,7808031.0
12577,-28.5,4.75,7864083.0
12578,-28.25,4.75,7916414.0
12579,-28.0,4.75,7972474.0
12580,-27.75,4.75,8028547.0
12581,-27.5,4.75,8080907.0
12582,-27.25,4.75,8137025.0
12583,-27.0,4.75,8189391.0
12584,-26.75,4.75,8245521.0
12585,-26.5,4.75,8297929.0
12586,-26.25,4.75,8354096.0
12587,-26.0,4.75,8410260.0
12588,-25.75,4.75,8462703.0
12589,-25.5,4.75,8518918.0
12590,-25.25,4.75,8571386.0
12591,-25.0,4.75,8627618.0
12592,-24.75,4.75,8683879.0
12593,-24.5,4.75,8736393.0
12594,-24.25,4.75,8792677.0
12595,-24.0,4.75,8848990.0
12596,-23.75,4.75,8901554.0
12597,-23.5,4.75,8954136.0
12598,-23.25,4.75,9010505.0
12599,-23.0,4.75,9066877.0
12600,-22.75,4.75,9119517.0
12601,-22.5,4.75,9175938.0
12602,-22.25,4.75,9232375.0
12603,-22.0,4.75,9285078.0
12604,-21.75,4.75,9337787.0
12605,-21.5,4.75,9394290.0
12606,-21.25,4.75,9450813.0
12607,-21.0,4.75,9503585.0
12608,-20.75,4.75,9560161.0
12609,-20.5,4.75,9612976.0
12610,-20.25,4.75,9669599.0
12611,-20.0,4.75,9722455.0
12612,-19.75,4.75,9779124.0
12613,-19.5,4.75,9832030.0
12614,-19.25,4.75,9888746.0
12615,-19.0,4.75,9945452.0
12616,-18.75,4.75,9998370.0
12617,-18.5,4.75,10055046.0
12618,-18.25,4.75,10107937.0
12619,-18.0,4.75,10164582.0
12620,-17.75,4.75,10217444.0
12621,-17.5,4.75,10274057.0
12622,-17.25,4.75,10330663.0
12623,-17.0,4.75,10383469.0
12624,-16.75,4.75,10440037.0
12625,-16.5,4.75,10492816.0
12626,-16.25,4.75,10545579.0
12627,-61.75,4.5,601926.0
12628,-61.5,4.5,657964.0
12629,-61.25,4.5,710299.0
12630,-61.0,4.5,766401.0
12631,-60.75,4.5,818783.0
12632,-60.5,4.5,874924.0
12633,-60.25,4.5,927342.0
12634,-60.0,4.5,983532.0
12635,-59.75,4.5,1035993.0
12636,-59.5,4.5,1092219.0
12637,-59.25,4.5,1144721.0
12638,-59.0,4.5,1200992.0
12639,-58.75,4.5,1253526.0
12640,-58.5,4.5,1309838.0
12641,-58.25,4.5,1362415.0
12642,-58.0,4.5,1418763.0
12643,-57.75,4.5,1471377.0
12644,-57.5,4.5,1527768.0
12645,-57.25,4.5,1580410.0
12646,-57.0,4.5,1636842.0
12647,-56.75,4.5,1689523.0
12648,-56.5,4.5,1745985.0
12649,-56.25,4.5,1802470.0
12650,-56.0,4.5,1855198.0
12651,-55.75,4.5,1911720.0
12652,-55.5,4.5,1964484.0
12653,-55.25,4.5,2021036.0
12654,-55.0,4.5,2073834.0
12655,-54.75,4.5,2126644.0
12656,-54.5,4.5,2183249.0
12657,-54.25,4.5,2239861.0
12658,-54.0,4.5,2292727.0
12659,-53.75,4.5,2349373.0
12660,-53.5,4.5,2402267.0
12661,-53.25,4.5,2458943.0
12662,-53.0,4.5,2511865.0
12663,-52.75,4.5,2568570.0
12664,-52.5,4.5,2625287.0
12665,-52.25,4.5,2678193.0
12666,-52.0,4.5,2734864.0
12667,-51.75,4.5,2787720.0
12668,-51.5,4.5,2844340.0
12669,-51.25,4.5,2897158.0
12670,-51.0,4.5,2953732.0
12671,-50.75,4.5,3006506.0
12672,-50.5,4.5,3063027.0
12673,-50.25,4.5,3119531.0
12674,-50.0,4.5,3172240.0
12675,-49.75,4.5,3228709.0
12676,-49.5,4.5,3281380.0
12677,-49.25,4.5,3337801.0
12678,-49.0,4.5,3390442.0
12679,-48.75,4.5,3446812.0
12680,-48.5,4.5,3503181.0
12681,-48.25,4.5,3555767.0
12682,-48.0,4.5,3612083.0
12683,-47.75,4.5,3664641.0
12684,-47.5,4.5,3720926.0
12685,-47.25,4.5,3777191.0
12686,-47.0,4.5,3829700.0
12687,-46.75,4.5,3885935.0
12688,-46.5,4.5,3942147.0
12689,-46.25,4.5,3994615.0
12690,-46.0,4.5,4047060.0
12691,-45.75,4.5,4103225.0
12692,-45.5,4.5,4159390.0
12693,-45.25,4.5,4215540.0
12694,-45.0,4.5,4267929.0
12695,-44.75,4.5,4320293.0
12696,-44.5,4.5,4376412.0
12697,-44.25,4.5,4432513.0
12698,-44.0,4.5,4484845.0
12699,-43.75,4.5,4540907.0
12700,-43.5,4.5,4596974.0
12701,-43.25,4.5,4649288.0
12702,-43.0,4.5,4705330.0
12703,-42.75,4.5,4757607.0
12704,-42.5,4.5,4813622.0
12705,-42.25,4.5,4869633.0
12706,-42.0,4.5,4921910.0
12707,-41.75,4.5,4977892.0
12708,-41.5,4.5,5030141.0
12709,-41.25,4.5,5086102.0
12710,-41.0,4.5,5138330.0
12711,-40.75,4.5,5194306.0
12712,-40.5,4.5,5250257.0
12713,-40.25,4.5,5302476.0
12714,-40.0,4.5,5358420.0
12715,-39.75,4.5,5414341.0
12716,-39.5,4.5,5466534.0
12717,-39.25,4.5,5522453.0
12718,-39.0,4.5,5574630.0
12719,-38.75,4.5,5630544.0
12720,-38.5,4.5,5686463.0
12721,-38.25,4.5,5738656.0
12722,-38.0,4.5,5794576.0
12723,-37.75,4.5,5846761.0
12724,-37.5,4.5,5902652.0
12725,-37.25,4.5,5954816.0
12726,-37.0,4.5,6010706.0
12727,-36.75,4.5,6066596.0
12728,-36.5,4.5,6118760.0
12729,-36.25,4.5,6174650.0
12730,-36.0,4.5,6230541.0
12731,-35.75,4.5,6282704.0
12732,-35.5,4.5,6338594.0
12733,-35.25,4.5,6390758.0
12734,-35.0,4.5,6446648.0
12735,-34.75,4.5,6502538.0
12736,-34.5,4.5,6554702.0
12737,-34.25,4.5,6610591.0
12738,-34.0,4.5,6662777.0
12739,-33.75,4.5,6718697.0
12740,-33.5,4.5,6774616.0
12741,-33.25,4.5,6826809.0
12742,-33.0,4.5,6882726.0
12743,-32.75,4.5,6938630.0
12744,-32.5,4.5,6990823.0
12745,-32.25,4.5,7046742.0
12746,-32.0,4.5,7102661.0
12747,-31.75,4.5,7154876.0
12748,-31.5,4.5,7210827.0
12749,-31.25,4.5,7263046.0
12750,-31.0,4.5,7319023.0
12751,-30.75,4.5,7371252.0
12752,-30.5,4.5,7427214.0
12753,-30.25,4.5,7483193.0
12754,-30.0,4.5,7539178.0
12755,-29.75,4.5,7591453.0
12756,-29.5,4.5,7647467.0
12757,-29.25,4.5,7699747.0
12758,-29.0,4.5,7755763.0
12759,-28.75,4.5,7808065.0
12760,-28.5,4.5,7864116.0
12761,-28.25,4.5,7920184.0
12762,-28.0,4.5,7972507.0
12763,-27.75,4.5,8028582.0
12764,-27.5,4.5,8080941.0
12765,-27.25,4.5,8137059.0
12766,-27.0,4.5,8193167.0
12767,-26.75,4.5,8245554.0
12768,-26.5,4.5,8301707.0
12769,-26.25,4.5,8354130.0
12770,-26.0,4.5,8410294.0
12771,-25.75,4.5,8466483.0
12772,-25.5,4.5,8518952.0
12773,-25.25,4.5,8575168.0
12774,-25.0,4.5,8627652.0
12775,-24.75,4.5,8683912.0
12776,-24.5,4.5,8740179.0
12777,-24.25,4.5,8792711.0
12778,-24.0,4.5,8845268.0
12779,-23.75,4.5,8901588.0
12780,-23.5,4.5,8957928.0
12781,-23.25,4.5,9010539.0
12782,-23.0,4.5,9066911.0
12783,-22.75,4.5,9123313.0
12784,-22.5,4.5,9175972.0
12785,-22.25,4.5,9232410.0
12786,-22.0,4.5,9285112.0
12787,-21.75,4.5,9341587.0
12788,-21.5,4.5,9394324.0
12789,-21.25,4.5,9450847.0
12790,-21.0,4.5,9507391.0
12791,-20.75,4.5,9560195.0
12792,-20.5,4.5,9616784.0
12793,-20.25,4.5,9669635.0
12794,-20.0,4.5,9726265.0
12795,-19.75,4.5,9779158.0
12796,-19.5,4.5,9835844.0
12797,-19.25,4.5,9888780.0
12798,-19.0,4.5,9945486.0
12799,-18.75,4.5,10002184.0
12800,-18.5,4.5,10055081.0
12801,-18.25,4.5,10111749.0
12802,-18.0,4.5,10164616.0
12803,-17.75,4.5,10221254.0
12804,-17.5,4.5,10277865.0
12805,-17.25,4.5,10330697.0
12806,-17.0,4.5,10387275.0
12807,-16.75,4.5,10440072.0
12808,-16.5,4.5,10492850.0
12809,-16.25,4.5,10549381.0
12810,-61.75,4.25,601960.0
12811,-61.5,4.25,654260.0
12812,-61.25,4.25,710333.0
12813,-61.0,4.25,762695.0
12814,-60.75,4.25,818817.0
12815,-60.5,4.25,871214.0
12816,-60.25,4.25,927377.0
12817,-60.0,4.25,979821.0
12818,-59.75,4.25,1036028.0
12819,-59.5,4.25,1088504.0
12820,-59.25,4.25,1144756.0
12821,-59.0,4.25,1197275.0
12822,-58.75,4.25,1253561.0
12823,-58.5,4.25,1306119.0
12824,-58.25,4.25,1362450.0
12825,-58.0,4.25,1415039.0
12826,-57.75,4.25,1471411.0
12827,-57.5,4.25,1524042.0
12828,-57.25,4.25,1580444.0
12829,-57.0,4.25,1633114.0
12830,-56.75,4.25,1689557.0
12831,-56.5,4.25,1742255.0
12832,-56.25,4.25,1798739.0
12833,-56.0,4.25,1851466.0
12834,-55.75,4.25,1907987.0
12835,-55.5,4.25,1964518.0
12836,-55.25,4.25,2017300.0
12837,-55.0,4.25,2073869.0
12838,-54.75,4.25,2126678.0
12839,-54.5,4.25,2179510.0
12840,-54.25,4.25,2236121.0
12841,-54.0,4.25,2292761.0
12842,-53.75,4.25,2345629.0
12843,-53.5,4.25,2402301.0
12844,-53.25,4.25,2455197.0
12845,-53.0,4.25,2511899.0
12846,-52.75,4.25,2568604.0
12847,-52.5,4.25,2621542.0
12848,-52.25,4.25,2678227.0
12849,-52.0,4.25,2731122.0
12850,-51.75,4.25,2787754.0
12851,-51.5,4.25,2844375.0
12852,-51.25,4.25,2897192.0
12853,-51.0,4.25,2949996.0
12854,-50.75,4.25,3006540.0
12855,-50.5,4.25,3063061.0
12856,-50.25,4.25,3115799.0
12857,-50.0,4.25,3172274.0
12858,-49.75,4.25,3228742.0
12859,-49.5,4.25,3281415.0
12860,-49.25,4.25,3334073.0
12861,-49.0,4.25,3390476.0
12862,-48.75,4.25,3446846.0
12863,-48.5,4.25,3499458.0
12864,-48.25,4.25,3555801.0
12865,-48.0,4.25,3612117.0
12866,-47.75,4.25,3664676.0
12867,-47.5,4.25,3717208.0
12868,-47.25,4.25,3773473.0
12869,-47.0,4.25,3829734.0
12870,-46.75,4.25,3885968.0
12871,-46.5,4.25,3938433.0
12872,-46.25,4.25,3994650.0
12873,-46.0,4.25,4047093.0
12874,-45.75,4.25,4103259.0
12875,-45.5,4.25,4155680.0
12876,-45.25,4.25,4211832.0
12877,-45.0,4.25,4267964.0
12878,-44.75,4.25,4320326.0
12879,-44.5,4.25,4376446.0
12880,-44.25,4.25,4432546.0
12881,-44.0,4.25,4484880.0
12882,-43.75,4.25,4540942.0
12883,-43.5,4.25,4593270.0
12884,-43.25,4.25,4649322.0
12885,-43.0,4.25,4705363.0
12886,-42.75,4.25,4757642.0
12887,-42.5,4.25,4813655.0
12888,-42.25,4.25,4865933.0
12889,-42.0,4.25,4921944.0
12890,-41.75,4.25,4977927.0
12891,-41.5,4.25,5030174.0
12892,-41.25,4.25,5086136.0
12893,-41.0,4.25,5142096.0
12894,-40.75,4.25,5194340.0
12895,-40.5,4.25,5250290.0
12896,-40.25,4.25,5302511.0
12897,-40.0,4.25,5358454.0
12898,-39.75,4.25,5410646.0
12899,-39.5,4.25,5466567.0
12900,-39.25,4.25,5522488.0
12901,-39.0,4.25,5574663.0
12902,-38.75,4.25,5630578.0
12903,-38.5,4.25,5686498.0
12904,-38.25,4.25,5738689.0
12905,-38.0,4.25,5794610.0
12906,-37.75,4.25,5850521.0
12907,-37.5,4.25,5902685.0
12908,-37.25,4.25,5958575.0
12909,-37.0,4.25,6014466.0
12910,-36.75,4.25,6066630.0
12911,-36.5,4.25,6122520.0
12912,-36.25,4.25,6174684.0
12913,-36.0,4.25,6230574.0
12914,-35.75,4.25,6286464.0
12915,-35.5,4.25,6338628.0
12916,-35.25,4.25,6394518.0
12917,-35.0,4.25,6446682.0
12918,-34.75,4.25,6502571.0
12919,-34.5,4.25,6558461.0
12920,-34.25,4.25,6610625.0
12921,-34.0,4.25,6666539.0
12922,-33.75,4.25,6718730.0
12923,-33.5,4.25,6774651.0
12924,-33.25,4.25,6830571.0
12925,-33.0,4.25,6882759.0
12926,-32.75,4.25,6938665.0
12927,-32.5,4.25,6990856.0
12928,-32.25,4.25,7046775.0
12929,-32.0,4.25,7098967.0
12930,-31.75,4.25,7154911.0
12931,-31.5,4.25,7210860.0
12932,-31.25,4.25,7266810.0
12933,-31.0,4.25,7319057.0
12934,-30.75,4.25,7375016.0
12935,-30.5,4.25,7427247.0
12936,-30.25,4.25,7483228.0
12937,-30.0,4.25,7535478.0
12938,-29.75,4.25,7591487.0
12939,-29.5,4.25,7647500.0
12940,-29.25,4.25,7699782.0
12941,-29.0,4.25,7755796.0
12942,-28.75,4.25,7811835.0
12943,-28.5,4.25,7864150.0
12944,-28.25,4.25,7920219.0
12945,-28.0,4.25,7972542.0
12946,-27.75,4.25,8028615.0
12947,-27.5,4.25,8084715.0
12948,-27.25,4.25,8137092.0
12949,-27.0,4.25,8193202.0
12950,-26.75,4.25,8245588.0
12951,-26.5,4.25,8301741.0
12952,-26.25,4.25,8357908.0
12953,-26.0,4.25,8410327.0
12954,-25.75,4.25,8466518.0
12955,-25.5,4.25,8518986.0
12956,-25.25,4.25,8575201.0
12957,-25.0,4.25,8631436.0
12958,-24.75,4.25,8683946.0
12959,-24.5,4.25,8740213.0
12960,-24.25,4.25,8792746.0
12961,-24.0,4.25,8849058.0
12962,-23.75,4.25,8905378.0
12963,-23.5,4.25,8957962.0
12964,-23.25,4.25,9014332.0
12965,-23.0,4.25,9070705.0
12966,-22.75,4.25,9123347.0
12967,-22.5,4.25,9176007.0
12968,-22.25,4.25,9232443.0
12969,-22.0,4.25,9288912.0
12970,-21.75,4.25,9341621.0
12971,-21.5,4.25,9398126.0
12972,-21.25,4.25,9454649.0
12973,-21.0,4.25,9507425.0
12974,-20.75,4.25,9564001.0
12975,-20.5,4.25,9616819.0
12976,-20.25,4.25,9673444.0
12977,-20.0,4.25,9726299.0
12978,-19.75,4.25,9782972.0
12979,-19.5,4.25,9835879.0
12980,-19.25,4.25,9892596.0
12981,-19.0,4.25,9949300.0
12982,-18.75,4.25,10002218.0
12983,-18.5,4.25,10058893.0
12984,-18.25,4.25,10111783.0
12985,-18.0,4.25,10168426.0
12986,-17.75,4.25,10225065.0
12987,-17.5,4.25,10277900.0
12988,-17.25,4.25,10334503.0
12989,-17.0,4.25,10387310.0
12990,-16.75,4.25,10440106.0
12991,-16.5,4.25,10496654.0
12992,-16.25,4.25,10549416.0
12993,-61.75,4.0,598285.0
12994,-61.5,4.0,654295.0
12995,-61.25,4.0,706630.0
12996,-61.0,4.0,758991.0
12997,-60.75,4.0,815111.0
12998,-60.5,4.0,867506.0
12999,-60.25,4.0,923668.0
13000,-60.0,4.0,976110.0
13001,-59.75,4.0,1032315.0
13002,-59.5,4.0,1084789.0
13003,-59.25,4.0,1141041.0
13004,-59.0,4.0,1193558.0
13005,-58.75,4.0,1249842.0
13006,-58.5,4.0,1302400.0
13007,-58.25,4.0,1358728.0
13008,-58.0,4.0,1415074.0
13009,-57.75,4.0,1467688.0
13010,-57.5,4.0,1524077.0
13011,-57.25,4.0,1576719.0
13012,-57.0,4.0,1633148.0
13013,-56.75,4.0,1685827.0
13014,-56.5,4.0,1742289.0
13015,-56.25,4.0,1795007.0
13016,-56.0,4.0,1851500.0
13017,-55.75,4.0,1904254.0
13018,-55.5,4.0,1960783.0
13019,-55.25,4.0,2017334.0
13020,-55.0,4.0,2070131.0
13021,-54.75,4.0,2126713.0
13022,-54.5,4.0,2179544.0
13023,-54.25,4.0,2232382.0
13024,-54.0,4.0,2289019.0
13025,-53.75,4.0,2345663.0
13026,-53.5,4.0,2398557.0
13027,-53.25,4.0,2455232.0
13028,-53.0,4.0,2508153.0
13029,-52.75,4.0,2564856.0
13030,-52.5,4.0,2621576.0
13031,-52.25,4.0,2674481.0
13032,-52.0,4.0,2731156.0
13033,-51.75,4.0,2787787.0
13034,-51.5,4.0,2840635.0
13035,-51.25,4.0,2897227.0
13036,-51.0,4.0,2950030.0
13037,-50.75,4.0,3006573.0
13038,-50.5,4.0,3059327.0
13039,-50.25,4.0,3115834.0
13040,-50.0,4.0,3168543.0
13041,-49.75,4.0,3225012.0
13042,-49.5,4.0,3281449.0
13043,-49.25,4.0,3334108.0
13044,-49.0,4.0,3390510.0
13045,-48.75,4.0,3443124.0
13046,-48.5,4.0,3499492.0
13047,-48.25,4.0,3555834.0
13048,-48.0,4.0,3608395.0
13049,-47.75,4.0,3664710.0
13050,-47.5,4.0,3720994.0
13051,-47.25,4.0,3773507.0
13052,-47.0,4.0,3826018.0
13053,-46.75,4.0,3882254.0
13054,-46.5,4.0,3938467.0
13055,-46.25,4.0,3994683.0
13056,-46.0,4.0,4047128.0
13057,-45.75,4.0,4099549.0
13058,-45.5,4.0,4155713.0
13059,-45.25,4.0,4211866.0
13060,-45.0,4.0,4267997.0
13061,-44.75,4.0,4320361.0
13062,-44.5,4.0,4372739.0
13063,-44.25,4.0,4428840.0
13064,-44.0,4.0,4484914.0
13065,-43.75,4.0,4540975.0
13066,-43.5,4.0,4593305.0
13067,-43.25,4.0,4649355.0
13068,-43.0,4.0,4701660.0
13069,-42.75,4.0,4757675.0
13070,-42.5,4.0,4813690.0
13071,-42.25,4.0,4865966.0
13072,-42.0,4.0,4921978.0
13073,-41.75,4.0,4977960.0
13074,-41.5,4.0,5030209.0
13075,-41.25,4.0,5086169.0
13076,-41.0,4.0,5138397.0
13077,-40.75,4.0,5194374.0
13078,-40.5,4.0,5246594.0
13079,-40.25,4.0,5302544.0
13080,-40.0,4.0,5358488.0
13081,-39.75,4.0,5414408.0
13082,-39.5,4.0,5466600.0
13083,-39.25,4.0,5522521.0
13084,-39.0,4.0,5574698.0
13085,-38.75,4.0,5630611.0
13086,-38.5,4.0,5686531.0
13087,-38.25,4.0,5738724.0
13088,-38.0,4.0,5794643.0
13089,-37.75,4.0,5846829.0
13090,-37.5,4.0,5902719.0
13091,-37.25,4.0,5954883.0
13092,-37.0,4.0,6010773.0
13093,-36.75,4.0,6066663.0
13094,-36.5,4.0,6118827.0
13095,-36.25,4.0,6174718.0
13096,-36.0,4.0,6230609.0
13097,-35.75,4.0,6282772.0
13098,-35.5,4.0,6338661.0
13099,-35.25,4.0,6390825.0
13100,-35.0,4.0,6446715.0
13101,-34.75,4.0,6502605.0
13102,-34.5,4.0,6554769.0
13103,-34.25,4.0,6610659.0
13104,-34.0,4.0,6666572.0
13105,-33.75,4.0,6718765.0
13106,-33.5,4.0,6774684.0
13107,-33.25,4.0,6830604.0
13108,-33.0,4.0,6882794.0
13109,-32.75,4.0,6938698.0
13110,-32.5,4.0,6994617.0
13111,-32.25,4.0,7046809.0
13112,-32.0,4.0,7102729.0
13113,-31.75,4.0,7154944.0
13114,-31.5,4.0,7210894.0
13115,-31.25,4.0,7263114.0
13116,-31.0,4.0,7319090.0
13117,-30.75,4.0,7375049.0
13118,-30.5,4.0,7427282.0
13119,-30.25,4.0,7483261.0
13120,-30.0,4.0,7539246.0
13121,-29.75,4.0,7591520.0
13122,-29.5,4.0,7647535.0
13123,-29.25,4.0,7699815.0
13124,-29.0,4.0,7755829.0
13125,-28.75,4.0,7811868.0
13126,-28.5,4.0,7864185.0
13127,-28.25,4.0,7920252.0
13128,-28.0,4.0,7976314.0
13129,-27.75,4.0,8028649.0
13130,-27.5,4.0,8084748.0
13131,-27.25,4.0,8137127.0
13132,-27.0,4.0,8193235.0
13133,-26.75,4.0,8249364.0
13134,-26.5,4.0,8301774.0
13135,-26.25,4.0,8357942.0
13136,-26.0,4.0,8410362.0
13137,-25.75,4.0,8466551.0
13138,-25.5,4.0,8522768.0
13139,-25.25,4.0,8575235.0
13140,-25.0,4.0,8631470.0
13141,-24.75,4.0,8687732.0
13142,-24.5,4.0,8740247.0
13143,-24.25,4.0,8796534.0
13144,-24.0,4.0,8849092.0
13145,-23.75,4.0,8905411.0
13146,-23.5,4.0,8961754.0
13147,-23.25,4.0,9014366.0
13148,-23.0,4.0,9066979.0
13149,-22.75,4.0,9123382.0
13150,-22.5,4.0,9179803.0
13151,-22.25,4.0,9232477.0
13152,-22.0,4.0,9288946.0
13153,-21.75,4.0,9345422.0
13154,-21.5,4.0,9398160.0
13155,-21.25,4.0,9454682.0
13156,-21.0,4.0,9511231.0
13157,-20.75,4.0,9564036.0
13158,-20.5,4.0,9616853.0
13159,-20.25,4.0,9673477.0
13160,-20.0,4.0,9730109.0
13161,-19.75,4.0,9783006.0
13162,-19.5,4.0,9839693.0
13163,-19.25,4.0,9892630.0
13164,-19.0,4.0,9949334.0
13165,-18.75,4.0,10006033.0
13166,-18.5,4.0,10058927.0
13167,-18.25,4.0,10115595.0
13168,-18.0,4.0,10168460.0
13169,-17.75,4.0,10225100.0
13170,-17.5,4.0,10281708.0
13171,-17.25,4.0,10334538.0
13172,-17.0,4.0,10387344.0
13173,-16.75,4.0,10443910.0
13174,-16.5,4.0,10496689.0
13175,-16.25,4.0,10553219.0
13176,-61.75,3.75,594628.0
13177,-61.5,3.75,650592.0
13178,-61.25,3.75,702926.0
13179,-61.0,3.75,759025.0
13180,-60.75,3.75,811403.0
13181,-60.5,3.75,867540.0
13182,-60.25,3.75,919958.0
13183,-60.0,3.75,976144.0
13184,-59.75,3.75,1028601.0
13185,-59.5,3.75,1084823.0
13186,-59.25,3.75,1137325.0
13187,-59.0,3.75,1193592.0
13188,-58.75,3.75,1246122.0
13189,-58.5,3.75,1302434.0
13190,-58.25,3.75,1355007.0
13191,-58.0,3.75,1411351.0
13192,-57.75,3.75,1463965.0
13193,-57.5,3.75,1520351.0
13194,-57.25,3.75,1576753.0
13195,-57.0,3.75,1629421.0
13196,-56.75,3.75,1685862.0
13197,-56.5,3.75,1738559.0
13198,-56.25,3.75,1795041.0
13199,-56.0,3.75,1847767.0
13200,-55.75,3.75,1904288.0
13201,-55.5,3.75,1960817.0
13202,-55.25,3.75,2013599.0
13203,-55.0,3.75,2070165.0
13204,-54.75,3.75,2122975.0
13205,-54.5,3.75,2179579.0
13206,-54.25,3.75,2232417.0
13207,-54.0,3.75,2289053.0
13208,-53.75,3.75,2341919.0
13209,-53.5,3.75,2398591.0
13210,-53.25,3.75,2451486.0
13211,-53.0,3.75,2508187.0
13212,-52.75,3.75,2564890.0
13213,-52.5,3.75,2617830.0
13214,-52.25,3.75,2674515.0
13215,-52.0,3.75,2727414.0
13216,-51.75,3.75,2784047.0
13217,-51.5,3.75,2840669.0
13218,-51.25,3.75,2893489.0
13219,-51.0,3.75,2950065.0
13220,-50.75,3.75,3002839.0
13221,-50.5,3.75,3059361.0
13222,-50.25,3.75,3112102.0
13223,-50.0,3.75,3168576.0
13224,-49.75,3.75,3225046.0
13225,-49.5,3.75,3277721.0
13226,-49.25,3.75,3334142.0
13227,-49.0,3.75,3390544.0
13228,-48.75,3.75,3443159.0
13229,-48.5,3.75,3495768.0
13230,-48.25,3.75,3552112.0
13231,-48.0,3.75,3608429.0
13232,-47.75,3.75,3664743.0
13233,-47.5,3.75,3717276.0
13234,-47.25,3.75,3773542.0
13235,-47.0,3.75,3829802.0
13236,-46.75,3.75,3882288.0
13237,-46.5,3.75,3934753.0
13238,-46.25,3.75,3990971.0
13239,-46.0,3.75,4047162.0
13240,-45.75,3.75,4103327.0
13241,-45.5,3.75,4155747.0
13242,-45.25,3.75,4208158.0
13243,-45.0,3.75,4264289.0
13244,-44.75,3.75,4320395.0
13245,-44.5,3.75,4376513.0
13246,-44.25,3.75,4428874.0
13247,-44.0,3.75,4484947.0
13248,-43.75,3.75,4537272.0
13249,-43.5,3.75,4593338.0
13250,-43.25,3.75,4649390.0
13251,-43.0,3.75,4701694.0
13252,-42.75,3.75,4757709.0
13253,-42.5,3.75,4809988.0
13254,-42.25,3.75,4866001.0
13255,-42.0,3.75,4918277.0
13256,-41.75,3.75,4974262.0
13257,-41.5,3.75,5030243.0
13258,-41.25,3.75,5086204.0
13259,-41.0,3.75,5138431.0
13260,-40.75,3.75,5194408.0
13261,-40.5,3.75,5250358.0
13262,-40.25,3.75,5302579.0
13263,-40.0,3.75,5358521.0
13264,-39.75,3.75,5410714.0
13265,-39.5,3.75,5466634.0
13266,-39.25,3.75,5518827.0
13267,-39.0,3.75,5574731.0
13268,-38.75,3.75,5630646.0
13269,-38.5,3.75,5682837.0
13270,-38.25,3.75,5738757.0
13271,-38.0,3.75,5794678.0
13272,-37.75,3.75,5846862.0
13273,-37.5,3.75,5902753.0
13274,-37.25,3.75,5958643.0
13275,-37.0,3.75,6010806.0
13276,-36.75,3.75,6066697.0
13277,-36.5,3.75,6122587.0
13278,-36.25,3.75,6174751.0
13279,-36.0,3.75,6230641.0
13280,-35.75,3.75,6286531.0
13281,-35.5,3.75,6338695.0
13282,-35.25,3.75,6394585.0
13283,-35.0,3.75,6446748.0
13284,-34.75,3.75,6502639.0
13285,-34.5,3.75,6558529.0
13286,-34.25,3.75,6610692.0
13287,-34.0,3.75,6666607.0
13288,-33.75,3.75,6718798.0
13289,-33.5,3.75,6774718.0
13290,-33.25,3.75,6830639.0
13291,-33.0,3.75,6882827.0
13292,-32.75,3.75,6938732.0
13293,-32.5,3.75,6990923.0
13294,-32.25,3.75,7046843.0
13295,-32.0,3.75,7102762.0
13296,-31.75,3.75,7154979.0
13297,-31.5,3.75,7210928.0
13298,-31.25,3.75,7266878.0
13299,-31.0,3.75,7322856.0
13300,-30.75,3.75,7375084.0
13301,-30.5,3.75,7431048.0
13302,-30.25,3.75,7483295.0
13303,-30.0,3.75,7539279.0
13304,-29.75,3.75,7591555.0
13305,-29.5,3.75,7647569.0
13306,-29.25,3.75,7703583.0
13307,-29.0,3.75,7759599.0
13308,-28.75,3.75,7811903.0
13309,-28.5,3.75,7864218.0
13310,-28.25,3.75,7920285.0
13311,-28.0,3.75,7976347.0
13312,-27.75,3.75,8032423.0
13313,-27.5,3.75,8084782.0
13314,-27.25,3.75,8140903.0
13315,-27.0,3.75,8193269.0
13316,-26.75,3.75,8249398.0
13317,-26.5,3.75,8305552.0
13318,-26.25,3.75,8357976.0
13319,-26.0,3.75,8414142.0
13320,-25.75,3.75,8466585.0
13321,-25.5,3.75,8522802.0
13322,-25.25,3.75,8579017.0
13323,-25.0,3.75,8631504.0
13324,-24.75,3.75,8687767.0
13325,-24.5,3.75,8740281.0
13326,-24.25,3.75,8796567.0
13327,-24.0,3.75,8852882.0
13328,-23.75,3.75,8905445.0
13329,-23.5,3.75,8961788.0
13330,-23.25,3.75,9014401.0
13331,-23.0,3.75,9070773.0
13332,-22.75,3.75,9127178.0
13333,-22.5,3.75,9179837.0
13334,-22.25,3.75,9236275.0
13335,-22.0,3.75,9288979.0
13336,-21.75,3.75,9345456.0
13337,-21.5,3.75,9401962.0
13338,-21.25,3.75,9454716.0
13339,-21.0,3.75,9511266.0
13340,-20.75,3.75,9564070.0
13341,-20.5,3.75,9620661.0
13342,-20.25,3.75,9673511.0
13343,-20.0,3.75,9730143.0
13344,-19.75,3.75,9786820.0
13345,-19.5,3.75,9839727.0
13346,-19.25,3.75,9896446.0
13347,-19.0,3.75,9953148.0
13348,-18.75,3.75,10006067.0
13349,-18.5,3.75,10062739.0
13350,-18.25,3.75,10115629.0
13351,-18.0,3.75,10172270.0
13352,-17.75,3.75,10225135.0
13353,-17.5,3.75,10281743.0
13354,-17.25,3.75,10334572.0
13355,-17.0,3.75,10391150.0
13356,-16.75,3.75,10443945.0
13357,-16.5,3.75,10500493.0
13358,-16.25,3.75,10557021.0
13359,-61.75,3.5,594662.0
13360,-61.5,3.5,646888.0
13361,-61.25,3.5,702960.0
13362,-61.0,3.5,755319.0
13363,-60.75,3.5,811438.0
13364,-60.5,3.5,863831.0
13365,-60.25,3.5,919993.0
13366,-60.0,3.5,972433.0
13367,-59.75,3.5,1028636.0
13368,-59.5,3.5,1081110.0
13369,-59.25,3.5,1137360.0
13370,-59.0,3.5,1189875.0
13371,-58.75,3.5,1246156.0
13372,-58.5,3.5,1298714.0
13373,-58.25,3.5,1355041.0
13374,-58.0,3.5,1407627.0
13375,-57.75,3.5,1463999.0
13376,-57.5,3.5,1516626.0
13377,-57.25,3.5,1573028.0
13378,-57.0,3.5,1629455.0
13379,-56.75,3.5,1682132.0
13380,-56.5,3.5,1738594.0
13381,-56.25,3.5,1791309.0
13382,-56.0,3.5,1847801.0
13383,-55.75,3.5,1900554.0
13384,-55.5,3.5,1957082.0
13385,-55.25,3.5,2013633.0
13386,-55.0,3.5,2066428.0
13387,-54.75,3.5,2123009.0
13388,-54.5,3.5,2175839.0
13389,-54.25,3.5,2232451.0
13390,-54.0,3.5,2289089.0
13391,-53.75,3.5,2341954.0
13392,-53.5,3.5,2394847.0
13393,-53.25,3.5,2451520.0
13394,-53.0,3.5,2504442.0
13395,-52.75,3.5,2561142.0
13396,-52.5,3.5,2617864.0
13397,-52.25,3.5,2670771.0
13398,-52.0,3.5,2727448.0
13399,-51.75,3.5,2784081.0
13400,-51.5,3.5,2836930.0
13401,-51.25,3.5,2893523.0
13402,-51.0,3.5,2946327.0
13403,-50.75,3.5,3002874.0
13404,-50.5,3.5,3059396.0
13405,-50.25,3.5,3112136.0
13406,-50.0,3.5,3168610.0
13407,-49.75,3.5,3221316.0
13408,-49.5,3.5,3277755.0
13409,-49.25,3.5,3334175.0
13410,-49.0,3.5,3386818.0
13411,-48.75,3.5,3443193.0
13412,-48.5,3.5,3499560.0
13413,-48.25,3.5,3552146.0
13414,-48.0,3.5,3604707.0
13415,-47.75,3.5,3661023.0
13416,-47.5,3.5,3717310.0
13417,-47.25,3.5,3769824.0
13418,-47.0,3.5,3826086.0
13419,-46.75,3.5,3882323.0
13420,-46.5,3.5,3934786.0
13421,-46.25,3.5,3991005.0
13422,-46.0,3.5,4043450.0
13423,-45.75,3.5,4099617.0
13424,-45.5,3.5,4155782.0
13425,-45.25,3.5,4211934.0
13426,-45.0,3.5,4264323.0
13427,-44.75,3.5,4320428.0
13428,-44.5,3.5,4372807.0
13429,-44.25,3.5,4428908.0
13430,-44.0,3.5,4484982.0
13431,-43.75,3.5,4537306.0
13432,-43.5,3.5,4593372.0
13433,-43.25,3.5,4645688.0
13434,-43.0,3.5,4701728.0
13435,-42.75,3.5,4754009.0
13436,-42.5,3.5,4810021.0
13437,-42.25,3.5,4866035.0
13438,-42.0,3.5,4922045.0
13439,-41.75,3.5,4974296.0
13440,-41.5,3.5,5030276.0
13441,-41.25,3.5,5082508.0
13442,-41.0,3.5,5138465.0
13443,-40.75,3.5,5190711.0
13444,-40.5,3.5,5246662.0
13445,-40.25,3.5,5302612.0
13446,-40.0,3.5,5358556.0
13447,-39.75,3.5,5410747.0
13448,-39.5,3.5,5466668.0
13449,-39.25,3.5,5522588.0
13450,-39.0,3.5,5574765.0
13451,-38.75,3.5,5630679.0
13452,-38.5,3.5,5682872.0
13453,-38.25,3.5,5738791.0
13454,-38.0,3.5,5794711.0
13455,-37.75,3.5,5846897.0
13456,-37.5,3.5,5902786.0
13457,-37.25,3.5,5954951.0
13458,-37.0,3.5,6010841.0
13459,-36.75,3.5,6066730.0
13460,-36.5,3.5,6118895.0
13461,-36.25,3.5,6174785.0
13462,-36.0,3.5,6230674.0
13463,-35.75,3.5,6282839.0
13464,-35.5,3.5,6338729.0
13465,-35.25,3.5,6394618.0
13466,-35.0,3.5,6446783.0
13467,-34.75,3.5,6502673.0
13468,-34.5,3.5,6558562.0
13469,-34.25,3.5,6610727.0
13470,-34.0,3.5,6666640.0
13471,-33.75,3.5,6722560.0
13472,-33.5,3.5,6774753.0
13473,-33.25,3.5,6830672.0
13474,-33.0,3.5,6886587.0
13475,-32.75,3.5,6938765.0
13476,-32.5,3.5,6994685.0
13477,-32.25,3.5,7046876.0
13478,-32.0,3.5,7102797.0
13479,-31.75,3.5,7155012.0
13480,-31.5,3.5,7210962.0
13481,-31.25,3.5,7266911.0
13482,-31.0,3.5,7319158.0
13483,-30.75,3.5,7375118.0
13484,-30.5,3.5,7431081.0
13485,-30.25,3.5,7487061.0
13486,-30.0,3.5,7539313.0
13487,-29.75,3.5,7595323.0
13488,-29.5,3.5,7647602.0
13489,-29.25,3.5,7703617.0
13490,-29.0,3.5,7755897.0
13491,-28.75,3.5,7811937.0
13492,-28.5,3.5,7867990.0
13493,-28.25,3.5,7924055.0
13494,-28.0,3.5,7976382.0
13495,-27.75,3.5,8028717.0
13496,-27.5,3.5,8084816.0
13497,-27.25,3.5,8140936.0
13498,-27.0,3.5,8197045.0
13499,-26.75,3.5,8249432.0
13500,-26.5,3.5,8305587.0
13501,-26.25,3.5,8358010.0
13502,-26.0,3.5,8414176.0
13503,-25.75,3.5,8470365.0
13504,-25.5,3.5,8522835.0
13505,-25.25,3.5,8579052.0
13506,-25.0,3.5,8631538.0
13507,-24.75,3.5,8687801.0
13508,-24.5,3.5,8744067.0
13509,-24.25,3.5,8796601.0
13510,-24.0,3.5,8852916.0
13511,-23.75,3.5,8909235.0
13512,-23.5,3.5,8961822.0
13513,-23.25,3.5,9018193.0
13514,-23.0,3.5,9070807.0
13515,-22.75,3.5,9127211.0
13516,-22.5,3.5,9183633.0
13517,-22.25,3.5,9236309.0
13518,-22.0,3.5,9292779.0
13519,-21.75,3.5,9349256.0
13520,-21.5,3.5,9401997.0
13521,-21.25,3.5,9454751.0
13522,-21.0,3.5,9511300.0
13523,-20.75,3.5,9567876.0
13524,-20.5,3.5,9620696.0
13525,-20.25,3.5,9677319.0
13526,-20.0,3.5,9733955.0
13527,-19.75,3.5,9786855.0
13528,-19.5,3.5,9843541.0
13529,-19.25,3.5,9896480.0
13530,-19.0,3.5,9953183.0
13531,-18.75,3.5,10009881.0
13532,-18.5,3.5,10062773.0
13533,-18.25,3.5,10115664.0
13534,-18.0,3.5,10172306.0
13535,-17.75,3.5,10228943.0
13536,-17.5,3.5,10281777.0
13537,-17.25,3.5,10338378.0
13538,-17.0,3.5,10391185.0
13539,-16.75,3.5,10447749.0
13540,-16.5,3.5,10504298.0
13541,-16.25,3.5,10557055.0
13542,-61.75,3.25,591019.0
13543,-61.5,3.25,643186.0
13544,-61.25,3.25,699258.0
13545,-61.0,3.25,751615.0
13546,-60.75,3.25,807731.0
13547,-60.5,3.25,860122.0
13548,-60.25,3.25,916284.0
13549,-60.0,3.25,972467.0
13550,-59.75,3.25,1024922.0
13551,-59.5,3.25,1081144.0
13552,-59.25,3.25,1133644.0
13553,-59.0,3.25,1189909.0
13554,-58.75,3.25,1242439.0
13555,-58.5,3.25,1298749.0
13556,-58.25,3.25,1351320.0
13557,-58.0,3.25,1407662.0
13558,-57.75,3.25,1460275.0
13559,-57.5,3.25,1516660.0
13560,-57.25,3.25,1569302.0
13561,-57.0,3.25,1625728.0
13562,-56.75,3.25,1682166.0
13563,-56.5,3.25,1734864.0
13564,-56.25,3.25,1791344.0
13565,-56.0,3.25,1844069.0
13566,-55.75,3.25,1900588.0
13567,-55.5,3.25,1953346.0
13568,-55.25,3.25,2009897.0
13569,-55.0,3.25,2066462.0
13570,-54.75,3.25,2119271.0
13571,-54.5,3.25,2175873.0
13572,-54.25,3.25,2228711.0
13573,-54.0,3.25,2285348.0
13574,-53.75,3.25,2341988.0
13575,-53.5,3.25,2394882.0
13576,-53.25,3.25,2451555.0
13577,-53.0,3.25,2504477.0
13578,-52.75,3.25,2561176.0
13579,-52.5,3.25,2614118.0
13580,-52.25,3.25,2670805.0
13581,-52.0,3.25,2723705.0
13582,-51.75,3.25,2780341.0
13583,-51.5,3.25,2836964.0
13584,-51.25,3.25,2889785.0
13585,-51.0,3.25,2946360.0
13586,-50.75,3.25,3002908.0
13587,-50.5,3.25,3055662.0
13588,-50.25,3.25,3112171.0
13589,-50.0,3.25,3168645.0
13590,-49.75,3.25,3221350.0
13591,-49.5,3.25,3274027.0
13592,-49.25,3.25,3330447.0
13593,-49.0,3.25,3386852.0
13594,-48.75,3.25,3439469.0
13595,-48.5,3.25,3495836.0
13596,-48.25,3.25,3552181.0
13597,-48.0,3.25,3608497.0
13598,-47.75,3.25,3661057.0
13599,-47.5,3.25,3713592.0
13600,-47.25,3.25,3769857.0
13601,-47.0,3.25,3826120.0
13602,-46.75,3.25,3878609.0
13603,-46.5,3.25,3934821.0
13604,-46.25,3.25,3987293.0
13605,-46.0,3.25,4043483.0
13606,-45.75,3.25,4099650.0
13607,-45.5,3.25,4155815.0
13608,-45.25,3.25,4208226.0
13609,-45.0,3.25,4264358.0
13610,-44.75,3.25,4316722.0
13611,-44.5,3.25,4372841.0
13612,-44.25,3.25,4428942.0
13613,-44.0,3.25,4481278.0
13614,-43.75,3.25,4537340.0
13615,-43.5,3.25,4589668.0
13616,-43.25,3.25,4645721.0
13617,-43.0,3.25,4701762.0
13618,-42.75,3.25,4757776.0
13619,-42.5,3.25,4810055.0
13620,-42.25,3.25,4866068.0
13621,-42.0,3.25,4918345.0
13622,-41.75,3.25,4974330.0
13623,-41.5,3.25,5030311.0
13624,-41.25,3.25,5082541.0
13625,-41.0,3.25,5138499.0
13626,-40.75,3.25,5194475.0
13627,-40.5,3.25,5246696.0
13628,-40.25,3.25,5302646.0
13629,-40.0,3.25,5358589.0
13630,-39.75,3.25,5410782.0
13631,-39.5,3.25,5466701.0
13632,-39.25,3.25,5518894.0
13633,-39.0,3.25,5574798.0
13634,-38.75,3.25,5626985.0
13635,-38.5,3.25,5682905.0
13636,-38.25,3.25,5738825.0
13637,-38.0,3.25,5794746.0
13638,-37.75,3.25,5846930.0
13639,-37.5,3.25,5902821.0
13640,-37.25,3.25,5958711.0
13641,-37.0,3.25,6010874.0
13642,-36.75,3.25,6066765.0
13643,-36.5,3.25,6122655.0
13644,-36.25,3.25,6174818.0
13645,-36.0,3.25,6230709.0
13646,-35.75,3.25,6282872.0
13647,-35.5,3.25,6338763.0
13648,-35.25,3.25,6394653.0
13649,-35.0,3.25,6446816.0
13650,-34.75,3.25,6502707.0
13651,-34.5,3.25,6558597.0
13652,-34.25,3.25,6610760.0
13653,-34.0,3.25,6666675.0
13654,-33.75,3.25,6718866.0
13655,-33.5,3.25,6774786.0
13656,-33.25,3.25,6830706.0
13657,-33.0,3.25,6882894.0
13658,-32.75,3.25,6938799.0
13659,-32.5,3.25,6994718.0
13660,-32.25,3.25,7046911.0
13661,-32.0,3.25,7102830.0
13662,-31.75,3.25,7158776.0
13663,-31.5,3.25,7214726.0
13664,-31.25,3.25,7266945.0
13665,-31.0,3.25,7322924.0
13666,-30.75,3.25,7375151.0
13667,-30.5,3.25,7431116.0
13668,-30.25,3.25,7483363.0
13669,-30.0,3.25,7539347.0
13670,-29.75,3.25,7595356.0
13671,-29.5,3.25,7651372.0
13672,-29.25,3.25,7703650.0
13673,-29.0,3.25,7759667.0
13674,-28.75,3.25,7811970.0
13675,-28.5,3.25,7868024.0
13676,-28.25,3.25,7920353.0
13677,-28.0,3.25,7976416.0
13678,-27.75,3.25,8032491.0
13679,-27.5,3.25,8088590.0
13680,-27.25,3.25,8140970.0
13681,-27.0,3.25,8197080.0
13682,-26.75,3.25,8249466.0
13683,-26.5,3.25,8305620.0
13684,-26.25,3.25,8361787.0
13685,-26.0,3.25,8414209.0
13686,-25.75,3.25,8470399.0
13687,-25.5,3.25,8522870.0
13688,-25.25,3.25,8579086.0
13689,-25.0,3.25,8635322.0
13690,-24.75,3.25,8687834.0
13691,-24.5,3.25,8744101.0
13692,-24.25,3.25,8800389.0
13693,-24.0,3.25,8852950.0
13694,-23.75,3.25,8909270.0
13695,-23.5,3.25,8961856.0
13696,-23.25,3.25,9018227.0
13697,-23.0,3.25,9074601.0
13698,-22.75,3.25,9127245.0
13699,-22.5,3.25,9183667.0
13700,-22.25,3.25,9240107.0
13701,-22.0,3.25,9292814.0
13702,-21.75,3.25,9349291.0
13703,-21.5,3.25,9402031.0
13704,-21.25,3.25,9458553.0
13705,-21.0,3.25,9511333.0
13706,-20.75,3.25,9567910.0
13707,-20.5,3.25,9624504.0
13708,-20.25,3.25,9677353.0
13709,-20.0,3.25,9733989.0
13710,-19.75,3.25,9790669.0
13711,-19.5,3.25,9843575.0
13712,-19.25,3.25,9900296.0
13713,-19.0,3.25,9953218.0
13714,-18.75,3.25,10009916.0
13715,-18.5,3.25,10062808.0
13716,-18.25,3.25,10119476.0
13717,-18.0,3.25,10176117.0
13718,-17.75,3.25,10228977.0
13719,-17.5,3.25,10285585.0
13720,-17.25,3.25,10338412.0
13721,-17.0,3.25,10394991.0
13722,-16.75,3.25,10447783.0
13723,-16.5,3.25,10504332.0
13724,-16.25,3.25,10560857.0
13725,-61.75,3.0,587388.0
13726,-61.5,3.0,643220.0
13727,-61.25,3.0,695554.0
13728,-61.0,3.0,751649.0
13729,-60.75,3.0,804023.0
13730,-60.5,3.0,860156.0
13731,-60.25,3.0,912574.0
13732,-60.0,3.0,968756.0
13733,-59.75,3.0,1021209.0
13734,-59.5,3.0,1077431.0
13735,-59.25,3.0,1129929.0
13736,-59.0,3.0,1186192.0
13737,-58.75,3.0,1242473.0
13738,-58.5,3.0,1295029.0
13739,-58.25,3.0,1351354.0
13740,-58.0,3.0,1403940.0
13741,-57.75,3.0,1460310.0
13742,-57.5,3.0,1512935.0
13743,-57.25,3.0,1569336.0
13744,-57.0,3.0,1622000.0
13745,-56.75,3.0,1678437.0
13746,-56.5,3.0,1734898.0
13747,-56.25,3.0,1787612.0
13748,-56.0,3.0,1844104.0
13749,-55.75,3.0,1896854.0
13750,-55.5,3.0,1953380.0
13751,-55.25,3.0,2006162.0
13752,-55.0,3.0,2062724.0
13753,-54.75,3.0,2119306.0
13754,-54.5,3.0,2172133.0
13755,-54.25,3.0,2228745.0
13756,-54.0,3.0,2281606.0
13757,-53.75,3.0,2338247.0
13758,-53.5,3.0,2394916.0
13759,-53.25,3.0,2447810.0
13760,-53.0,3.0,2504511.0
13761,-52.75,3.0,2561211.0
13762,-52.5,3.0,2614153.0
13763,-52.25,3.0,2667061.0
13764,-52.0,3.0,2723739.0
13765,-51.75,3.0,2780375.0
13766,-51.5,3.0,2833224.0
13767,-51.25,3.0,2889819.0
13768,-51.0,3.0,2946394.0
13769,-50.75,3.0,2999175.0
13770,-50.5,3.0,3055696.0
13771,-50.25,3.0,3112204.0
13772,-50.0,3.0,3164915.0
13773,-49.75,3.0,3221385.0
13774,-49.5,3.0,3274060.0
13775,-49.25,3.0,3330481.0
13776,-49.0,3.0,3383126.0
13777,-48.75,3.0,3439502.0
13778,-48.5,3.0,3495870.0
13779,-48.25,3.0,3548459.0
13780,-48.0,3.0,3604775.0
13781,-47.75,3.0,3661092.0
13782,-47.5,3.0,3713625.0
13783,-47.25,3.0,3769891.0
13784,-47.0,3.0,3822404.0
13785,-46.75,3.0,3878642.0
13786,-46.5,3.0,3934855.0
13787,-46.25,3.0,3991073.0
13788,-46.0,3.0,4043518.0
13789,-45.75,3.0,4095940.0
13790,-45.5,3.0,4152105.0
13791,-45.25,3.0,4208260.0
13792,-45.0,3.0,4264391.0
13793,-44.75,3.0,4316757.0
13794,-44.5,3.0,4372874.0
13795,-44.25,3.0,4425236.0
13796,-44.0,3.0,4481311.0
13797,-43.75,3.0,4537374.0
13798,-43.5,3.0,4593440.0
13799,-43.25,3.0,4645755.0
13800,-43.0,3.0,4701795.0
13801,-42.75,3.0,4754076.0
13802,-42.5,3.0,4810089.0
13803,-42.25,3.0,4866103.0
13804,-42.0,3.0,4918378.0
13805,-41.75,3.0,4974363.0
13806,-41.5,3.0,5030344.0
13807,-41.25,3.0,5082576.0
13808,-41.0,3.0,5138532.0
13809,-40.75,3.0,5190779.0
13810,-40.5,3.0,5246729.0
13811,-40.25,3.0,5302681.0
13812,-40.0,3.0,5354895.0
13813,-39.75,3.0,5410815.0
13814,-39.5,3.0,5466736.0
13815,-39.25,3.0,5518927.0
13816,-39.0,3.0,5574832.0
13817,-38.75,3.0,5630746.0
13818,-38.5,3.0,5682940.0
13819,-38.25,3.0,5738859.0
13820,-38.0,3.0,5794779.0
13821,-37.75,3.0,5846965.0
13822,-37.5,3.0,5902854.0
13823,-37.25,3.0,5958744.0
13824,-37.0,3.0,6010909.0
13825,-36.75,3.0,6066798.0
13826,-36.5,3.0,6118963.0
13827,-36.25,3.0,6174853.0
13828,-36.0,3.0,6230742.0
13829,-35.75,3.0,6282907.0
13830,-35.5,3.0,6338797.0
13831,-35.25,3.0,6394686.0
13832,-35.0,3.0,6446851.0
13833,-34.75,3.0,6502740.0
13834,-34.5,3.0,6558630.0
13835,-34.25,3.0,6610795.0
13836,-34.0,3.0,6666708.0
13837,-33.75,3.0,6722628.0
13838,-33.5,3.0,6774821.0
13839,-33.25,3.0,6830739.0
13840,-33.0,3.0,6886654.0
13841,-32.75,3.0,6938832.0
13842,-32.5,3.0,6994753.0
13843,-32.25,3.0,7046944.0
13844,-32.0,3.0,7102864.0
13845,-31.75,3.0,7158811.0
13846,-31.5,3.0,7211029.0
13847,-31.25,3.0,7266979.0
13848,-31.0,3.0,7322957.0
13849,-30.75,3.0,7375186.0
13850,-30.5,3.0,7431149.0
13851,-30.25,3.0,7487128.0
13852,-30.0,3.0,7539380.0
13853,-29.75,3.0,7595391.0
13854,-29.5,3.0,7647670.0
13855,-29.25,3.0,7703684.0
13856,-29.0,3.0,7759700.0
13857,-28.75,3.0,7815740.0
13858,-28.5,3.0,7868058.0
13859,-28.25,3.0,7924123.0
13860,-28.0,3.0,7976449.0
13861,-27.75,3.0,8032525.0
13862,-27.5,3.0,8088623.0
13863,-27.25,3.0,8141005.0
13864,-27.0,3.0,8197113.0
13865,-26.75,3.0,8253242.0
13866,-26.5,3.0,8305654.0
13867,-26.25,3.0,8361821.0
13868,-26.0,3.0,8414244.0
13869,-25.75,3.0,8470433.0
13870,-25.5,3.0,8526652.0
13871,-25.25,3.0,8579119.0
13872,-25.0,3.0,8635356.0
13873,-24.75,3.0,8691620.0
13874,-24.5,3.0,8744134.0
13875,-24.25,3.0,8800424.0
13876,-24.0,3.0,8852984.0
13877,-23.75,3.0,8909304.0
13878,-23.5,3.0,8965648.0
13879,-23.25,3.0,9018260.0
13880,-23.0,3.0,9074635.0
13881,-22.75,3.0,9131041.0
13882,-22.5,3.0,9183700.0
13883,-22.25,3.0,9240142.0
13884,-22.0,3.0,9292848.0
13885,-21.75,3.0,9349324.0
13886,-21.5,3.0,9405833.0
13887,-21.25,3.0,9458588.0
13888,-21.0,3.0,9515139.0
13889,-20.75,3.0,9571716.0
13890,-20.5,3.0,9624538.0
13891,-20.25,3.0,9681161.0
13892,-20.0,3.0,9737801.0
13893,-19.75,3.0,9790703.0
13894,-19.5,3.0,9843610.0
13895,-19.25,3.0,9900331.0
13896,-19.0,3.0,9957032.0
13897,-18.75,3.0,10009950.0
13898,-18.5,3.0,10066620.0
13899,-18.25,3.0,10119511.0
13900,-18.0,3.0,10176151.0
13901,-17.75,3.0,10232785.0
13902,-17.5,3.0,10285619.0
13903,-17.25,3.0,10342219.0
13904,-17.0,3.0,10395025.0
13905,-16.75,3.0,10451588.0
13906,-16.5,3.0,10508136.0
13907,-16.25,3.0,10560891.0
13908,-61.75,2.75,587422.0
13909,-61.5,2.75,639517.0
13910,-61.25,2.75,695589.0
13911,-61.0,2.75,747944.0
13912,-60.75,2.75,804058.0
13913,-60.5,2.75,856448.0
13914,-60.25,2.75,912609.0
13915,-60.0,2.75,965045.0
13916,-59.75,2.75,1021244.0
13917,-59.5,2.75,1073718.0
13918,-59.25,2.75,1129963.0
13919,-59.0,2.75,1182474.0
13920,-58.75,2.75,1238756.0
13921,-58.5,2.75,1291310.0
13922,-58.25,2.75,1347632.0
13923,-58.0,2.75,1403974.0
13924,-57.75,2.75,1456586.0
13925,-57.5,2.75,1512969.0
13926,-57.25,2.75,1565611.0
13927,-57.0,2.75,1622035.0
13928,-56.75,2.75,1674707.0
13929,-56.5,2.75,1731168.0
13930,-56.25,2.75,1787646.0
13931,-56.0,2.75,1840372.0
13932,-55.75,2.75,1896889.0
13933,-55.5,2.75,1949644.0
13934,-55.25,2.75,2006196.0
13935,-55.0,2.75,2062758.0
13936,-54.75,2.75,2115568.0
13937,-54.5,2.75,2172168.0
13938,-54.25,2.75,2225005.0
13939,-54.0,2.75,2281639.0
13940,-53.75,2.75,2338281.0
13941,-53.5,2.75,2391172.0
13942,-53.25,2.75,2447844.0
13943,-53.0,2.75,2500765.0
13944,-52.75,2.75,2557466.0
13945,-52.5,2.75,2614187.0
13946,-52.25,2.75,2667096.0
13947,-52.0,2.75,2723773.0
13948,-51.75,2.75,2780410.0
13949,-51.5,2.75,2833258.0
13950,-51.25,2.75,2886081.0
13951,-51.0,2.75,2942656.0
13952,-50.75,2.75,2999209.0
13953,-50.5,2.75,3051962.0
13954,-50.25,2.75,3108472.0
13955,-50.0,2.75,3164949.0
13956,-49.75,2.75,3217655.0
13957,-49.5,2.75,3274095.0
13958,-49.25,2.75,3330516.0
13959,-49.0,2.75,3383160.0
13960,-48.75,2.75,3439536.0
13961,-48.5,2.75,3492147.0
13962,-48.25,2.75,3548492.0
13963,-48.0,2.75,3604809.0
13964,-47.75,2.75,3657372.0
13965,-47.5,2.75,3713660.0
13966,-47.25,2.75,3769926.0
13967,-47.0,2.75,3822437.0
13968,-46.75,2.75,3878676.0
13969,-46.5,2.75,3931143.0
13970,-46.25,2.75,3987361.0
13971,-46.0,2.75,4043552.0
13972,-45.75,2.75,4099718.0
13973,-45.5,2.75,4152139.0
13974,-45.25,2.75,4208293.0
13975,-45.0,2.75,4260683.0
13976,-44.75,2.75,4316790.0
13977,-44.5,2.75,4372909.0
13978,-44.25,2.75,4429010.0
13979,-44.0,2.75,4481345.0
13980,-43.75,2.75,4533672.0
13981,-43.5,2.75,4589735.0
13982,-43.25,2.75,4645790.0
13983,-43.0,2.75,4701830.0
13984,-42.75,2.75,4754110.0
13985,-42.5,2.75,4810123.0
13986,-42.25,2.75,4866136.0
13987,-42.0,2.75,4918413.0
13988,-41.75,2.75,4974396.0
13989,-41.5,2.75,5026646.0
13990,-41.25,2.75,5082609.0
13991,-41.0,2.75,5138567.0
13992,-40.75,2.75,5190812.0
13993,-40.5,2.75,5246763.0
13994,-40.25,2.75,5302714.0
13995,-40.0,2.75,5354930.0
13996,-39.75,2.75,5410849.0
13997,-39.5,2.75,5466769.0
13998,-39.25,2.75,5518962.0
13999,-39.0,2.75,5574866.0
14000,-38.75,2.75,5627052.0
14001,-38.5,2.75,5682972.0
14002,-38.25,2.75,5738893.0
14003,-38.0,2.75,5791085.0
14004,-37.75,2.75,5846998.0
14005,-37.5,2.75,5902889.0
14006,-37.25,2.75,5955052.0
14007,-37.0,2.75,6010942.0
14008,-36.75,2.75,6066833.0
14009,-36.5,2.75,6118996.0
14010,-36.25,2.75,6174886.0
14011,-36.0,2.75,6230777.0
14012,-35.75,2.75,6282940.0
14013,-35.5,2.75,6338830.0
14014,-35.25,2.75,6394721.0
14015,-35.0,2.75,6446884.0
14016,-34.75,2.75,6502774.0
14017,-34.5,2.75,6558665.0
14018,-34.25,2.75,6610828.0
14019,-34.0,2.75,6666742.0
14020,-33.75,2.75,6718934.0
14021,-33.5,2.75,6774853.0
14022,-33.25,2.75,6830773.0
14023,-33.0,2.75,6882962.0
14024,-32.75,2.75,6938867.0
14025,-32.5,2.75,6994786.0
14026,-32.25,2.75,7050706.0
14027,-32.0,2.75,7102899.0
14028,-31.75,2.75,7158844.0
14029,-31.5,2.75,7214793.0
14030,-31.25,2.75,7267012.0
14031,-31.0,2.75,7322992.0
14032,-30.75,2.75,7375219.0
14033,-30.5,2.75,7431183.0
14034,-30.25,2.75,7487161.0
14035,-30.0,2.75,7539415.0
14036,-29.75,2.75,7595424.0
14037,-29.5,2.75,7651440.0
14038,-29.25,2.75,7707452.0
14039,-29.0,2.75,7759735.0
14040,-28.75,2.75,7815775.0
14041,-28.5,2.75,7868091.0
14042,-28.25,2.75,7924157.0
14043,-28.0,2.75,7980221.0
14044,-27.75,2.75,8032559.0
14045,-27.5,2.75,8088658.0
14046,-27.25,2.75,8141038.0
14047,-27.0,2.75,8197147.0
14048,-26.75,2.75,8253275.0
14049,-26.5,2.75,8309432.0
14050,-26.25,2.75,8361855.0
14051,-26.0,2.75,8418024.0
14052,-25.75,2.75,8470467.0
14053,-25.5,2.75,8526686.0
14054,-25.25,2.75,8582901.0
14055,-25.0,2.75,8635389.0
14056,-24.75,2.75,8691655.0
14057,-24.5,2.75,8744169.0
14058,-24.25,2.75,8800458.0
14059,-24.0,2.75,8856774.0
14060,-23.75,2.75,8909337.0
14061,-23.5,2.75,8965683.0
14062,-23.25,2.75,9022052.0
14063,-23.0,2.75,9078429.0
14064,-22.75,2.75,9131076.0
14065,-22.5,2.75,9183735.0
14066,-22.25,2.75,9240176.0
14067,-22.0,2.75,9296646.0
14068,-21.75,2.75,9349358.0
14069,-21.5,2.75,9405867.0
14070,-21.25,2.75,9462390.0
14071,-21.0,2.75,9515173.0
14072,-20.75,2.75,9571750.0
14073,-20.5,2.75,9628346.0
14074,-20.25,2.75,9681196.0
14075,-20.0,2.75,9734057.0
14076,-19.75,2.75,9790738.0
14077,-19.5,2.75,9847424.0
14078,-19.25,2.75,9900366.0
14079,-19.0,2.75,9957066.0
14080,-18.75,2.75,10013764.0
14081,-18.5,2.75,10066654.0
14082,-18.25,2.75,10123322.0
14083,-18.0,2.75,10176184.0
14084,-17.75,2.75,10232819.0
14085,-17.5,2.75,10289428.0
14086,-17.25,2.75,10342253.0
14087,-17.0,2.75,10398831.0
14088,-16.75,2.75,10455392.0
14089,-16.5,2.75,10508170.0
14090,-16.25,2.75,10564694.0
14091,-61.75,2.5,583808.0
14092,-61.5,2.5,639551.0
14093,-61.25,2.5,691885.0
14094,-61.0,2.5,747978.0
14095,-60.75,2.5,800350.0
14096,-60.5,2.5,856482.0
14097,-60.25,2.5,908899.0
14098,-60.0,2.5,965079.0
14099,-59.75,2.5,1017530.0
14100,-59.5,2.5,1073752.0
14101,-59.25,2.5,1126248.0
14102,-59.0,2.5,1182509.0
14103,-58.75,2.5,1235039.0
14104,-58.5,2.5,1291345.0
14105,-58.25,2.5,1343911.0
14106,-58.0,2.5,1400252.0
14107,-57.75,2.5,1456620.0
14108,-57.5,2.5,1509243.0
14109,-57.25,2.5,1565645.0
14110,-57.0,2.5,1618307.0
14111,-56.75,2.5,1674742.0
14112,-56.5,2.5,1727439.0
14113,-56.25,2.5,1783914.0
14114,-56.0,2.5,1840406.0
14115,-55.75,2.5,1893155.0
14116,-55.5,2.5,1949679.0
14117,-55.25,2.5,2002460.0
14118,-55.0,2.5,2059020.0
14119,-54.75,2.5,2115602.0
14120,-54.5,2.5,2168428.0
14121,-54.25,2.5,2225039.0
14122,-54.0,2.5,2281673.0
14123,-53.75,2.5,2334539.0
14124,-53.5,2.5,2391207.0
14125,-53.25,2.5,2444100.0
14126,-53.0,2.5,2500798.0
14127,-52.75,2.5,2557500.0
14128,-52.5,2.5,2610441.0
14129,-52.25,2.5,2667130.0
14130,-52.0,2.5,2723808.0
14131,-51.75,2.5,2776670.0
14132,-51.5,2.5,2833293.0
14133,-51.25,2.5,2889887.0
14134,-51.0,2.5,2942690.0
14135,-50.75,2.5,2995475.0
14136,-50.5,2.5,3051995.0
14137,-50.25,2.5,3108506.0
14138,-50.0,2.5,3161219.0
14139,-49.75,2.5,3217688.0
14140,-49.5,2.5,3274129.0
14141,-49.25,2.5,3326788.0
14142,-49.0,2.5,3383194.0
14143,-48.75,2.5,3439571.0
14144,-48.5,2.5,3492181.0
14145,-48.25,2.5,3548526.0
14146,-48.0,2.5,3601087.0
14147,-47.75,2.5,3657405.0
14148,-47.5,2.5,3713694.0
14149,-47.25,2.5,3766208.0
14150,-47.0,2.5,3822472.0
14151,-46.75,2.5,3878711.0
14152,-46.5,2.5,3931176.0
14153,-46.25,2.5,3987395.0
14154,-46.0,2.5,4043585.0
14155,-45.75,2.5,4096008.0
14156,-45.5,2.5,4152174.0
14157,-45.25,2.5,4208328.0
14158,-45.0,2.5,4260716.0
14159,-44.75,2.5,4316824.0
14160,-44.5,2.5,4369203.0
14161,-44.25,2.5,4425303.0
14162,-44.0,2.5,4481380.0
14163,-43.75,2.5,4533705.0
14164,-43.5,2.5,4589769.0
14165,-43.25,2.5,4645823.0
14166,-43.0,2.5,4698128.0
14167,-42.75,2.5,4754144.0
14168,-42.5,2.5,4806421.0
14169,-42.25,2.5,4862436.0
14170,-42.0,2.5,4918447.0
14171,-41.75,2.5,4974431.0
14172,-41.5,2.5,5030411.0
14173,-41.25,2.5,5082643.0
14174,-41.0,2.5,5138600.0
14175,-40.75,2.5,5190847.0
14176,-40.5,2.5,5246797.0
14177,-40.25,2.5,5299017.0
14178,-40.0,2.5,5354963.0
14179,-39.75,2.5,5410884.0
14180,-39.5,2.5,5463075.0
14181,-39.25,2.5,5518995.0
14182,-39.0,2.5,5574900.0
14183,-38.75,2.5,5630814.0
14184,-38.5,2.5,5683006.0
14185,-38.25,2.5,5738926.0
14186,-38.0,2.5,5794847.0
14187,-37.75,2.5,5847032.0
14188,-37.5,2.5,5902922.0
14189,-37.25,2.5,5958812.0
14190,-37.0,2.5,6010977.0
14191,-36.75,2.5,6066866.0
14192,-36.5,2.5,6122756.0
14193,-36.25,2.5,6174921.0
14194,-36.0,2.5,6230810.0
14195,-35.75,2.5,6282975.0
14196,-35.5,2.5,6338864.0
14197,-35.25,2.5,6394754.0
14198,-35.0,2.5,6446919.0
14199,-34.75,2.5,6502808.0
14200,-34.5,2.5,6558698.0
14201,-34.25,2.5,6614588.0
14202,-34.0,2.5,6666776.0
14203,-33.75,2.5,6722695.0
14204,-33.5,2.5,6778615.0
14205,-33.25,2.5,6830807.0
14206,-33.0,2.5,6886722.0
14207,-32.75,2.5,6938900.0
14208,-32.5,2.5,6994820.0
14209,-32.25,2.5,7050741.0
14210,-32.0,2.5,7102932.0
14211,-31.75,2.5,7158877.0
14212,-31.5,2.5,7211097.0
14213,-31.25,2.5,7267047.0
14214,-31.0,2.5,7323025.0
14215,-30.75,2.5,7378983.0
14216,-30.5,2.5,7431216.0
14217,-30.25,2.5,7487196.0
14218,-30.0,2.5,7543183.0
14219,-29.75,2.5,7595458.0
14220,-29.5,2.5,7651474.0
14221,-29.25,2.5,7703752.0
14222,-29.0,2.5,7759769.0
14223,-28.75,2.5,7815808.0
14224,-28.5,2.5,7871863.0
14225,-28.25,2.5,7924190.0
14226,-28.0,2.5,7980256.0
14227,-27.75,2.5,8032592.0
14228,-27.5,2.5,8088692.0
14229,-27.25,2.5,8144813.0
14230,-27.0,2.5,8200922.0
14231,-26.75,2.5,8253310.0
14232,-26.5,2.5,8309467.0
14233,-26.25,2.5,8361889.0
14234,-26.0,2.5,8418057.0
14235,-25.75,2.5,8474249.0
14236,-25.5,2.5,8526719.0
14237,-25.25,2.5,8582936.0
14238,-25.0,2.5,8635424.0
14239,-24.75,2.5,8691689.0
14240,-24.5,2.5,8747955.0
14241,-24.25,2.5,8800491.0
14242,-24.0,2.5,8856808.0
14243,-23.75,2.5,8913127.0
14244,-23.5,2.5,8969475.0
14245,-23.25,2.5,9022087.0
14246,-23.0,2.5,9074703.0
14247,-22.75,2.5,9131110.0
14248,-22.5,2.5,9187531.0
14249,-22.25,2.5,9240209.0
14250,-22.0,2.5,9296680.0
14251,-21.75,2.5,9353158.0
14252,-21.5,2.5,9405900.0
14253,-21.25,2.5,9462424.0
14254,-21.0,2.5,9518979.0
14255,-20.75,2.5,9571784.0
14256,-20.5,2.5,9628381.0
14257,-20.25,2.5,9681230.0
14258,-20.0,2.5,9737870.0
14259,-19.75,2.5,9794550.0
14260,-19.5,2.5,9847458.0
14261,-19.25,2.5,9904181.0
14262,-19.0,2.5,9957099.0
14263,-18.75,2.5,10013798.0
14264,-18.5,2.5,10070467.0
14265,-18.25,2.5,10123356.0
14266,-18.0,2.5,10179994.0
14267,-17.75,2.5,10236627.0
14268,-17.5,2.5,10289462.0
14269,-17.25,2.5,10346059.0
14270,-17.0,2.5,10398865.0
14271,-16.75,2.5,10455426.0
14272,-16.5,2.5,10511975.0
14273,-16.25,2.5,10564728.0
14274,-61.75,2.25,580208.0
14275,-61.5,2.25,635850.0
14276,-61.25,2.25,688182.0
14277,-61.0,2.25,744273.0
14278,-60.75,2.25,796643.0
14279,-60.5,2.25,852774.0
14280,-60.25,2.25,908933.0
14281,-60.0,2.25,961367.0
14282,-59.75,2.25,1017564.0
14283,-59.5,2.25,1070038.0
14284,-59.25,2.25,1126282.0
14285,-59.0,2.25,1178791.0
14286,-58.75,2.25,1235074.0
14287,-58.5,2.25,1291380.0
14288,-58.25,2.25,1343947.0
14289,-58.0,2.25,1400289.0
14290,-57.75,2.25,1456655.0
14291,-57.5,2.25,1509278.0
14292,-57.25,2.25,1565680.0
14293,-57.0,2.25,1618342.0
14294,-56.75,2.25,1674777.0
14295,-56.5,2.25,1727475.0
14296,-56.25,2.25,1783949.0
14297,-56.0,2.25,1840441.0
14298,-55.75,2.25,1893190.0
14299,-55.5,2.25,1949714.0
14300,-55.25,2.25,2002496.0
14301,-55.0,2.25,2059054.0
14302,-54.75,2.25,2111864.0
14303,-54.5,2.25,2168462.0
14304,-54.25,2.25,2221300.0
14305,-54.0,2.25,2277931.0
14306,-53.75,2.25,2334573.0
14307,-53.5,2.25,2387463.0
14308,-53.25,2.25,2444134.0
14309,-53.0,2.25,2500832.0
14310,-52.75,2.25,2553754.0
14311,-52.5,2.25,2610475.0
14312,-52.25,2.25,2663386.0
14313,-52.0,2.25,2720064.0
14314,-51.75,2.25,2776704.0
14315,-51.5,2.25,2829553.0
14316,-51.25,2.25,2886150.0
14317,-51.0,2.25,2942725.0
14318,-50.75,2.25,2995510.0
14319,-50.5,2.25,3052030.0
14320,-50.25,2.25,3104774.0
14321,-50.0,2.25,3161253.0
14322,-49.75,2.25,3217722.0
14323,-49.5,2.25,3270401.0
14324,-49.25,2.25,3326821.0
14325,-49.0,2.25,3383229.0
14326,-48.75,2.25,3435847.0
14327,-48.5,2.25,3492215.0
14328,-48.25,2.25,3548561.0
14329,-48.0,2.25,3601121.0
14330,-47.75,2.25,3657439.0
14331,-47.5,2.25,3709976.0
14332,-47.25,2.25,3766241.0
14333,-47.0,2.25,3822506.0
14334,-46.75,2.25,3878744.0
14335,-46.5,2.25,3931211.0
14336,-46.25,2.25,3983682.0
14337,-46.0,2.25,4039873.0
14338,-45.75,2.25,4096042.0
14339,-45.5,2.25,4152207.0
14340,-45.25,2.25,4204620.0
14341,-45.0,2.25,4260750.0
14342,-44.75,2.25,4316859.0
14343,-44.5,2.25,4369236.0
14344,-44.25,2.25,4425337.0
14345,-44.0,2.25,4481413.0
14346,-43.75,2.25,4533740.0
14347,-43.5,2.25,4589803.0
14348,-43.25,2.25,4642121.0
14349,-43.0,2.25,4698161.0
14350,-42.75,2.25,4754178.0
14351,-42.5,2.25,4810190.0
14352,-42.25,2.25,4862471.0
14353,-42.0,2.25,4918480.0
14354,-41.75,2.25,4970733.0
14355,-41.5,2.25,5026713.0
14356,-41.25,2.25,5082677.0
14357,-41.0,2.25,5134902.0
14358,-40.75,2.25,5190880.0
14359,-40.5,2.25,5246831.0
14360,-40.25,2.25,5302781.0
14361,-40.0,2.25,5354997.0
14362,-39.75,2.25,5410917.0
14363,-39.5,2.25,5466837.0
14364,-39.25,2.25,5519030.0
14365,-39.0,2.25,5574933.0
14366,-38.75,2.25,5627120.0
14367,-38.5,2.25,5683040.0
14368,-38.25,2.25,5738959.0
14369,-38.0,2.25,5791152.0
14370,-37.75,2.25,5847066.0
14371,-37.5,2.25,5902957.0
14372,-37.25,2.25,5955120.0
14373,-37.0,2.25,6011010.0
14374,-36.75,2.25,6066901.0
14375,-36.5,2.25,6119064.0
14376,-36.25,2.25,6174954.0
14377,-36.0,2.25,6230845.0
14378,-35.75,2.25,6283008.0
14379,-35.5,2.25,6338898.0
14380,-35.25,2.25,6394789.0
14381,-35.0,2.25,6446952.0
14382,-34.75,2.25,6502842.0
14383,-34.5,2.25,6558733.0
14384,-34.25,2.25,6610896.0
14385,-34.0,2.25,6666809.0
14386,-33.75,2.25,6722728.0
14387,-33.5,2.25,6774921.0
14388,-33.25,2.25,6830841.0
14389,-33.0,2.25,6886755.0
14390,-32.75,2.25,6938935.0
14391,-32.5,2.25,6994854.0
14392,-32.25,2.25,7050774.0
14393,-32.0,2.25,7106694.0
14394,-31.75,2.25,7158911.0
14395,-31.5,2.25,7214861.0
14396,-31.25,2.25,7267080.0
14397,-31.0,2.25,7323059.0
14398,-30.75,2.25,7375287.0
14399,-30.5,2.25,7431250.0
14400,-30.25,2.25,7487230.0
14401,-30.0,2.25,7543216.0
14402,-29.75,2.25,7595493.0
14403,-29.5,2.25,7651507.0
14404,-29.25,2.25,7707520.0
14405,-29.0,2.25,7759802.0
14406,-28.75,2.25,7815842.0
14407,-28.5,2.25,7868159.0
14408,-28.25,2.25,7924225.0
14409,-28.0,2.25,7980289.0
14410,-27.75,2.25,8036366.0
14411,-27.5,2.25,8088725.0
14412,-27.25,2.25,8144848.0
14413,-27.0,2.25,8197214.0
14414,-26.75,2.25,8253344.0
14415,-26.5,2.25,8309500.0
14416,-26.25,2.25,8365667.0
14417,-26.0,2.25,8418091.0
14418,-25.75,2.25,8474283.0
14419,-25.5,2.25,8526754.0
14420,-25.25,2.25,8582969.0
14421,-25.0,2.25,8639208.0
14422,-24.75,2.25,8691722.0
14423,-24.5,2.25,8747989.0
14424,-24.25,2.25,8804279.0
14425,-24.0,2.25,8860598.0
14426,-23.75,2.25,8913162.0
14427,-23.5,2.25,8965751.0
14428,-23.25,2.25,9022121.0
14429,-23.0,2.25,9078498.0
14430,-22.75,2.25,9131143.0
14431,-22.5,2.25,9187565.0
14432,-22.25,2.25,9244007.0
14433,-22.0,2.25,9300478.0
14434,-21.75,2.25,9353192.0
14435,-21.5,2.25,9405935.0
14436,-21.25,2.25,9462459.0
14437,-21.0,2.25,9519014.0
14438,-20.75,2.25,9571819.0
14439,-20.5,2.25,9628415.0
14440,-20.25,2.25,9685038.0
14441,-20.0,2.25,9737904.0
14442,-19.75,2.25,9794584.0
14443,-19.5,2.25,9851272.0
14444,-19.25,2.25,9904215.0
14445,-19.0,2.25,9960913.0
14446,-18.75,2.25,10017610.0
14447,-18.5,2.25,10070501.0
14448,-18.25,2.25,10127166.0
14449,-18.0,2.25,10180028.0
14450,-17.75,2.25,10236662.0
14451,-17.5,2.25,10293270.0
14452,-17.25,2.25,10346093.0
14453,-17.0,2.25,10402671.0
14454,-16.75,2.25,10455462.0
14455,-16.5,2.25,10512010.0
14456,-16.25,2.25,10564763.0
14457,-61.75,2.0,580243.0
14458,-61.5,2.0,632149.0
14459,-61.25,2.0,688217.0
14460,-61.0,2.0,740568.0
14461,-60.75,2.0,796678.0
14462,-60.5,2.0,849068.0
14463,-60.25,2.0,905226.0
14464,-60.0,2.0,961404.0
14465,-59.75,2.0,1017600.0
14466,-59.5,2.0,1070073.0
14467,-59.25,2.0,1126317.0
14468,-59.0,2.0,1178826.0
14469,-58.75,2.0,1235108.0
14470,-58.5,2.0,1287660.0
14471,-58.25,2.0,1343981.0
14472,-58.0,2.0,1396567.0
14473,-57.75,2.0,1452932.0
14474,-57.5,2.0,1509313.0
14475,-57.25,2.0,1561954.0
14476,-57.0,2.0,1618376.0
14477,-56.75,2.0,1671047.0
14478,-56.5,2.0,1727509.0
14479,-56.25,2.0,1783984.0
14480,-56.0,2.0,1836709.0
14481,-55.75,2.0,1893224.0
14482,-55.5,2.0,1945978.0
14483,-55.25,2.0,2002530.0
14484,-55.0,2.0,2059090.0
14485,-54.75,2.0,2111899.0
14486,-54.5,2.0,2168497.0
14487,-54.25,2.0,2221335.0
14488,-54.0,2.0,2277966.0
14489,-53.75,2.0,2334608.0
14490,-53.5,2.0,2387497.0
14491,-53.25,2.0,2440391.0
14492,-53.0,2.0,2497086.0
14493,-52.75,2.0,2553788.0
14494,-52.5,2.0,2606729.0
14495,-52.25,2.0,2663419.0
14496,-52.0,2.0,2720098.0
14497,-51.75,2.0,2772964.0
14498,-51.5,2.0,2829586.0
14499,-51.25,2.0,2886184.0
14500,-51.0,2.0,2938987.0
14501,-50.75,2.0,2995543.0
14502,-50.5,2.0,3052064.0
14503,-50.25,2.0,3104809.0
14504,-50.0,2.0,3161287.0
14505,-49.75,2.0,3213992.0
14506,-49.5,2.0,3270436.0
14507,-49.25,2.0,3326855.0
14508,-49.0,2.0,3379503.0
14509,-48.75,2.0,3435880.0
14510,-48.5,2.0,3492249.0
14511,-48.25,2.0,3544839.0
14512,-48.0,2.0,3601155.0
14513,-47.75,2.0,3657474.0
14514,-47.5,2.0,3710009.0
14515,-47.25,2.0,3766275.0
14516,-47.0,2.0,3818790.0
14517,-46.75,2.0,3875030.0
14518,-46.5,2.0,3931245.0
14519,-46.25,2.0,3987463.0
14520,-46.0,2.0,4039908.0
14521,-45.75,2.0,4096075.0
14522,-45.5,2.0,4148497.0
14523,-45.25,2.0,4204653.0
14524,-45.0,2.0,4260784.0
14525,-44.75,2.0,4316892.0
14526,-44.5,2.0,4369271.0
14527,-44.25,2.0,4425370.0
14528,-44.0,2.0,4477709.0
14529,-43.75,2.0,4533773.0
14530,-43.5,2.0,4589837.0
14531,-43.25,2.0,4645891.0
14532,-43.0,2.0,4698195.0
14533,-42.75,2.0,4754211.0
14534,-42.5,2.0,4806488.0
14535,-42.25,2.0,4862504.0
14536,-42.0,2.0,4918515.0
14537,-41.75,2.0,4970766.0
14538,-41.5,2.0,5026747.0
14539,-41.25,2.0,5082711.0
14540,-41.0,2.0,5138668.0
14541,-40.75,2.0,5190914.0
14542,-40.5,2.0,5246864.0
14543,-40.25,2.0,5299085.0
14544,-40.0,2.0,5355030.0
14545,-39.75,2.0,5407223.0
14546,-39.5,2.0,5463143.0
14547,-39.25,2.0,5519063.0
14548,-39.0,2.0,5574968.0
14549,-38.75,2.0,5627153.0
14550,-38.5,2.0,5683074.0
14551,-38.25,2.0,5738994.0
14552,-38.0,2.0,5794914.0
14553,-37.75,2.0,5847099.0
14554,-37.5,2.0,5902989.0
14555,-37.25,2.0,5958880.0
14556,-37.0,2.0,6011044.0
14557,-36.75,2.0,6066934.0
14558,-36.5,2.0,6122824.0
14559,-36.25,2.0,6174988.0
14560,-36.0,2.0,6230878.0
14561,-35.75,2.0,6286768.0
14562,-35.5,2.0,6338932.0
14563,-35.25,2.0,6394822.0
14564,-35.0,2.0,6450712.0
14565,-34.75,2.0,6502876.0
14566,-34.5,2.0,6558765.0
14567,-34.25,2.0,6614655.0
14568,-34.0,2.0,6666843.0
14569,-33.75,2.0,6722763.0
14570,-33.5,2.0,6778683.0
14571,-33.25,2.0,6830874.0
14572,-33.0,2.0,6886790.0
14573,-32.75,2.0,6938968.0
14574,-32.5,2.0,6994888.0
14575,-32.25,2.0,7050808.0
14576,-32.0,2.0,7102999.0
14577,-31.75,2.0,7158945.0
14578,-31.5,2.0,7214894.0
14579,-31.25,2.0,7270845.0
14580,-31.0,2.0,7323093.0
14581,-30.75,2.0,7379051.0
14582,-30.5,2.0,7435016.0
14583,-30.25,2.0,7487263.0
14584,-30.0,2.0,7543251.0
14585,-29.75,2.0,7595526.0
14586,-29.5,2.0,7651541.0
14587,-29.25,2.0,7707553.0
14588,-29.0,2.0,7763572.0
14589,-28.75,2.0,7815876.0
14590,-28.5,2.0,7871931.0
14591,-28.25,2.0,7924258.0
14592,-28.0,2.0,7980323.0
14593,-27.75,2.0,8036399.0
14594,-27.5,2.0,8088760.0
14595,-27.25,2.0,8144881.0
14596,-27.0,2.0,8200990.0
14597,-26.75,2.0,8253377.0
14598,-26.5,2.0,8309534.0
14599,-26.25,2.0,8365700.0
14600,-26.0,2.0,8418126.0
14601,-25.75,2.0,8474317.0
14602,-25.5,2.0,8530535.0
14603,-25.25,2.0,8583003.0
14604,-25.0,2.0,8639242.0
14605,-24.75,2.0,8695508.0
14606,-24.5,2.0,8748022.0
14607,-24.25,2.0,8804314.0
14608,-24.0,2.0,8856876.0
14609,-23.75,2.0,8913196.0
14610,-23.5,2.0,8969543.0
14611,-23.25,2.0,9022154.0
14612,-23.0,2.0,9078532.0
14613,-22.75,2.0,9134939.0
14614,-22.5,2.0,9191362.0
14615,-22.25,2.0,9244041.0
14616,-22.0,2.0,9296748.0
14617,-21.75,2.0,9353227.0
14618,-21.5,2.0,9409737.0
14619,-21.25,2.0,9462492.0
14620,-21.0,2.0,9519048.0
14621,-20.75,2.0,9575625.0
14622,-20.5,2.0,9628448.0
14623,-20.25,2.0,9685072.0
14624,-20.0,2.0,9741716.0
14625,-19.75,2.0,9794617.0
14626,-19.5,2.0,9851306.0
14627,-19.25,2.0,9908029.0
14628,-19.0,2.0,9960947.0
14629,-18.75,2.0,10017645.0
14630,-18.5,2.0,10074313.0
14631,-18.25,2.0,10127201.0
14632,-18.0,2.0,10180063.0
14633,-17.75,2.0,10236697.0
14634,-17.5,2.0,10293305.0
14635,-17.25,2.0,10346128.0
14636,-17.0,2.0,10402707.0
14637,-16.75,2.0,10459266.0
14638,-16.5,2.0,10512044.0
14639,-16.25,2.0,10568565.0
14640,-61.75,1.75,576656.0
14641,-61.5,1.75,632183.0
14642,-61.25,1.75,688252.0
14643,-61.0,1.75,740603.0
14644,-60.75,1.75,796713.0
14645,-60.5,1.75,849103.0
14646,-60.25,1.75,905260.0
14647,-60.0,1.75,957692.0
14648,-59.75,1.75,1013887.0
14649,-59.5,1.75,1070108.0
14650,-59.25,1.75,1122602.0
14651,-59.0,1.75,1178861.0
14652,-58.75,1.75,1231390.0
14653,-58.5,1.75,1287694.0
14654,-58.25,1.75,1340259.0
14655,-58.0,1.75,1396601.0
14656,-57.75,1.75,1449209.0
14657,-57.5,1.75,1505587.0
14658,-57.25,1.75,1561989.0
14659,-57.0,1.75,1614648.0
14660,-56.75,1.75,1671081.0
14661,-56.5,1.75,1723779.0
14662,-56.25,1.75,1780252.0
14663,-56.0,1.75,1836744.0
14664,-55.75,1.75,1889490.0
14665,-55.5,1.75,1946012.0
14666,-55.25,1.75,1998794.0
14667,-55.0,1.75,2055352.0
14668,-54.75,1.75,2111933.0
14669,-54.5,1.75,2164757.0
14670,-54.25,1.75,2221369.0
14671,-54.0,1.75,2278001.0
14672,-53.75,1.75,2330866.0
14673,-53.5,1.75,2387532.0
14674,-53.25,1.75,2444203.0
14675,-53.0,1.75,2497121.0
14676,-52.75,1.75,2553823.0
14677,-52.5,1.75,2606765.0
14678,-52.25,1.75,2663453.0
14679,-52.0,1.75,2716354.0
14680,-51.75,1.75,2772998.0
14681,-51.5,1.75,2829620.0
14682,-51.25,1.75,2882446.0
14683,-51.0,1.75,2939021.0
14684,-50.75,1.75,2995577.0
14685,-50.5,1.75,3048330.0
14686,-50.25,1.75,3104843.0
14687,-50.0,1.75,3161321.0
14688,-49.75,1.75,3214027.0
14689,-49.5,1.75,3270470.0
14690,-49.25,1.75,3326890.0
14691,-49.0,1.75,3379537.0
14692,-48.75,1.75,3435914.0
14693,-48.5,1.75,3488525.0
14694,-48.25,1.75,3544872.0
14695,-48.0,1.75,3601189.0
14696,-47.75,1.75,3653754.0
14697,-47.5,1.75,3710044.0
14698,-47.25,1.75,3766310.0
14699,-47.0,1.75,3818823.0
14700,-46.75,1.75,3875064.0
14701,-46.5,1.75,3931278.0
14702,-46.25,1.75,3983749.0
14703,-46.0,1.75,4039941.0
14704,-45.75,1.75,4096110.0
14705,-45.5,1.75,4148532.0
14706,-45.25,1.75,4204687.0
14707,-45.0,1.75,4257076.0
14708,-44.75,1.75,4313186.0
14709,-44.5,1.75,4369305.0
14710,-44.25,1.75,4425405.0
14711,-44.0,1.75,4477744.0
14712,-43.75,1.75,4533807.0
14713,-43.5,1.75,4586133.0
14714,-43.25,1.75,4642189.0
14715,-43.0,1.75,4698229.0
14716,-42.75,1.75,4754246.0
14717,-42.5,1.75,4806521.0
14718,-42.25,1.75,4862538.0
14719,-42.0,1.75,4918548.0
14720,-41.75,1.75,4970801.0
14721,-41.5,1.75,5026781.0
14722,-41.25,1.75,5079014.0
14723,-41.0,1.75,5134970.0
14724,-40.75,1.75,5190948.0
14725,-40.5,1.75,5246899.0
14726,-40.25,1.75,5299118.0
14727,-40.0,1.75,5355064.0
14728,-39.75,1.75,5410984.0
14729,-39.5,1.75,5466905.0
14730,-39.25,1.75,5519097.0
14731,-39.0,1.75,5575001.0
14732,-38.75,1.75,5627188.0
14733,-38.5,1.75,5683108.0
14734,-38.25,1.75,5739027.0
14735,-38.0,1.75,5791220.0
14736,-37.75,1.75,5847133.0
14737,-37.5,1.75,5903022.0
14738,-37.25,1.75,5955187.0
14739,-37.0,1.75,6011077.0
14740,-36.75,1.75,6063241.0
14741,-36.5,1.75,6119132.0
14742,-36.25,1.75,6175022.0
14743,-36.0,1.75,6230913.0
14744,-35.75,1.75,6283076.0
14745,-35.5,1.75,6338966.0
14746,-35.25,1.75,6394855.0
14747,-35.0,1.75,6447019.0
14748,-34.75,1.75,6502909.0
14749,-34.5,1.75,6558798.0
14750,-34.25,1.75,6610963.0
14751,-34.0,1.75,6666877.0
14752,-33.75,1.75,6722796.0
14753,-33.5,1.75,6774989.0
14754,-33.25,1.75,6830909.0
14755,-33.0,1.75,6886823.0
14756,-32.75,1.75,6942730.0
14757,-32.5,1.75,6994922.0
14758,-32.25,1.75,7050841.0
14759,-32.0,1.75,7106761.0
14760,-31.75,1.75,7158978.0
14761,-31.5,1.75,7214929.0
14762,-31.25,1.75,7267148.0
14763,-31.0,1.75,7323127.0
14764,-30.75,1.75,7379084.0
14765,-30.5,1.75,7431318.0
14766,-30.25,1.75,7487298.0
14767,-30.0,1.75,7543284.0
14768,-29.75,1.75,7599294.0
14769,-29.5,1.75,7651574.0
14770,-29.25,1.75,7707588.0
14771,-29.0,1.75,7759870.0
14772,-28.75,1.75,7815910.0
14773,-28.5,1.75,7871965.0
14774,-28.25,1.75,7928028.0
14775,-28.0,1.75,7980358.0
14776,-27.75,1.75,8036434.0
14777,-27.5,1.75,8092534.0
14778,-27.25,1.75,8144915.0
14779,-27.0,1.75,8201024.0
14780,-26.75,1.75,8257153.0
14781,-26.5,1.75,8309569.0
14782,-26.25,1.75,8365735.0
14783,-26.0,1.75,8418159.0
14784,-25.75,1.75,8474350.0
14785,-25.5,1.75,8530568.0
14786,-25.25,1.75,8586785.0
14787,-25.0,1.75,8639275.0
14788,-24.75,1.75,8695543.0
14789,-24.5,1.75,8748057.0
14790,-24.25,1.75,8804348.0
14791,-24.0,1.75,8860666.0
14792,-23.75,1.75,8913229.0
14793,-23.5,1.75,8969577.0
14794,-23.25,1.75,9025946.0
14795,-23.0,1.75,9082326.0
14796,-22.75,1.75,9134974.0
14797,-22.5,1.75,9187634.0
14798,-22.25,1.75,9244076.0
14799,-22.0,1.75,9300546.0
14800,-21.75,1.75,9357027.0
14801,-21.5,1.75,9409771.0
14802,-21.25,1.75,9466296.0
14803,-21.0,1.75,9522854.0
14804,-20.75,1.75,9575659.0
14805,-20.5,1.75,9632256.0
14806,-20.25,1.75,9688881.0
14807,-20.0,1.75,9741750.0
14808,-19.75,1.75,9798429.0
14809,-19.5,1.75,9851342.0
14810,-19.25,1.75,9908064.0
14811,-19.0,1.75,9960982.0
14812,-18.75,1.75,10017679.0
14813,-18.5,1.75,10074348.0
14814,-18.25,1.75,10127235.0
14815,-18.0,1.75,10183874.0
14816,-17.75,1.75,10240505.0
14817,-17.5,1.75,10293339.0
14818,-17.25,1.75,10349934.0
14819,-17.0,1.75,10402741.0
14820,-16.75,1.75,10459300.0
14821,-16.5,1.75,10515848.0
14822,-16.25,1.75,10568599.0
14823,-61.75,1.5,576691.0
14824,-61.5,1.5,632218.0
14825,-61.25,1.5,684548.0
14826,-61.0,1.5,740637.0
14827,-60.75,1.5,793005.0
14828,-60.5,1.5,849137.0
14829,-60.25,1.5,901550.0
14830,-60.0,1.5,957726.0
14831,-59.75,1.5,1010173.0
14832,-59.5,1.5,1066395.0
14833,-59.25,1.5,1122636.0
14834,-59.0,1.5,1175143.0
14835,-58.75,1.5,1231425.0
14836,-58.5,1.5,1283975.0
14837,-58.25,1.5,1340294.0
14838,-58.0,1.5,1392879.0
14839,-57.75,1.5,1449243.0
14840,-57.5,1.5,1505621.0
14841,-57.25,1.5,1558263.0
14842,-57.0,1.5,1614683.0
14843,-56.75,1.5,1667353.0
14844,-56.5,1.5,1723813.0
14845,-56.25,1.5,1780286.0
14846,-56.0,1.5,1833012.0
14847,-55.75,1.5,1889525.0
14848,-55.5,1.5,1942278.0
14849,-55.25,1.5,1998828.0
14850,-55.0,1.5,2055386.0
14851,-54.75,1.5,2108196.0
14852,-54.5,1.5,2164791.0
14853,-54.25,1.5,2221402.0
14854,-54.0,1.5,2274259.0
14855,-53.75,1.5,2330900.0
14856,-53.5,1.5,2383788.0
14857,-53.25,1.5,2440459.0
14858,-53.0,1.5,2497155.0
14859,-52.75,1.5,2550077.0
14860,-52.5,1.5,2606798.0
14861,-52.25,1.5,2663488.0
14862,-52.0,1.5,2716389.0
14863,-51.75,1.5,2773033.0
14864,-51.5,1.5,2829655.0
14865,-51.25,1.5,2882480.0
14866,-51.0,1.5,2939054.0
14867,-50.75,1.5,2991842.0
14868,-50.5,1.5,3048364.0
14869,-50.25,1.5,3104876.0
14870,-50.0,1.5,3157592.0
14871,-49.75,1.5,3214061.0
14872,-49.5,1.5,3270504.0
14873,-49.25,1.5,3323162.0
14874,-49.0,1.5,3379571.0
14875,-48.75,1.5,3435949.0
14876,-48.5,1.5,3488559.0
14877,-48.25,1.5,3544906.0
14878,-48.0,1.5,3597469.0
14879,-47.75,1.5,3653787.0
14880,-47.5,1.5,3710078.0
14881,-47.25,1.5,3766343.0
14882,-47.0,1.5,3818858.0
14883,-46.75,1.5,3875099.0
14884,-46.5,1.5,3927566.0
14885,-46.25,1.5,3983783.0
14886,-46.0,1.5,4039975.0
14887,-45.75,1.5,4092400.0
14888,-45.5,1.5,4148565.0
14889,-45.25,1.5,4204722.0
14890,-45.0,1.5,4260852.0
14891,-44.75,1.5,4313220.0
14892,-44.5,1.5,4369338.0
14893,-44.25,1.5,4421699.0
14894,-44.0,1.5,4477777.0
14895,-43.75,1.5,4533842.0
14896,-43.5,1.5,4589905.0
14897,-43.25,1.5,4642222.0
14898,-43.0,1.5,4698263.0
14899,-42.75,1.5,4750546.0
14900,-42.5,1.5,4806556.0
14901,-42.25,1.5,4862571.0
14902,-42.0,1.5,4914848.0
14903,-41.75,1.5,4970834.0
14904,-41.5,1.5,5026815.0
14905,-41.25,1.5,5082778.0
14906,-41.0,1.5,5135004.0
14907,-40.75,1.5,5190982.0
14908,-40.5,1.5,5246932.0
14909,-40.25,1.5,5299153.0
14910,-40.0,1.5,5355097.0
14911,-39.75,1.5,5407290.0
14912,-39.5,1.5,5463210.0
14913,-39.25,1.5,5519131.0
14914,-39.0,1.5,5571309.0
14915,-38.75,1.5,5627221.0
14916,-38.5,1.5,5683142.0
14917,-38.25,1.5,5739062.0
14918,-38.0,1.5,5791253.0
14919,-37.75,1.5,5847167.0
14920,-37.5,1.5,5903057.0
14921,-37.25,1.5,5958947.0
14922,-37.0,1.5,6011111.0
14923,-36.75,1.5,6067001.0
14924,-36.5,1.5,6122891.0
14925,-36.25,1.5,6175055.0
14926,-36.0,1.5,6230945.0
14927,-35.75,1.5,6286835.0
14928,-35.5,1.5,6338999.0
14929,-35.25,1.5,6394889.0
14930,-35.0,1.5,6450779.0
14931,-34.75,1.5,6502943.0
14932,-34.5,1.5,6558833.0
14933,-34.25,1.5,6614723.0
14934,-34.0,1.5,6666910.0
14935,-33.75,1.5,6722831.0
14936,-33.5,1.5,6778751.0
14937,-33.25,1.5,6830942.0
14938,-33.0,1.5,6886857.0
14939,-32.75,1.5,6939036.0
14940,-32.5,1.5,6994955.0
14941,-32.25,1.5,7050875.0
14942,-32.0,1.5,7106794.0
14943,-31.75,1.5,7159013.0
14944,-31.5,1.5,7214962.0
14945,-31.25,1.5,7270913.0
14946,-31.0,1.5,7326893.0
14947,-30.75,1.5,7379118.0
14948,-30.5,1.5,7435084.0
14949,-30.25,1.5,7487331.0
14950,-30.0,1.5,7543318.0
14951,-29.75,1.5,7595593.0
14952,-29.5,1.5,7651609.0
14953,-29.25,1.5,7707622.0
14954,-29.0,1.5,7763640.0
14955,-28.75,1.5,7819679.0
14956,-28.5,1.5,7871999.0
14957,-28.25,1.5,7928063.0
14958,-28.0,1.5,7980391.0
14959,-27.75,1.5,8036468.0
14960,-27.5,1.5,8092567.0
14961,-27.25,1.5,8148689.0
14962,-27.0,1.5,8201058.0
14963,-26.75,1.5,8257188.0
14964,-26.5,1.5,8309602.0
14965,-26.25,1.5,8365769.0
14966,-26.0,1.5,8421939.0
14967,-25.75,1.5,8478132.0
14968,-25.5,1.5,8530602.0
14969,-25.25,1.5,8586820.0
14970,-25.0,1.5,8639310.0
14971,-24.75,1.5,8695576.0
14972,-24.5,1.5,8751843.0
14973,-24.25,1.5,8804381.0
14974,-24.0,1.5,8860700.0
14975,-23.75,1.5,8917019.0
14976,-23.5,1.5,8973369.0
14977,-23.25,1.5,9025981.0
14978,-23.0,1.5,9078600.0
14979,-22.75,1.5,9135008.0
14980,-22.5,1.5,9191430.0
14981,-22.25,1.5,9247874.0
14982,-22.0,1.5,9300581.0
14983,-21.75,1.5,9357060.0
14984,-21.5,1.5,9413573.0
14985,-21.25,1.5,9466330.0
14986,-21.0,1.5,9522887.0
14987,-20.75,1.5,9579465.0
14988,-20.5,1.5,9632291.0
14989,-20.25,1.5,9685141.0
14990,-20.0,1.5,9741785.0
14991,-19.75,1.5,9798464.0
14992,-19.5,1.5,9851375.0
14993,-19.25,1.5,9908098.0
14994,-19.0,1.5,9964796.0
14995,-18.75,1.5,10017713.0
14996,-18.5,1.5,10074382.0
14997,-18.25,1.5,10131045.0
14998,-18.0,1.5,10183908.0
14999,-17.75,1.5,10240538.0
15000,-17.5,1.5,10297147.0
15001,-17.25,1.5,10349969.0
15002,-17.0,1.5,10406547.0
15003,-16.75,1.5,10463104.0
15004,-16.5,1.5,10515882.0
15005,-16.25,1.5,10572402.0
15006,-61.75,1.25,573122.0
15007,-61.5,1.25,628517.0
15008,-61.25,1.25,684583.0
15009,-61.0,1.25,736932.0
15010,-60.75,1.25,793040.0
15011,-60.5,1.25,845430.0
15012,-60.25,1.25,901585.0
15013,-60.0,1.25,954015.0
15014,-59.75,1.25,1010208.0
15015,-59.5,1.25,1062681.0
15016,-59.25,1.25,1118921.0
15017,-59.0,1.25,1175177.0
15018,-58.75,1.25,1227707.0
15019,-58.5,1.25,1284009.0
15020,-58.25,1.25,1336572.0
15021,-58.0,1.25,1392914.0
15022,-57.75,1.25,1445519.0
15023,-57.5,1.25,1501895.0
15024,-57.25,1.25,1558297.0
15025,-57.0,1.25,1610955.0
15026,-56.75,1.25,1667387.0
15027,-56.5,1.25,1720084.0
15028,-56.25,1.25,1776554.0
15029,-56.0,1.25,1833046.0
15030,-55.75,1.25,1885791.0
15031,-55.5,1.25,1942313.0
15032,-55.25,1.25,1998861.0
15033,-55.0,1.25,2051648.0
15034,-54.75,1.25,2108230.0
15035,-54.5,1.25,2161051.0
15036,-54.25,1.25,2217662.0
15037,-54.0,1.25,2274293.0
15038,-53.75,1.25,2327159.0
15039,-53.5,1.25,2383822.0
15040,-53.25,1.25,2440493.0
15041,-53.0,1.25,2493410.0
15042,-52.75,1.25,2550111.0
15043,-52.5,1.25,2606832.0
15044,-52.25,1.25,2659744.0
15045,-52.0,1.25,2716423.0
15046,-51.75,1.25,2773067.0
15047,-51.5,1.25,2825915.0
15048,-51.25,1.25,2882515.0
15049,-51.0,1.25,2939089.0
15050,-50.75,1.25,2991877.0
15051,-50.5,1.25,3048397.0
15052,-50.25,1.25,3101144.0
15053,-50.0,1.25,3157626.0
15054,-49.75,1.25,3214094.0
15055,-49.5,1.25,3266776.0
15056,-49.25,1.25,3323196.0
15057,-49.0,1.25,3379605.0
15058,-48.75,1.25,3432225.0
15059,-48.5,1.25,3488593.0
15060,-48.25,1.25,3544941.0
15061,-48.0,1.25,3601257.0
15062,-47.75,1.25,3653821.0
15063,-47.5,1.25,3706360.0
15064,-47.25,1.25,3762625.0
15065,-47.0,1.25,3818892.0
15066,-46.75,1.25,3875132.0
15067,-46.5,1.25,3927601.0
15068,-46.25,1.25,3983817.0
15069,-46.0,1.25,4036263.0
15070,-45.75,1.25,4092433.0
15071,-45.5,1.25,4148599.0
15072,-45.25,1.25,4204755.0
15073,-45.0,1.25,4257144.0
15074,-44.75,1.25,4313254.0
15075,-44.5,1.25,4369373.0
15076,-44.25,1.25,4421732.0
15077,-44.0,1.25,4477811.0
15078,-43.75,1.25,4533875.0
15079,-43.5,1.25,4586201.0
15080,-43.25,1.25,4642256.0
15081,-43.0,1.25,4694561.0
15082,-42.75,1.25,4750579.0
15083,-42.5,1.25,4806590.0
15084,-42.25,1.25,4862605.0
15085,-42.0,1.25,4918616.0
15086,-41.75,1.25,4970868.0
15087,-41.5,1.25,5026848.0
15088,-41.25,1.25,5079082.0
15089,-41.0,1.25,5135037.0
15090,-40.75,1.25,5191017.0
15091,-40.5,1.25,5243236.0
15092,-40.25,1.25,5299186.0
15093,-40.0,1.25,5355132.0
15094,-39.75,1.25,5411052.0
15095,-39.5,1.25,5463244.0
15096,-39.25,1.25,5519165.0
15097,-39.0,1.25,5575069.0
15098,-38.75,1.25,5627256.0
15099,-38.5,1.25,5683175.0
15100,-38.25,1.25,5739095.0
15101,-38.0,1.25,5791288.0
15102,-37.75,1.25,5847200.0
15103,-37.5,1.25,5903090.0
15104,-37.25,1.25,5955255.0
15105,-37.0,1.25,6011145.0
15106,-36.75,1.25,6067034.0
15107,-36.5,1.25,6119199.0
15108,-36.25,1.25,6175089.0
15109,-36.0,1.25,6230978.0
15110,-35.75,1.25,6283143.0
15111,-35.5,1.25,6339033.0
15112,-35.25,1.25,6394922.0
15113,-35.0,1.25,6447087.0
15114,-34.75,1.25,6502977.0
15115,-34.5,1.25,6558866.0
15116,-34.25,1.25,6614756.0
15117,-34.0,1.25,6666945.0
15118,-33.75,1.25,6722864.0
15119,-33.5,1.25,6778784.0
15120,-33.25,1.25,6830977.0
15121,-33.0,1.25,6886891.0
15122,-32.75,1.25,6942798.0
15123,-32.5,1.25,6998717.0
15124,-32.25,1.25,7050909.0
15125,-32.0,1.25,7106829.0
15126,-31.75,1.25,7159046.0
15127,-31.5,1.25,7214996.0
15128,-31.25,1.25,7270948.0
15129,-31.0,1.25,7323194.0
15130,-30.75,1.25,7379152.0
15131,-30.5,1.25,7435117.0
15132,-30.25,1.25,7491097.0
15133,-30.0,1.25,7543352.0
15134,-29.75,1.25,7599361.0
15135,-29.5,1.25,7655379.0
15136,-29.25,1.25,7707655.0
15137,-29.0,1.25,7763674.0
15138,-28.75,1.25,7815977.0
15139,-28.5,1.25,7872033.0
15140,-28.25,1.25,7928096.0
15141,-28.0,1.25,7984163.0
15142,-27.75,1.25,8036501.0
15143,-27.5,1.25,8092602.0
15144,-27.25,1.25,8144983.0
15145,-27.0,1.25,8201092.0
15146,-26.75,1.25,8257221.0
15147,-26.5,1.25,8313380.0
15148,-26.25,1.25,8365802.0
15149,-26.0,1.25,8421973.0
15150,-25.75,1.25,8474418.0
15151,-25.5,1.25,8530637.0
15152,-25.25,1.25,8586853.0
15153,-25.0,1.25,8643094.0
15154,-24.75,1.25,8695610.0
15155,-24.5,1.25,8751877.0
15156,-24.25,1.25,8808169.0
15157,-24.0,1.25,8860734.0
15158,-23.75,1.25,8917054.0
15159,-23.5,1.25,8969645.0
15160,-23.25,1.25,9026015.0
15161,-23.0,1.25,9082394.0
15162,-22.75,1.25,9138804.0
15163,-22.5,1.25,9191464.0
15164,-22.25,1.25,9247907.0
15165,-22.0,1.25,9304379.0
15166,-21.75,1.25,9357094.0
15167,-21.5,1.25,9413606.0
15168,-21.25,1.25,9466365.0
15169,-21.0,1.25,9522922.0
15170,-20.75,1.25,9579500.0
15171,-20.5,1.25,9632325.0
15172,-20.25,1.25,9688950.0
15173,-20.0,1.25,9745597.0
15174,-19.75,1.25,9798498.0
15175,-19.5,1.25,9855189.0
15176,-19.25,1.25,9911912.0
15177,-19.0,1.25,9964831.0
15178,-18.75,1.25,10021525.0
15179,-18.5,1.25,10078194.0
15180,-18.25,1.25,10131080.0
15181,-18.0,1.25,10187718.0
15182,-17.75,1.25,10240572.0
15183,-17.5,1.25,10297181.0
15184,-17.25,1.25,10353775.0
15185,-17.0,1.25,10406581.0
15186,-16.75,1.25,10463137.0
15187,-16.5,1.25,10519686.0
15188,-16.25,1.25,10572436.0
15189,-61.75,1.0,573156.0
15190,-61.5,1.0,624816.0
15191,-61.25,1.0,680880.0
15192,-61.0,1.0,736966.0
15193,-60.75,1.0,789332.0
15194,-60.5,1.0,845464.0
15195,-60.25,1.0,897875.0
15196,-60.0,1.0,954049.0
15197,-59.75,1.0,1006495.0
15198,-59.5,1.0,1062716.0
15199,-59.25,1.0,1115206.0
15200,-59.0,1.0,1175212.0
15201,-58.75,1.0,1227742.0
15202,-58.5,1.0,1284044.0
15203,-58.25,1.0,1336607.0
15204,-58.0,1.0,1392949.0
15205,-57.75,1.0,1445555.0
15206,-57.5,1.0,1501931.0
15207,-57.25,1.0,1558332.0
15208,-57.0,1.0,1610990.0
15209,-56.75,1.0,1667422.0
15210,-56.5,1.0,1720119.0
15211,-56.25,1.0,1776589.0
15212,-56.0,1.0,1833081.0
15213,-55.75,1.0,1885826.0
15214,-55.5,1.0,1942348.0
15215,-55.25,1.0,1998896.0
15216,-55.0,1.0,2051683.0
15217,-54.75,1.0,2108265.0
15218,-54.5,1.0,2161087.0
15219,-54.25,1.0,2217697.0
15220,-54.0,1.0,2270551.0
15221,-53.75,1.0,2327193.0
15222,-53.5,1.0,2383855.0
15223,-53.25,1.0,2436749.0
15224,-53.0,1.0,2493444.0
15225,-52.75,1.0,2550144.0
15226,-52.5,1.0,2603086.0
15227,-52.25,1.0,2659778.0
15228,-52.0,1.0,2716456.0
15229,-51.75,1.0,2769327.0
15230,-51.5,1.0,2825949.0
15231,-51.25,1.0,2882548.0
15232,-51.0,1.0,2935351.0
15233,-50.75,1.0,2991911.0
15234,-50.5,1.0,3048433.0
15235,-50.25,1.0,3101179.0
15236,-50.0,1.0,3157661.0
15237,-49.75,1.0,3210364.0
15238,-49.5,1.0,3266810.0
15239,-49.25,1.0,3323229.0
15240,-49.0,1.0,3375879.0
15241,-48.75,1.0,3432258.0
15242,-48.5,1.0,3488627.0
15243,-48.25,1.0,3541219.0
15244,-48.0,1.0,3597537.0
15245,-47.75,1.0,3653856.0
15246,-47.5,1.0,3710146.0
15247,-47.25,1.0,3762659.0
15248,-47.0,1.0,3818925.0
15249,-46.75,1.0,3871418.0
15250,-46.5,1.0,3927634.0
15251,-46.25,1.0,3983851.0
15252,-46.0,1.0,4040043.0
15253,-45.75,1.0,4092468.0
15254,-45.5,1.0,4148632.0
15255,-45.25,1.0,4201047.0
15256,-45.0,1.0,4257177.0
15257,-44.75,1.0,4313288.0
15258,-44.5,1.0,4369406.0
15259,-44.25,1.0,4421767.0
15260,-44.0,1.0,4477844.0
15261,-43.75,1.0,4530173.0
15262,-43.5,1.0,4586234.0
15263,-43.25,1.0,4642290.0
15264,-43.0,1.0,4698331.0
15265,-42.75,1.0,4750614.0
15266,-42.5,1.0,4806623.0
15267,-42.25,1.0,4858905.0
15268,-42.0,1.0,4914916.0
15269,-41.75,1.0,4970902.0
15270,-41.5,1.0,5026883.0
15271,-41.25,1.0,5079115.0
15272,-41.0,1.0,5135071.0
15273,-40.75,1.0,5191050.0
15274,-40.5,1.0,5247000.0
15275,-40.25,1.0,5299220.0
15276,-40.0,1.0,5355165.0
15277,-39.75,1.0,5407358.0
15278,-39.5,1.0,5463278.0
15279,-39.25,1.0,5519198.0
15280,-39.0,1.0,5571377.0
15281,-38.75,1.0,5627289.0
15282,-38.5,1.0,5683209.0
15283,-38.25,1.0,5735401.0
15284,-38.0,1.0,5791321.0
15285,-37.75,1.0,5847235.0
15286,-37.5,1.0,5903125.0
15287,-37.25,1.0,5955288.0
15288,-37.0,1.0,6011179.0
15289,-36.75,1.0,6067069.0
15290,-36.5,1.0,6119232.0
15291,-36.25,1.0,6175123.0
15292,-36.0,1.0,6231013.0
15293,-35.75,1.0,6286903.0
15294,-35.5,1.0,6339066.0
15295,-35.25,1.0,6394957.0
15296,-35.0,1.0,6450847.0
15297,-34.75,1.0,6503010.0
15298,-34.5,1.0,6558901.0
15299,-34.25,1.0,6614791.0
15300,-34.0,1.0,6666978.0
15301,-33.75,1.0,6722898.0
15302,-33.5,1.0,6775090.0
15303,-33.25,1.0,6831010.0
15304,-33.0,1.0,6886925.0
15305,-32.75,1.0,6939103.0
15306,-32.5,1.0,6995023.0
15307,-32.25,1.0,7050943.0
15308,-32.0,1.0,7106862.0
15309,-31.75,1.0,7162810.0
15310,-31.5,1.0,7215030.0
15311,-31.25,1.0,7270981.0
15312,-31.0,1.0,7326960.0
15313,-30.75,1.0,7379185.0
15314,-30.5,1.0,7435152.0
15315,-30.25,1.0,7487399.0
15316,-30.0,1.0,7543386.0
15317,-29.75,1.0,7599395.0
15318,-29.5,1.0,7655412.0
15319,-29.25,1.0,7707690.0
15320,-29.0,1.0,7763708.0
15321,-28.75,1.0,7819747.0
15322,-28.5,1.0,7872066.0
15323,-28.25,1.0,7928130.0
15324,-28.0,1.0,7980458.0
15325,-27.75,1.0,8036536.0
15326,-27.5,1.0,8092635.0
15327,-27.25,1.0,8148757.0
15328,-27.0,1.0,8201125.0
15329,-26.75,1.0,8257255.0
15330,-26.5,1.0,8309669.0
15331,-26.25,1.0,8365837.0
15332,-26.0,1.0,8422007.0
15333,-25.75,1.0,8478200.0
15334,-25.5,1.0,8530670.0
15335,-25.25,1.0,8586887.0
15336,-25.0,1.0,8643127.0
15337,-24.75,1.0,8699396.0
15338,-24.5,1.0,8751911.0
15339,-24.25,1.0,8808204.0
15340,-24.0,1.0,8860768.0
15341,-23.75,1.0,8917088.0
15342,-23.5,1.0,8973437.0
15343,-23.25,1.0,9026048.0
15344,-23.0,1.0,9082428.0
15345,-22.75,1.0,9138837.0
15346,-22.5,1.0,9195260.0
15347,-22.25,1.0,9247941.0
15348,-22.0,1.0,9304414.0
15349,-21.75,1.0,9357129.0
15350,-21.5,1.0,9413642.0
15351,-21.25,1.0,9470169.0
15352,-21.0,1.0,9522956.0
15353,-20.75,1.0,9579533.0
15354,-20.5,1.0,9636133.0
15355,-20.25,1.0,9688984.0
15356,-20.0,1.0,9745630.0
15357,-19.75,1.0,9802310.0
15358,-19.5,1.0,9855223.0
15359,-19.25,1.0,9911945.0
15360,-19.0,1.0,9968645.0
15361,-18.75,1.0,10021559.0
15362,-18.5,1.0,10078227.0
15363,-18.25,1.0,10134890.0
15364,-18.0,1.0,10187752.0
15365,-17.75,1.0,10240607.0
15366,-17.5,1.0,10297217.0
15367,-17.25,1.0,10353810.0
15368,-17.0,1.0,10406616.0
15369,-16.75,1.0,10463172.0
15370,-16.5,1.0,10519721.0
15371,-16.25,1.0,10572471.0
15372,-61.75,0.75,569600.0
15373,-61.5,0.75,624851.0
15374,-61.25,0.75,677177.0
15375,-61.0,0.75,733262.0
15376,-60.75,0.75,789368.0
15377,-60.5,0.75,845499.0
15378,-60.25,0.75,897910.0
15379,-60.0,0.75,954084.0
15380,-59.75,0.75,1006530.0
15381,-59.5,0.75,1062751.0
15382,-59.25,0.75,1115241.0
15383,-59.0,0.75,1171496.0
15384,-58.75,0.75,1227777.0
15385,-58.5,0.75,1280324.0
15386,-58.25,0.75,1336641.0
15387,-58.0,0.75,1389227.0
15388,-57.75,0.75,1445589.0
15389,-57.5,0.75,1501965.0
15390,-57.25,0.75,1554607.0
15391,-57.0,0.75,1611024.0
15392,-56.75,0.75,1663694.0
15393,-56.5,0.75,1720153.0
15394,-56.25,0.75,1776624.0
15395,-56.0,0.75,1829349.0
15396,-55.75,0.75,1885860.0
15397,-55.5,0.75,1938614.0
15398,-55.25,0.75,1995161.0
15399,-55.0,0.75,2051717.0
15400,-54.75,0.75,2104527.0
15401,-54.5,0.75,2161120.0
15402,-54.25,0.75,2217731.0
15403,-54.0,0.75,2270586.0
15404,-53.75,0.75,2327228.0
15405,-53.5,0.75,2383890.0
15406,-53.25,0.75,2436784.0
15407,-53.0,0.75,2493479.0
15408,-52.75,0.75,2550179.0
15409,-52.5,0.75,2603121.0
15410,-52.25,0.75,2656035.0
15411,-52.0,0.75,2712712.0
15412,-51.75,0.75,2769361.0
15413,-51.5,0.75,2822209.0
15414,-51.25,0.75,2878810.0
15415,-51.0,0.75,2935385.0
15416,-50.75,0.75,2991944.0
15417,-50.5,0.75,3044699.0
15418,-50.25,0.75,3101213.0
15419,-50.0,0.75,3157694.0
15420,-49.75,0.75,3210399.0
15421,-49.5,0.75,3266844.0
15422,-49.25,0.75,3323264.0
15423,-49.0,0.75,3375914.0
15424,-48.75,0.75,3432292.0
15425,-48.5,0.75,3484903.0
15426,-48.25,0.75,3541252.0
15427,-48.0,0.75,3597571.0
15428,-47.75,0.75,3653889.0
15429,-47.5,0.75,3706428.0
15430,-47.25,0.75,3762693.0
15431,-47.0,0.75,3818960.0
15432,-46.75,0.75,3871453.0
15433,-46.5,0.75,3927668.0
15434,-46.25,0.75,3980137.0
15435,-46.0,0.75,4036331.0
15436,-45.75,0.75,4092502.0
15437,-45.5,0.75,4148666.0
15438,-45.25,0.75,4201082.0
15439,-45.0,0.75,4257212.0
15440,-44.75,0.75,4309581.0
15441,-44.5,0.75,4365700.0
15442,-44.25,0.75,4421801.0
15443,-44.0,0.75,4477878.0
15444,-43.75,0.75,4533943.0
15445,-43.5,0.75,4586269.0
15446,-43.25,0.75,4642323.0
15447,-43.0,0.75,4694628.0
15448,-42.75,0.75,4750647.0
15449,-42.5,0.75,4806658.0
15450,-42.25,0.75,4862673.0
15451,-42.0,0.75,4914949.0
15452,-41.75,0.75,4970936.0
15453,-41.5,0.75,5026916.0
15454,-41.25,0.75,5079150.0
15455,-41.0,0.75,5135105.0
15456,-40.75,0.75,5187353.0
15457,-40.5,0.75,5243304.0
15458,-40.25,0.75,5299254.0
15459,-40.0,0.75,5355200.0
15460,-39.75,0.75,5407391.0
15461,-39.5,0.75,5463312.0
15462,-39.25,0.75,5519232.0
15463,-39.0,0.75,5575136.0
15464,-38.75,0.75,5627323.0
15465,-38.5,0.75,5683243.0
15466,-38.25,0.75,5739163.0
15467,-38.0,0.75,5791356.0
15468,-37.75,0.75,5847268.0
15469,-37.5,0.75,5903158.0
15470,-37.25,0.75,5955323.0
15471,-37.0,0.75,6011212.0
15472,-36.75,0.75,6067102.0
15473,-36.5,0.75,6119267.0
15474,-36.25,0.75,6175157.0
15475,-36.0,0.75,6231046.0
15476,-35.75,0.75,6283211.0
15477,-35.5,0.75,6339101.0
15478,-35.25,0.75,6394990.0
15479,-35.0,0.75,6450880.0
15480,-34.75,0.75,6503045.0
15481,-34.5,0.75,6558934.0
15482,-34.25,0.75,6614824.0
15483,-34.0,0.75,6667013.0
15484,-33.75,0.75,6722932.0
15485,-33.5,0.75,6778852.0
15486,-33.25,0.75,6834772.0
15487,-33.0,0.75,6886958.0
15488,-32.75,0.75,6942865.0
15489,-32.5,0.75,6998785.0
15490,-32.25,0.75,7050976.0
15491,-32.0,0.75,7106897.0
15492,-31.75,0.75,7159114.0
15493,-31.5,0.75,7215064.0
15494,-31.25,0.75,7271014.0
15495,-31.0,0.75,7323262.0
15496,-30.75,0.75,7379220.0
15497,-30.5,0.75,7435185.0
15498,-30.25,0.75,7491165.0
15499,-30.0,0.75,7547153.0
15500,-29.75,0.75,7599429.0
15501,-29.5,0.75,7655447.0
15502,-29.25,0.75,7707723.0
15503,-29.0,0.75,7763741.0
15504,-28.75,0.75,7819780.0
15505,-28.5,0.75,7872101.0
15506,-28.25,0.75,7928164.0
15507,-28.0,0.75,7984230.0
15508,-27.75,0.75,8040310.0
15509,-27.5,0.75,8092669.0
15510,-27.25,0.75,8148790.0
15511,-27.0,0.75,8201160.0
15512,-26.75,0.75,8257290.0
15513,-26.5,0.75,8313447.0
15514,-26.25,0.75,8369615.0
15515,-26.0,0.75,8422041.0
15516,-25.75,0.75,8478234.0
15517,-25.5,0.75,8534450.0
15518,-25.25,0.75,8586922.0
15519,-25.0,0.75,8643162.0
15520,-24.75,0.75,8695678.0
15521,-24.5,0.75,8751945.0
15522,-24.25,0.75,8808237.0
15523,-24.0,0.75,8864557.0
15524,-23.75,0.75,8917121.0
15525,-23.5,0.75,8973471.0
15526,-23.25,0.75,9029840.0
15527,-23.0,0.75,9082463.0
15528,-22.75,0.75,9138872.0
15529,-22.5,0.75,9191532.0
15530,-22.25,0.75,9247976.0
15531,-22.0,0.75,9304447.0
15532,-21.75,0.75,9360929.0
15533,-21.5,0.75,9413676.0
15534,-21.25,0.75,9470202.0
15535,-21.0,0.75,9526762.0
15536,-20.75,0.75,9579567.0
15537,-20.5,0.75,9636167.0
15538,-20.25,0.75,9692794.0
15539,-20.0,0.75,9745664.0
15540,-19.75,0.75,9802345.0
15541,-19.5,0.75,9855258.0
15542,-19.25,0.75,9911980.0
15543,-19.0,0.75,9968680.0
15544,-18.75,0.75,10021594.0
15545,-18.5,0.75,10078262.0
15546,-18.25,0.75,10134925.0
15547,-18.0,0.75,10187787.0
15548,-17.75,0.75,10244415.0
15549,-17.5,0.75,10297250.0
15550,-17.25,0.75,10353844.0
15551,-17.0,0.75,10410422.0
15552,-16.75,0.75,10463207.0
15553,-16.5,0.75,10519755.0
15554,-16.25,0.75,10576273.0
15555,-61.75,0.5,569635.0
15556,-61.5,0.5,624886.0
15557,-61.25,0.5,677212.0
15558,-61.0,0.5,733297.0
15559,-60.75,0.5,785661.0
15560,-60.5,0.5,841792.0
15561,-60.25,0.5,897945.0
15562,-60.0,0.5,950373.0
15563,-59.75,0.5,1006564.0
15564,-59.5,0.5,1059037.0
15565,-59.25,0.5,1115275.0
15566,-59.0,0.5,1167778.0
15567,-58.75,0.5,1224059.0
15568,-58.5,0.5,1280359.0
15569,-58.25,0.5,1332920.0
15570,-58.0,0.5,1389261.0
15571,-57.75,0.5,1441865.0
15572,-57.5,0.5,1498239.0
15573,-57.25,0.5,1554641.0
15574,-57.0,0.5,1607297.0
15575,-56.75,0.5,1663728.0
15576,-56.5,0.5,1720186.0
15577,-56.25,0.5,1772892.0
15578,-56.0,0.5,1829384.0
15579,-55.75,0.5,1882126.0
15580,-55.5,0.5,1938647.0
15581,-55.25,0.5,1995195.0
15582,-55.0,0.5,2047980.0
15583,-54.75,0.5,2104561.0
15584,-54.5,0.5,2161154.0
15585,-54.25,0.5,2213992.0
15586,-54.0,0.5,2270620.0
15587,-53.75,0.5,2327261.0
15588,-53.5,0.5,2380147.0
15589,-53.25,0.5,2436818.0
15590,-53.0,0.5,2493512.0
15591,-52.75,0.5,2546433.0
15592,-52.5,0.5,2603155.0
15593,-52.25,0.5,2659847.0
15594,-52.0,0.5,2712747.0
15595,-51.75,0.5,2769396.0
15596,-51.5,0.5,2826017.0
15597,-51.25,0.5,2878845.0
15598,-51.0,0.5,2931648.0
15599,-50.75,0.5,2988208.0
15600,-50.5,0.5,3044733.0
15601,-50.25,0.5,3101246.0
15602,-50.0,0.5,3153964.0
15603,-49.75,0.5,3210433.0
15604,-49.5,0.5,3266878.0
15605,-49.25,0.5,3319536.0
15606,-49.0,0.5,3375947.0
15607,-48.75,0.5,3432327.0
15608,-48.5,0.5,3488695.0
15609,-48.25,0.5,3541287.0
15610,-48.0,0.5,3593851.0
15611,-47.75,0.5,3650169.0
15612,-47.5,0.5,3706462.0
15613,-47.25,0.5,3762727.0
15614,-47.0,0.5,3815244.0
15615,-46.75,0.5,3871486.0
15616,-46.5,0.5,3927703.0
15617,-46.25,0.5,3983919.0
15618,-46.0,0.5,4036365.0
15619,-45.75,0.5,4092535.0
15620,-45.5,0.5,4144956.0
15621,-45.25,0.5,4201115.0
15622,-45.0,0.5,4257246.0
15623,-44.75,0.5,4313355.0
15624,-44.5,0.5,4365735.0
15625,-44.25,0.5,4421834.0
15626,-44.0,0.5,4474174.0
15627,-43.75,0.5,4530241.0
15628,-43.5,0.5,4586303.0
15629,-43.25,0.5,4642358.0
15630,-43.0,0.5,4698398.0
15631,-42.75,0.5,4750681.0
15632,-42.5,0.5,4806691.0
15633,-42.25,0.5,4858973.0
15634,-42.0,0.5,4914983.0
15635,-41.75,0.5,4970971.0
15636,-41.5,0.5,5023218.0
15637,-41.25,0.5,5079183.0
15638,-41.0,0.5,5135139.0
15639,-40.75,0.5,5191117.0
15640,-40.5,0.5,5243337.0
15641,-40.25,0.5,5299288.0
15642,-40.0,0.5,5355233.0
15643,-39.75,0.5,5407426.0
15644,-39.5,0.5,5463346.0
15645,-39.25,0.5,5519265.0
15646,-39.0,0.5,5571444.0
15647,-38.75,0.5,5627356.0
15648,-38.5,0.5,5683277.0
15649,-38.25,0.5,5735469.0
15650,-38.0,0.5,5791389.0
15651,-37.75,0.5,5847302.0
15652,-37.5,0.5,5899466.0
15653,-37.25,0.5,5955356.0
15654,-37.0,0.5,6011246.0
15655,-36.75,0.5,6067137.0
15656,-36.5,0.5,6119300.0
15657,-36.25,0.5,6175190.0
15658,-36.0,0.5,6231081.0
15659,-35.75,0.5,6283244.0
15660,-35.5,0.5,6339134.0
15661,-35.25,0.5,6395025.0
15662,-35.0,0.5,6447188.0
15663,-34.75,0.5,6503078.0
15664,-34.5,0.5,6558968.0
15665,-34.25,0.5,6611132.0
15666,-34.0,0.5,6667046.0
15667,-33.75,0.5,6722966.0
15668,-33.5,0.5,6775158.0
15669,-33.25,0.5,6831077.0
15670,-33.0,0.5,6886992.0
15671,-32.75,0.5,6942898.0
15672,-32.5,0.5,6995091.0
15673,-32.25,0.5,7051011.0
15674,-32.0,0.5,7106930.0
15675,-31.75,0.5,7162878.0
15676,-31.5,0.5,7218827.0
15677,-31.25,0.5,7271048.0
15678,-31.0,0.5,7327028.0
15679,-30.75,0.5,7379253.0
15680,-30.5,0.5,7435219.0
15681,-30.25,0.5,7491200.0
15682,-30.0,0.5,7543453.0
15683,-29.75,0.5,7599463.0
15684,-29.5,0.5,7655480.0
15685,-29.25,0.5,7711491.0
15686,-29.0,0.5,7763775.0
15687,-28.75,0.5,7819815.0
15688,-28.5,0.5,7875873.0
15689,-28.25,0.5,7928198.0
15690,-28.0,0.5,7984264.0
15691,-27.75,0.5,8040343.0
15692,-27.5,0.5,8092704.0
15693,-27.25,0.5,8148824.0
15694,-27.0,0.5,8204936.0
15695,-26.75,0.5,8257323.0
15696,-26.5,0.5,8313481.0
15697,-26.25,0.5,8369648.0
15698,-26.0,0.5,8425821.0
15699,-25.75,0.5,8478268.0
15700,-25.5,0.5,8534485.0
15701,-25.25,0.5,8586955.0
15702,-25.0,0.5,8643196.0
15703,-24.75,0.5,8699464.0
15704,-24.5,0.5,8755731.0
15705,-24.25,0.5,8808271.0
15706,-24.0,0.5,8864591.0
15707,-23.75,0.5,8917156.0
15708,-23.5,0.5,8973505.0
15709,-23.25,0.5,9029875.0
15710,-23.0,0.5,9082496.0
15711,-22.75,0.5,9138906.0
15712,-22.5,0.5,9195328.0
15713,-22.25,0.5,9251774.0
15714,-22.0,0.5,9304481.0
15715,-21.75,0.5,9360962.0
15716,-21.5,0.5,9417479.0
15717,-21.25,0.5,9470236.0
15718,-21.0,0.5,9526797.0
15719,-20.75,0.5,9579602.0
15720,-20.5,0.5,9636201.0
15721,-20.25,0.5,9692829.0
15722,-20.0,0.5,9745699.0
15723,-19.75,0.5,9802379.0
15724,-19.5,0.5,9859073.0
15725,-19.25,0.5,9912014.0
15726,-19.0,0.5,9968713.0
15727,-18.75,0.5,10025406.0
15728,-18.5,0.5,10078297.0
15729,-18.25,0.5,10134958.0
15730,-18.0,0.5,10191597.0
15731,-17.75,0.5,10244450.0
15732,-17.5,0.5,10301058.0
15733,-17.25,0.5,10357650.0
15734,-17.0,0.5,10410457.0
15735,-16.75,0.5,10467011.0
15736,-16.5,0.5,10519788.0
15737,-16.25,0.5,10576307.0
15738,-61.75,0.25,569669.0
15739,-61.5,0.25,621184.0
15740,-61.25,0.25,677246.0
15741,-61.0,0.25,729591.0
15742,-60.75,0.25,785695.0
15743,-60.5,0.25,841826.0
15744,-60.25,0.25,894235.0
15745,-60.0,0.25,950407.0
15746,-59.75,0.25,1002853.0
15747,-59.5,0.25,1059072.0
15748,-59.25,0.25,1111560.0
15749,-59.0,0.25,1167812.0
15750,-58.75,0.25,1224093.0
15751,-58.5,0.25,1276639.0
15752,-58.25,0.25,1332954.0
15753,-58.0,0.25,1385540.0
15754,-57.75,0.25,1441899.0
15755,-57.5,0.25,1498273.0
15756,-57.25,0.25,1550915.0
15757,-57.0,0.25,1607331.0
15758,-56.75,0.25,1660001.0
15759,-56.5,0.25,1716456.0
15760,-56.25,0.25,1772926.0
15761,-56.0,0.25,1825652.0
15762,-55.75,0.25,1882161.0
15763,-55.5,0.25,1938681.0
15764,-55.25,0.25,1991459.0
15765,-55.0,0.25,2048014.0
15766,-54.75,0.25,2104594.0
15767,-54.5,0.25,2157414.0
15768,-54.25,0.25,2214026.0
15769,-54.0,0.25,2266878.0
15770,-53.75,0.25,2323519.0
15771,-53.5,0.25,2380181.0
15772,-53.25,0.25,2433074.0
15773,-53.0,0.25,2489766.0
15774,-52.75,0.25,2546468.0
15775,-52.5,0.25,2599409.0
15776,-52.25,0.25,2656103.0
15777,-52.0,0.25,2712781.0
15778,-51.75,0.25,2769429.0
15779,-51.5,0.25,2822277.0
15780,-51.25,0.25,2878879.0
15781,-51.0,0.25,2935454.0
15782,-50.75,0.25,2988243.0
15783,-50.5,0.25,3044768.0
15784,-50.25,0.25,3101281.0
15785,-50.0,0.25,3153998.0
15786,-49.75,0.25,3210466.0
15787,-49.5,0.25,3263150.0
15788,-49.25,0.25,3319569.0
15789,-49.0,0.25,3375981.0
15790,-48.75,0.25,3428603.0
15791,-48.5,0.25,3484971.0
15792,-48.25,0.25,3541321.0
15793,-48.0,0.25,3597639.0
15794,-47.75,0.25,3650204.0
15795,-47.5,0.25,3706496.0
15796,-47.25,0.25,3759010.0
15797,-47.0,0.25,3815277.0
15798,-46.75,0.25,3871520.0
15799,-46.5,0.25,3927736.0
15800,-46.25,0.25,3980205.0
15801,-46.0,0.25,4036399.0
15802,-45.75,0.25,4092570.0
15803,-45.5,0.25,4144989.0
15804,-45.25,0.25,4201149.0
15805,-45.0,0.25,4257279.0
15806,-44.75,0.25,4309649.0
15807,-44.5,0.25,4365768.0
15808,-44.25,0.25,4421869.0
15809,-44.0,0.25,4477946.0
15810,-43.75,0.25,4530275.0
15811,-43.5,0.25,4586336.0
15812,-43.25,0.25,4638656.0
15813,-43.0,0.25,4694696.0
15814,-42.75,0.25,4750715.0
15815,-42.5,0.25,4802991.0
15816,-42.25,0.25,4859006.0
15817,-42.0,0.25,4915017.0
15818,-41.75,0.25,4971003.0
15819,-41.5,0.25,5026984.0
15820,-41.25,0.25,5079217.0
15821,-41.0,0.25,5135172.0
15822,-40.75,0.25,5187421.0
15823,-40.5,0.25,5243371.0
15824,-40.25,0.25,5299322.0
15825,-40.0,0.25,5351539.0
15826,-39.75,0.25,5407459.0
15827,-39.5,0.25,5463380.0
15828,-39.25,0.25,5519300.0
15829,-39.0,0.25,5571477.0
15830,-38.75,0.25,5627390.0
15831,-38.5,0.25,5683310.0
15832,-38.25,0.25,5739230.0
15833,-38.0,0.25,5791423.0
15834,-37.75,0.25,5847336.0
15835,-37.5,0.25,5903226.0
15836,-37.25,0.25,5955391.0
15837,-37.0,0.25,6011280.0
15838,-36.75,0.25,6067170.0
15839,-36.5,0.25,6119335.0
15840,-36.25,0.25,6175224.0
15841,-36.0,0.25,6231114.0
15842,-35.75,0.25,6287004.0
15843,-35.5,0.25,6339169.0
15844,-35.25,0.25,6395058.0
15845,-35.0,0.25,6450948.0
15846,-34.75,0.25,6503113.0
15847,-34.5,0.25,6559002.0
15848,-34.25,0.25,6614892.0
15849,-34.0,0.25,6670808.0
15850,-33.75,0.25,6722999.0
15851,-33.5,0.25,6778919.0
15852,-33.25,0.25,6834839.0
15853,-33.0,0.25,6887025.0
15854,-32.75,0.25,6942933.0
15855,-32.5,0.25,6998853.0
15856,-32.25,0.25,7051044.0
15857,-32.0,0.25,7106964.0
15858,-31.75,0.25,7159182.0
15859,-31.5,0.25,7215131.0
15860,-31.25,0.25,7271082.0
15861,-31.0,0.25,7327061.0
15862,-30.75,0.25,7383017.0
15863,-30.5,0.25,7435253.0
15864,-30.25,0.25,7491232.0
15865,-30.0,0.25,7547221.0
15866,-29.75,0.25,7599496.0
15867,-29.5,0.25,7655514.0
15868,-29.25,0.25,7707791.0
15869,-29.0,0.25,7763809.0
15870,-28.75,0.25,7819849.0
15871,-28.5,0.25,7875906.0
15872,-28.25,0.25,7931968.0
15873,-28.0,0.25,7984298.0
15874,-27.75,0.25,8040378.0
15875,-27.5,0.25,8092737.0
15876,-27.25,0.25,8148858.0
15877,-27.0,0.25,8204969.0
15878,-26.75,0.25,8261100.0
15879,-26.5,0.25,8313514.0
15880,-26.25,0.25,8369683.0
15881,-26.0,0.25,8422109.0
15882,-25.75,0.25,8478302.0
15883,-25.5,0.25,8534518.0
15884,-25.25,0.25,8590737.0
15885,-25.0,0.25,8643229.0
15886,-24.75,0.25,8699498.0
15887,-24.5,0.25,8752013.0
15888,-24.25,0.25,8808306.0
15889,-24.0,0.25,8864625.0
15890,-23.75,0.25,8920946.0
15891,-23.5,0.25,8973539.0
15892,-23.25,0.25,9029909.0
15893,-23.0,0.25,9086290.0
15894,-22.75,0.25,9138939.0
15895,-22.5,0.25,9195362.0
15896,-22.25,0.25,9251807.0
15897,-22.0,0.25,9308279.0
15898,-21.75,0.25,9360997.0
15899,-21.5,0.25,9417514.0
15900,-21.25,0.25,9470271.0
15901,-21.0,0.25,9526831.0
15902,-20.75,0.25,9583408.0
15903,-20.5,0.25,9636235.0
15904,-20.25,0.25,9692862.0
15905,-20.0,0.25,9749511.0
15906,-19.75,0.25,9802413.0
15907,-19.5,0.25,9859107.0
15908,-19.25,0.25,9915829.0
15909,-19.0,0.25,9968747.0
15910,-18.75,0.25,10025440.0
15911,-18.5,0.25,10082109.0
15912,-18.25,0.25,10134992.0
15913,-18.0,0.25,10191631.0
15914,-17.75,0.25,10248258.0
15915,-17.5,0.25,10301092.0
15916,-17.25,0.25,10357683.0
15917,-17.0,0.25,10414263.0
15918,-16.75,0.25,10467045.0
15919,-16.5,0.25,10523590.0
15920,-16.25,0.25,10580110.0
15921,-61.75,0.0,566130.0
15922,-61.5,0.0,621219.0
15923,-61.25,0.0,673543.0
15924,-61.0,0.0,729626.0
15925,-60.75,0.0,781988.0
15926,-60.5,0.0,838119.0
15927,-60.25,0.0,894269.0
15928,-60.0,0.0,950442.0
15929,-59.75,0.0,1002888.0
15930,-59.5,0.0,1059107.0
15931,-59.25,0.0,1111595.0
15932,-59.0,0.0,1167848.0
15933,-58.75,0.0,1224129.0
15934,-58.5,0.0,1276674.0
15935,-58.25,0.0,1332989.0
15936,-58.0,0.0,1385575.0
15937,-57.75,0.0,1441935.0
15938,-57.5,0.0,1498309.0
15939,-57.25,0.0,1550950.0
15940,-57.0,0.0,1607366.0
15941,-56.75,0.0,1660036.0
15942,-56.5,0.0,1716492.0
15943,-56.25,0.0,1772961.0
15944,-56.0,0.0,1825687.0
15945,-55.75,0.0,1882196.0
15946,-55.5,0.0,1938716.0
15947,-55.25,0.0,1991494.0
15948,-55.0,0.0,2048049.0
15949,-54.75,0.0,2104630.0
15950,-54.5,0.0,2157449.0
15951,-54.25,0.0,2214061.0
15952,-54.0,0.0,2270689.0
15953,-53.75,0.0,2323554.0
15954,-53.5,0.0,2380216.0
15955,-53.25,0.0,2436886.0
15956,-53.0,0.0,2489800.0
15957,-52.75,0.0,2542722.0
15958,-52.5,0.0,2599442.0
15959,-52.25,0.0,2656137.0
15960,-52.0,0.0,2709037.0
15961,-51.75,0.0,2765687.0
15962,-51.5,0.0,2822312.0
15963,-51.25,0.0,2878912.0
15964,-51.0,0.0,2931716.0
15965,-50.75,0.0,2988277.0
15966,-50.5,0.0,3044801.0
15967,-50.25,0.0,3097549.0
15968,-50.0,0.0,3154032.0
15969,-49.75,0.0,3210501.0
15970,-49.5,0.0,3263185.0
15971,-49.25,0.0,3319604.0
15972,-49.0,0.0,3372255.0
15973,-48.75,0.0,3428636.0
15974,-48.5,0.0,3485005.0
15975,-48.25,0.0,3541354.0
15976,-48.0,0.0,3593919.0
15977,-47.75,0.0,3650237.0
15978,-47.5,0.0,3706530.0
15979,-47.25,0.0,3762795.0
15980,-47.0,0.0,3815312.0
15981,-46.75,0.0,3867805.0
15982,-46.5,0.0,3924024.0
15983,-46.25,0.0,3980239.0
15984,-46.0,0.0,4036433.0
15985,-45.75,0.0,4092603.0
15986,-45.5,0.0,4145024.0
15987,-45.25,0.0,4201183.0
15988,-45.0,0.0,4257314.0
15989,-44.75,0.0,4309682.0
15990,-44.5,0.0,4365802.0
15991,-44.25,0.0,4421902.0
15992,-44.0,0.0,4474242.0
15993,-43.75,0.0,4530308.0
15994,-43.5,0.0,4586371.0
15995,-43.25,0.0,4638689.0
15996,-43.0,0.0,4694730.0
15997,-42.75,0.0,4750748.0
15998,-42.5,0.0,4806759.0
15999,-42.25,0.0,4859041.0
16000,-42.0,0.0,4915050.0
16001,-41.75,0.0,4967305.0
16002,-41.5,0.0,5023286.0
16003,-41.25,0.0,5079251.0
16004,-41.0,0.0,5135207.0
16005,-40.75,0.0,5187454.0
16006,-40.5,0.0,5243405.0
16007,-40.25,0.0,5299355.0
16008,-40.0,0.0,5355301.0
16009,-39.75,0.0,5407494.0
16010,-39.5,0.0,5463413.0
16011,-39.25,0.0,5519333.0
16012,-39.0,0.0,5571512.0
16013,-38.75,0.0,5627424.0
16014,-38.5,0.0,5683343.0
16015,-38.25,0.0,5735536.0
16016,-38.0,0.0,5791456.0
16017,-37.75,0.0,5847370.0
16018,-37.5,0.0,5899534.0
16019,-37.25,0.0,5955424.0
16020,-37.0,0.0,6011314.0
16021,-36.75,0.0,6063478.0
16022,-36.5,0.0,6119368.0
16023,-36.25,0.0,6175258.0
16024,-36.0,0.0,6231149.0
16025,-35.75,0.0,6283312.0
16026,-35.5,0.0,6339202.0
16027,-35.25,0.0,6395092.0
16028,-35.0,0.0,6447256.0
16029,-34.75,0.0,6503146.0
16030,-34.5,0.0,6559036.0
16031,-34.25,0.0,6611200.0
16032,-34.0,0.0,6667113.0
16033,-33.75,0.0,6723033.0
16034,-33.5,0.0,6778952.0
16035,-33.25,0.0,6831145.0
16036,-33.0,0.0,6887060.0
16037,-32.75,0.0,6942966.0
16038,-32.5,0.0,6998886.0
16039,-32.25,0.0,7051079.0
16040,-32.0,0.0,7106998.0
16041,-31.75,0.0,7162945.0
16042,-31.5,0.0,7218895.0
16043,-31.25,0.0,7271115.0
16044,-31.0,0.0,7327096.0
16045,-30.75,0.0,7379321.0
16046,-30.5,0.0,7435287.0
16047,-30.25,0.0,7491266.0
16048,-30.0,0.0,7547254.0
16049,-29.75,0.0,7599531.0
16050,-29.5,0.0,7655548.0
16051,-29.25,0.0,7711558.0
16052,-29.0,0.0,7767579.0
16053,-28.75,0.0,7819882.0
16054,-28.5,0.0,7875941.0
16055,-28.25,0.0,7928265.0
16056,-28.0,0.0,7984332.0
16057,-27.75,0.0,8040411.0
16058,-27.5,0.0,8096511.0
16059,-27.25,0.0,8148891.0
16060,-27.0,0.0,8205004.0
16061,-26.75,0.0,8257391.0
16062,-26.5,0.0,8313549.0
16063,-26.25,0.0,8369716.0
16064,-26.0,0.0,8425889.0
16065,-25.75,0.0,8482084.0
16066,-25.5,0.0,8534552.0
16067,-25.25,0.0,8590770.0
16068,-25.0,0.0,8643264.0
16069,-24.75,0.0,8699532.0
16070,-24.5,0.0,8755799.0
16071,-24.25,0.0,8808339.0
16072,-24.0,0.0,8864659.0
16073,-23.75,0.0,8920979.0
16074,-23.5,0.0,8977331.0
16075,-23.25,0.0,9029942.0
16076,-23.0,0.0,9086324.0
16077,-22.75,0.0,9138974.0
16078,-22.5,0.0,9195397.0
16079,-22.25,0.0,9251842.0
16080,-22.0,0.0,9304549.0
16081,-21.75,0.0,9361031.0
16082,-21.5,0.0,9417547.0
16083,-21.25,0.0,9474075.0
16084,-21.0,0.0,9526865.0
16085,-20.75,0.0,9583441.0
16086,-20.5,0.0,9640044.0
16087,-20.25,0.0,9692896.0
16088,-20.0,0.0,9749545.0
16089,-19.75,0.0,9806225.0
16090,-19.5,0.0,9859140.0
16091,-19.25,0.0,9915863.0
16092,-19.0,0.0,9972561.0
16093,-18.75,0.0,10025474.0
16094,-18.5,0.0,10082144.0
16095,-18.25,0.0,10135027.0
16096,-18.0,0.0,10191666.0
16097,-17.75,0.0,10248293.0
16098,-17.5,0.0,10301127.0
16099,-17.25,0.0,10357719.0
16100,-17.0,0.0,10414298.0
16101,-16.75,0.0,10467080.0
16102,-16.5,0.0,10523625.0
16103,-16.25,0.0,10580145.0
16104,-61.75,-0.25,566165.0
16105,-61.5,-0.25,621254.0
16106,-61.25,-0.25,673578.0
16107,-61.0,-0.25,729661.0
16108,-60.75,-0.25,782023.0
16109,-60.5,-0.25,838155.0
16110,-60.25,-0.25,894305.0
16111,-60.0,-0.25,946731.0
16112,-59.75,-0.25,1002922.0
16113,-59.5,-0.25,1055393.0
16114,-59.25,-0.25,1111629.0
16115,-59.0,-0.25,1164131.0
16116,-58.75,-0.25,1220411.0
16117,-58.5,-0.25,1276709.0
16118,-58.25,-0.25,1329267.0
16119,-58.0,-0.25,1385609.0
16120,-57.75,-0.25,1441968.0
16121,-57.5,-0.25,1494583.0
16122,-57.25,-0.25,1550985.0
16123,-57.0,-0.25,1603638.0
16124,-56.75,-0.25,1660069.0
16125,-56.5,-0.25,1716526.0
16126,-56.25,-0.25,1769230.0
16127,-56.0,-0.25,1825721.0
16128,-55.75,-0.25,1882229.0
16129,-55.5,-0.25,1934983.0
16130,-55.25,-0.25,1991528.0
16131,-55.0,-0.25,2048082.0
16132,-54.75,-0.25,2100892.0
16133,-54.5,-0.25,2157483.0
16134,-54.25,-0.25,2210321.0
16135,-54.0,-0.25,2266947.0
16136,-53.75,-0.25,2323588.0
16137,-53.5,-0.25,2376472.0
16138,-53.25,-0.25,2433143.0
16139,-53.0,-0.25,2489835.0
16140,-52.75,-0.25,2546536.0
16141,-52.5,-0.25,2599477.0
16142,-52.25,-0.25,2656172.0
16143,-52.0,-0.25,2712850.0
16144,-51.75,-0.25,2765722.0
16145,-51.5,-0.25,2822347.0
16146,-51.25,-0.25,2875174.0
16147,-51.0,-0.25,2931750.0
16148,-50.75,-0.25,2988310.0
16149,-50.5,-0.25,3041067.0
16150,-50.25,-0.25,3097583.0
16151,-50.0,-0.25,3154066.0
16152,-49.75,-0.25,3206771.0
16153,-49.5,-0.25,3263218.0
16154,-49.25,-0.25,3319638.0
16155,-49.0,-0.25,3376049.0
16156,-48.75,-0.25,3428671.0
16157,-48.5,-0.25,3485040.0
16158,-48.25,-0.25,3537632.0
16159,-48.0,-0.25,3593953.0
16160,-47.75,-0.25,3650271.0
16161,-47.5,-0.25,3702812.0
16162,-47.25,-0.25,3759078.0
16163,-47.0,-0.25,3815346.0
16164,-46.75,-0.25,3871587.0
16165,-46.5,-0.25,3924059.0
16166,-46.25,-0.25,3980273.0
16167,-46.0,-0.25,4032721.0
16168,-45.75,-0.25,4088893.0
16169,-45.5,-0.25,4145058.0
16170,-45.25,-0.25,4201217.0
16171,-45.0,-0.25,4253606.0
16172,-44.75,-0.25,4309717.0
16173,-44.5,-0.25,4365836.0
16174,-44.25,-0.25,4418196.0
16175,-44.0,-0.25,4474275.0
16176,-43.75,-0.25,4530342.0
16177,-43.5,-0.25,4586404.0
16178,-43.25,-0.25,4638724.0
16179,-43.0,-0.25,4694764.0
16180,-42.75,-0.25,4750781.0
16181,-42.5,-0.25,4803059.0
16182,-42.25,-0.25,4859074.0
16183,-42.0,-0.25,4915085.0
16184,-41.75,-0.25,4971071.0
16185,-41.5,-0.25,5023319.0
16186,-41.25,-0.25,5079285.0
16187,-41.0,-0.25,5135240.0
16188,-40.75,-0.25,5187489.0
16189,-40.5,-0.25,5243439.0
16190,-40.25,-0.25,5299388.0
16191,-40.0,-0.25,5351606.0
16192,-39.75,-0.25,5407527.0
16193,-39.5,-0.25,5463448.0
16194,-39.25,-0.25,5515639.0
16195,-39.0,-0.25,5571545.0
16196,-38.75,-0.25,5627458.0
16197,-38.5,-0.25,5683378.0
16198,-38.25,-0.25,5739298.0
16199,-38.0,-0.25,5791490.0
16200,-37.75,-0.25,5847403.0
16201,-37.5,-0.25,5903293.0
16202,-37.25,-0.25,5955457.0
16203,-37.0,-0.25,6011348.0
16204,-36.75,-0.25,6067238.0
16205,-36.5,-0.25,6123128.0
16206,-36.25,-0.25,6175292.0
16207,-36.0,-0.25,6231182.0
16208,-35.75,-0.25,6287072.0
16209,-35.5,-0.25,6339236.0
16210,-35.25,-0.25,6395126.0
16211,-35.0,-0.25,6451016.0
16212,-34.75,-0.25,6506905.0
16213,-34.5,-0.25,6559069.0
16214,-34.25,-0.25,6614959.0
16215,-34.0,-0.25,6670875.0
16216,-33.75,-0.25,6723067.0
16217,-33.5,-0.25,6778987.0
16218,-33.25,-0.25,6834907.0
16219,-33.0,-0.25,6887093.0
16220,-32.75,-0.25,6943000.0
16221,-32.5,-0.25,6998921.0
16222,-32.25,-0.25,7051112.0
16223,-32.0,-0.25,7107031.0
16224,-31.75,-0.25,7162978.0
16225,-31.5,-0.25,7215199.0
16226,-31.25,-0.25,7271150.0
16227,-31.0,-0.25,7327129.0
16228,-30.75,-0.25,7383085.0
16229,-30.5,-0.25,7439052.0
16230,-30.25,-0.25,7491300.0
16231,-30.0,-0.25,7547289.0
16232,-29.75,-0.25,7599564.0
16233,-29.5,-0.25,7655582.0
16234,-29.25,-0.25,7711591.0
16235,-29.0,-0.25,7763877.0
16236,-28.75,-0.25,7819917.0
16237,-28.5,-0.25,7875974.0
16238,-28.25,-0.25,7932035.0
16239,-28.0,-0.25,7984365.0
16240,-27.75,-0.25,8040445.0
16241,-27.5,-0.25,8092805.0
16242,-27.25,-0.25,8148926.0
16243,-27.0,-0.25,8205038.0
16244,-26.75,-0.25,8261168.0
16245,-26.5,-0.25,8317327.0
16246,-26.25,-0.25,8369750.0
16247,-26.0,-0.25,8425923.0
16248,-25.75,-0.25,8478370.0
16249,-25.5,-0.25,8534587.0
16250,-25.25,-0.25,8590804.0
16251,-25.0,-0.25,8647048.0
16252,-24.75,-0.25,8699566.0
16253,-24.5,-0.25,8755833.0
16254,-24.25,-0.25,8812127.0
16255,-24.0,-0.25,8868447.0
16256,-23.75,-0.25,8921013.0
16257,-23.5,-0.25,8977366.0
16258,-23.25,-0.25,9029977.0
16259,-23.0,-0.25,9086358.0
16260,-22.75,-0.25,9142770.0
16261,-22.5,-0.25,9195430.0
16262,-22.25,-0.25,9251876.0
16263,-22.0,-0.25,9308347.0
16264,-21.75,-0.25,9364831.0
16265,-21.5,-0.25,9417581.0
16266,-21.25,-0.25,9474108.0
16267,-21.0,-0.25,9530671.0
16268,-20.75,-0.25,9583475.0
16269,-20.5,-0.25,9640079.0
16270,-20.25,-0.25,9692931.0
16271,-20.0,-0.25,9749580.0
16272,-19.75,-0.25,9806260.0
16273,-19.5,-0.25,9859175.0
16274,-19.25,-0.25,9915897.0
16275,-19.0,-0.25,9972596.0
16276,-18.75,-0.25,10025509.0
16277,-18.5,-0.25,10082178.0
16278,-18.25,-0.25,10138837.0
16279,-18.0,-0.25,10191700.0
16280,-17.75,-0.25,10248327.0
16281,-17.5,-0.25,10304935.0
16282,-17.25,-0.25,10357753.0
16283,-17.0,-0.25,10414331.0
16284,-16.75,-0.25,10470884.0
16285,-16.5,-0.25,10523660.0
16286,-16.25,-0.25,10580178.0
16287,-61.75,-0.5,566200.0
16288,-61.5,-0.5,617553.0
16289,-61.25,-0.5,673613.0
16290,-61.0,-0.5,725955.0
16291,-60.75,-0.5,782057.0
16292,-60.5,-0.5,834447.0
16293,-60.25,-0.5,890595.0
16294,-60.0,-0.5,946765.0
16295,-59.75,-0.5,999211.0
16296,-59.5,-0.5,1055428.0
16297,-59.25,-0.5,1107913.0
16298,-59.0,-0.5,1164164.0
16299,-58.75,-0.5,1220445.0
16300,-58.5,-0.5,1272989.0
16301,-58.25,-0.5,1329302.0
16302,-58.0,-0.5,1381887.0
16303,-57.75,-0.5,1438244.0
16304,-57.5,-0.5,1494617.0
16305,-57.25,-0.5,1547259.0
16306,-57.0,-0.5,1603673.0
16307,-56.75,-0.5,1660103.0
16308,-56.5,-0.5,1712796.0
16309,-56.25,-0.5,1769264.0
16310,-56.0,-0.5,1821989.0
16311,-55.75,-0.5,1878495.0
16312,-55.5,-0.5,1935017.0
16313,-55.25,-0.5,1987793.0
16314,-55.0,-0.5,2044344.0
16315,-54.75,-0.5,2100926.0
16316,-54.5,-0.5,2153744.0
16317,-54.25,-0.5,2210354.0
16318,-54.0,-0.5,2266981.0
16319,-53.75,-0.5,2319846.0
16320,-53.5,-0.5,2376505.0
16321,-53.25,-0.5,2433177.0
16322,-53.0,-0.5,2486089.0
16323,-52.75,-0.5,2542790.0
16324,-52.5,-0.5,2599511.0
16325,-52.25,-0.5,2652428.0
16326,-52.0,-0.5,2709106.0
16327,-51.75,-0.5,2765756.0
16328,-51.5,-0.5,2822380.0
16329,-51.25,-0.5,2875209.0
16330,-51.0,-0.5,2931785.0
16331,-50.75,-0.5,2988345.0
16332,-50.5,-0.5,3041102.0
16333,-50.25,-0.5,3097617.0
16334,-50.0,-0.5,3150336.0
16335,-49.75,-0.5,3206804.0
16336,-49.5,-0.5,3263252.0
16337,-49.25,-0.5,3315910.0
16338,-49.0,-0.5,3372323.0
16339,-48.75,-0.5,3428705.0
16340,-48.5,-0.5,3485073.0
16341,-48.25,-0.5,3537667.0
16342,-48.0,-0.5,3593987.0
16343,-47.75,-0.5,3650306.0
16344,-47.5,-0.5,3706598.0
16345,-47.25,-0.5,3759112.0
16346,-47.0,-0.5,3815379.0
16347,-46.75,-0.5,3867873.0
16348,-46.5,-0.5,3924092.0
16349,-46.25,-0.5,3980307.0
16350,-46.0,-0.5,4036501.0
16351,-45.75,-0.5,4088928.0
16352,-45.5,-0.5,4145092.0
16353,-45.25,-0.5,4197509.0
16354,-45.0,-0.5,4253639.0
16355,-44.75,-0.5,4309751.0
16356,-44.5,-0.5,4365869.0
16357,-44.25,-0.5,4421970.0
16358,-44.0,-0.5,4474310.0
16359,-43.75,-0.5,4530375.0
16360,-43.5,-0.5,4582700.0
16361,-43.25,-0.5,4638757.0
16362,-43.0,-0.5,4694798.0
16363,-42.75,-0.5,4750816.0
16364,-42.5,-0.5,4806827.0
16365,-42.25,-0.5,4859108.0
16366,-42.0,-0.5,4915118.0
16367,-41.75,-0.5,4967373.0
16368,-41.5,-0.5,5023353.0
16369,-41.25,-0.5,5079319.0
16370,-41.0,-0.5,5131542.0
16371,-40.75,-0.5,5187522.0
16372,-40.5,-0.5,5243473.0
16373,-40.25,-0.5,5299423.0
16374,-40.0,-0.5,5355368.0
16375,-39.75,-0.5,5407561.0
16376,-39.5,-0.5,5463481.0
16377,-39.25,-0.5,5519401.0
16378,-39.0,-0.5,5571580.0
16379,-38.75,-0.5,5627491.0
16380,-38.5,-0.5,5683411.0
16381,-38.25,-0.5,5735604.0
16382,-38.0,-0.5,5791524.0
16383,-37.75,-0.5,5847436.0
16384,-37.5,-0.5,5899601.0
16385,-37.25,-0.5,5955491.0
16386,-37.0,-0.5,6011381.0
16387,-36.75,-0.5,6063545.0
16388,-36.5,-0.5,6119435.0
16389,-36.25,-0.5,6175325.0
16390,-36.0,-0.5,6231214.0
16391,-35.75,-0.5,6283379.0
16392,-35.5,-0.5,6339269.0
16393,-35.25,-0.5,6395159.0
16394,-35.0,-0.5,6447323.0
16395,-34.75,-0.5,6503213.0
16396,-34.5,-0.5,6559103.0
16397,-34.25,-0.5,6614992.0
16398,-34.0,-0.5,6667181.0
16399,-33.75,-0.5,6723101.0
16400,-33.5,-0.5,6779020.0
16401,-33.25,-0.5,6834940.0
16402,-33.0,-0.5,6887128.0
16403,-32.75,-0.5,6943034.0
16404,-32.5,-0.5,6998954.0
16405,-32.25,-0.5,7054874.0
16406,-32.0,-0.5,7107065.0
16407,-31.75,-0.5,7163013.0
16408,-31.5,-0.5,7218963.0
16409,-31.25,-0.5,7271183.0
16410,-31.0,-0.5,7327163.0
16411,-30.75,-0.5,7379389.0
16412,-30.5,-0.5,7435354.0
16413,-30.25,-0.5,7491334.0
16414,-30.0,-0.5,7547322.0
16415,-29.75,-0.5,7603332.0
16416,-29.5,-0.5,7655616.0
16417,-29.25,-0.5,7711626.0
16418,-29.0,-0.5,7767647.0
16419,-28.75,-0.5,7819950.0
16420,-28.5,-0.5,7876008.0
16421,-28.25,-0.5,7932068.0
16422,-28.0,-0.5,7984400.0
16423,-27.75,-0.5,8040479.0
16424,-27.5,-0.5,8096578.0
16425,-27.25,-0.5,8152700.0
16426,-27.0,-0.5,8205071.0
16427,-26.75,-0.5,8261202.0
16428,-26.5,-0.5,8313617.0
16429,-26.25,-0.5,8369785.0
16430,-26.0,-0.5,8425957.0
16431,-25.75,-0.5,8482152.0
16432,-25.5,-0.5,8534620.0
16433,-25.25,-0.5,8590838.0
16434,-25.0,-0.5,8647081.0
16435,-24.75,-0.5,8703352.0
16436,-24.5,-0.5,8755867.0
16437,-24.25,-0.5,8812162.0
16438,-24.0,-0.5,8864727.0
16439,-23.75,-0.5,8921048.0
16440,-23.5,-0.5,8977399.0
16441,-23.25,-0.5,9033769.0
16442,-23.0,-0.5,9086392.0
16443,-22.75,-0.5,9142804.0
16444,-22.5,-0.5,9199226.0
16445,-22.25,-0.5,9251909.0
16446,-22.0,-0.5,9308381.0
16447,-21.75,-0.5,9361099.0
16448,-21.5,-0.5,9417616.0
16449,-21.25,-0.5,9474143.0
16450,-21.0,-0.5,9530706.0
16451,-20.75,-0.5,9583510.0
16452,-20.5,-0.5,9640112.0
16453,-20.25,-0.5,9696741.0
16454,-20.0,-0.5,9749614.0
16455,-19.75,-0.5,9806294.0
16456,-19.5,-0.5,9862991.0
16457,-19.25,-0.5,9915931.0
16458,-19.0,-0.5,9972630.0
16459,-18.75,-0.5,10029321.0
16460,-18.5,-0.5,10082211.0
16461,-18.25,-0.5,10138871.0
16462,-18.0,-0.5,10195510.0
16463,-17.75,-0.5,10248360.0
16464,-17.5,-0.5,10304970.0
16465,-17.25,-0.5,10361559.0
16466,-17.0,-0.5,10414365.0
16467,-16.75,-0.5,10470919.0
16468,-16.5,-0.5,10527462.0
16469,-16.25,-0.5,10580212.0
16470,-61.75,-0.75,562675.0
16471,-61.5,-0.75,617587.0
16472,-61.25,-0.75,669909.0
16473,-61.0,-0.75,725990.0
16474,-60.75,-0.75,778352.0
16475,-60.5,-0.75,834483.0
16476,-60.25,-0.75,890630.0
16477,-60.0,-0.75,946800.0
16478,-59.75,-0.75,999246.0
16479,-59.5,-0.75,1055463.0
16480,-59.25,-0.75,1107949.0
16481,-59.0,-0.75,1164200.0
16482,-58.75,-0.75,1220480.0
16483,-58.5,-0.75,1273024.0
16484,-58.25,-0.75,1329337.0
16485,-58.0,-0.75,1385678.0
16486,-57.75,-0.75,1438280.0
16487,-57.5,-0.75,1494652.0
16488,-57.25,-0.75,1547294.0
16489,-57.0,-0.75,1603707.0
16490,-56.75,-0.75,1660138.0
16491,-56.5,-0.75,1712831.0
16492,-56.25,-0.75,1769299.0
16493,-56.0,-0.75,1825790.0
16494,-55.75,-0.75,1878530.0
16495,-55.5,-0.75,1935052.0
16496,-55.25,-0.75,1991597.0
16497,-55.0,-0.75,2044379.0
16498,-54.75,-0.75,2100961.0
16499,-54.5,-0.75,2157552.0
16500,-54.25,-0.75,2210389.0
16501,-54.0,-0.75,2267016.0
16502,-53.75,-0.75,2323657.0
16503,-53.5,-0.75,2376540.0
16504,-53.25,-0.75,2433212.0
16505,-53.0,-0.75,2486122.0
16506,-52.75,-0.75,2542824.0
16507,-52.5,-0.75,2595764.0
16508,-52.25,-0.75,2652461.0
16509,-52.0,-0.75,2709140.0
16510,-51.75,-0.75,2765789.0
16511,-51.5,-0.75,2818640.0
16512,-51.25,-0.75,2875243.0
16513,-51.0,-0.75,2931818.0
16514,-50.75,-0.75,2984609.0
16515,-50.5,-0.75,3041135.0
16516,-50.25,-0.75,3097651.0
16517,-50.0,-0.75,3150371.0
16518,-49.75,-0.75,3206839.0
16519,-49.5,-0.75,3263287.0
16520,-49.25,-0.75,3319706.0
16521,-49.0,-0.75,3372357.0
16522,-48.75,-0.75,3428738.0
16523,-48.5,-0.75,3481349.0
16524,-48.25,-0.75,3537700.0
16525,-48.0,-0.75,3594021.0
16526,-47.75,-0.75,3650339.0
16527,-47.5,-0.75,3702880.0
16528,-47.25,-0.75,3759146.0
16529,-47.0,-0.75,3815414.0
16530,-46.75,-0.75,3871655.0
16531,-46.5,-0.75,3924126.0
16532,-46.25,-0.75,3980340.0
16533,-46.0,-0.75,4032788.0
16534,-45.75,-0.75,4088961.0
16535,-45.5,-0.75,4145126.0
16536,-45.25,-0.75,4201284.0
16537,-45.0,-0.75,4253674.0
16538,-44.75,-0.75,4309784.0
16539,-44.5,-0.75,4362163.0
16540,-44.25,-0.75,4418264.0
16541,-44.0,-0.75,4474343.0
16542,-43.75,-0.75,4530410.0
16543,-43.5,-0.75,4586471.0
16544,-43.25,-0.75,4638791.0
16545,-43.0,-0.75,4694831.0
16546,-42.75,-0.75,4747116.0
16547,-42.5,-0.75,4803126.0
16548,-42.25,-0.75,4859142.0
16549,-42.0,-0.75,4915153.0
16550,-41.75,-0.75,4967406.0
16551,-41.5,-0.75,5023387.0
16552,-41.25,-0.75,5079352.0
16553,-41.0,-0.75,5135308.0
16554,-40.75,-0.75,5187557.0
16555,-40.5,-0.75,5243506.0
16556,-40.25,-0.75,5299456.0
16557,-40.0,-0.75,5351674.0
16558,-39.75,-0.75,5407594.0
16559,-39.5,-0.75,5463515.0
16560,-39.25,-0.75,5515707.0
16561,-39.0,-0.75,5571613.0
16562,-38.75,-0.75,5627526.0
16563,-38.5,-0.75,5683446.0
16564,-38.25,-0.75,5735637.0
16565,-38.0,-0.75,5791558.0
16566,-37.75,-0.75,5847471.0
16567,-37.5,-0.75,5903361.0
16568,-37.25,-0.75,5955524.0
16569,-37.0,-0.75,6011415.0
16570,-36.75,-0.75,6067305.0
16571,-36.5,-0.75,6119468.0
16572,-36.25,-0.75,6175359.0
16573,-36.0,-0.75,6231249.0
16574,-35.75,-0.75,6287139.0
16575,-35.5,-0.75,6339302.0
16576,-35.25,-0.75,6395193.0
16577,-35.0,-0.75,6451083.0
16578,-34.75,-0.75,6503246.0
16579,-34.5,-0.75,6559137.0
16580,-34.25,-0.75,6615027.0
16581,-34.0,-0.75,6670943.0
16582,-33.75,-0.75,6723134.0
16583,-33.5,-0.75,6779055.0
16584,-33.25,-0.75,6834975.0
16585,-33.0,-0.75,6887161.0
16586,-32.75,-0.75,6943068.0
16587,-32.5,-0.75,6995260.0
16588,-32.25,-0.75,7051179.0
16589,-32.0,-0.75,7107099.0
16590,-31.75,-0.75,7163046.0
16591,-31.5,-0.75,7218996.0
16592,-31.25,-0.75,7271218.0
16593,-31.0,-0.75,7327197.0
16594,-30.75,-0.75,7383152.0
16595,-30.5,-0.75,7439120.0
16596,-30.25,-0.75,7491367.0
16597,-30.0,-0.75,7547357.0
16598,-29.75,-0.75,7599632.0
16599,-29.5,-0.75,7655649.0
16600,-29.25,-0.75,7711660.0
16601,-29.0,-0.75,7767680.0
16602,-28.75,-0.75,7823720.0
16603,-28.5,-0.75,7876041.0
16604,-28.25,-0.75,7932103.0
16605,-28.0,-0.75,7984433.0
16606,-27.75,-0.75,8040513.0
16607,-27.5,-0.75,8096612.0
16608,-27.25,-0.75,8152733.0
16609,-27.0,-0.75,8205106.0
16610,-26.75,-0.75,8261235.0
16611,-26.5,-0.75,8317395.0
16612,-26.25,-0.75,8369818.0
16613,-26.0,-0.75,8425990.0
16614,-25.75,-0.75,8482185.0
16615,-25.5,-0.75,8538401.0
16616,-25.25,-0.75,8590872.0
16617,-25.0,-0.75,8647116.0
16618,-24.75,-0.75,8699634.0
16619,-24.5,-0.75,8755901.0
16620,-24.25,-0.75,8812195.0
16621,-24.0,-0.75,8868515.0
16622,-23.75,-0.75,8921081.0
16623,-23.5,-0.75,8977433.0
16624,-23.25,-0.75,9033802.0
16625,-23.0,-0.75,9090186.0
16626,-22.75,-0.75,9142838.0
16627,-22.5,-0.75,9199261.0
16628,-22.25,-0.75,9251944.0
16629,-22.0,-0.75,9308416.0
16630,-21.75,-0.75,9364899.0
16631,-21.5,-0.75,9417649.0
16632,-21.25,-0.75,9474177.0
16633,-21.0,-0.75,9530739.0
16634,-20.75,-0.75,9587316.0
16635,-20.5,-0.75,9640146.0
16636,-20.25,-0.75,9696774.0
16637,-20.0,-0.75,9753426.0
16638,-19.75,-0.75,9806327.0
16639,-19.5,-0.75,9863026.0
16640,-19.25,-0.75,9919745.0
16641,-19.0,-0.75,9972663.0
16642,-18.75,-0.75,10029356.0
16643,-18.5,-0.75,10082246.0
16644,-18.25,-0.75,10138906.0
16645,-18.0,-0.75,10195545.0
16646,-17.75,-0.75,10248395.0
16647,-17.5,-0.75,10305004.0
16648,-17.25,-0.75,10361594.0
16649,-17.0,-0.75,10414400.0
16650,-16.75,-0.75,10470953.0
16651,-16.5,-0.75,10527497.0
16652,-16.25,-0.75,10580247.0
16653,-61.75,-1.0,562711.0
16654,-61.5,-1.0,617622.0
16655,-61.25,-1.0,669944.0
16656,-61.0,-1.0,726025.0
16657,-60.75,-1.0,778387.0
16658,-60.5,-1.0,834516.0
16659,-60.25,-1.0,890665.0
16660,-60.0,-1.0,943089.0
16661,-59.75,-1.0,999280.0
16662,-59.5,-1.0,1051749.0
16663,-59.25,-1.0,1107983.0
16664,-59.0,-1.0,1164234.0
16665,-58.75,-1.0,1216763.0
16666,-58.5,-1.0,1273058.0
16667,-58.25,-1.0,1325616.0
16668,-58.0,-1.0,1381956.0
16669,-57.75,-1.0,1438314.0
16670,-57.5,-1.0,1490928.0
16671,-57.25,-1.0,1547328.0
16672,-57.0,-1.0,1603741.0
16673,-56.75,-1.0,1656411.0
16674,-56.5,-1.0,1712865.0
16675,-56.25,-1.0,1769332.0
16676,-56.0,-1.0,1822058.0
16677,-55.75,-1.0,1878565.0
16678,-55.5,-1.0,1931318.0
16679,-55.25,-1.0,1987861.0
16680,-55.0,-1.0,2044414.0
16681,-54.75,-1.0,2097223.0
16682,-54.5,-1.0,2153812.0
16683,-54.25,-1.0,2210423.0
16684,-54.0,-1.0,2263274.0
16685,-53.75,-1.0,2319915.0
16686,-53.5,-1.0,2376574.0
16687,-53.25,-1.0,2429468.0
16688,-53.0,-1.0,2486157.0
16689,-52.75,-1.0,2542859.0
16690,-52.5,-1.0,2599580.0
16691,-52.25,-1.0,2652496.0
16692,-52.0,-1.0,2709175.0
16693,-51.75,-1.0,2765824.0
16694,-51.5,-1.0,2818675.0
16695,-51.25,-1.0,2875276.0
16696,-51.0,-1.0,2928080.0
16697,-50.75,-1.0,2984643.0
16698,-50.5,-1.0,3041169.0
16699,-50.25,-1.0,3093919.0
16700,-50.0,-1.0,3150404.0
16701,-49.75,-1.0,3206873.0
16702,-49.5,-1.0,3263320.0
16703,-49.25,-1.0,3315978.0
16704,-49.0,-1.0,3372391.0
16705,-48.75,-1.0,3428773.0
16706,-48.5,-1.0,3485141.0
16707,-48.25,-1.0,3537735.0
16708,-48.0,-1.0,3594054.0
16709,-47.75,-1.0,3646619.0
16710,-47.5,-1.0,3702914.0
16711,-47.25,-1.0,3759180.0
16712,-47.0,-1.0,3811698.0
16713,-46.75,-1.0,3867941.0
16714,-46.5,-1.0,3924160.0
16715,-46.25,-1.0,3980375.0
16716,-46.0,-1.0,4036568.0
16717,-45.75,-1.0,4088995.0
16718,-45.5,-1.0,4145159.0
16719,-45.25,-1.0,4197576.0
16720,-45.0,-1.0,4253707.0
16721,-44.75,-1.0,4309819.0
16722,-44.5,-1.0,4365937.0
16723,-44.25,-1.0,4418299.0
16724,-44.0,-1.0,4474377.0
16725,-43.75,-1.0,4530443.0
16726,-43.5,-1.0,4582767.0
16727,-43.25,-1.0,4638825.0
16728,-43.0,-1.0,4694866.0
16729,-42.75,-1.0,4750884.0
16730,-42.5,-1.0,4803160.0
16731,-42.25,-1.0,4859176.0
16732,-42.0,-1.0,4915186.0
16733,-41.75,-1.0,4967441.0
16734,-41.5,-1.0,5023421.0
16735,-41.25,-1.0,5079385.0
16736,-41.0,-1.0,5131610.0
16737,-40.75,-1.0,5187590.0
16738,-40.5,-1.0,5243541.0
16739,-40.25,-1.0,5299491.0
16740,-40.0,-1.0,5351707.0
16741,-39.75,-1.0,5407628.0
16742,-39.5,-1.0,5463548.0
16743,-39.25,-1.0,5519469.0
16744,-39.0,-1.0,5571647.0
16745,-38.75,-1.0,5627559.0
16746,-38.5,-1.0,5683479.0
16747,-38.25,-1.0,5735672.0
16748,-38.0,-1.0,5791592.0
16749,-37.75,-1.0,5847504.0
16750,-37.5,-1.0,5899669.0
16751,-37.25,-1.0,5955559.0
16752,-37.0,-1.0,6011448.0
16753,-36.75,-1.0,6063613.0
16754,-36.5,-1.0,6119503.0
16755,-36.25,-1.0,6175393.0
16756,-36.0,-1.0,6231282.0
16757,-35.75,-1.0,6283447.0
16758,-35.5,-1.0,6339337.0
16759,-35.25,-1.0,6395227.0
16760,-35.0,-1.0,6451116.0
16761,-34.75,-1.0,6503281.0
16762,-34.5,-1.0,6559171.0
16763,-34.25,-1.0,6615060.0
16764,-34.0,-1.0,6667249.0
16765,-33.75,-1.0,6723169.0
16766,-33.5,-1.0,6779088.0
16767,-33.25,-1.0,6835008.0
16768,-33.0,-1.0,6890921.0
16769,-32.75,-1.0,6943102.0
16770,-32.5,-1.0,6999021.0
16771,-32.25,-1.0,7054941.0
16772,-32.0,-1.0,7107132.0
16773,-31.75,-1.0,7163081.0
16774,-31.5,-1.0,7219031.0
16775,-31.25,-1.0,7271251.0
16776,-31.0,-1.0,7327231.0
16777,-30.75,-1.0,7383185.0
16778,-30.5,-1.0,7435422.0
16779,-30.25,-1.0,7491402.0
16780,-30.0,-1.0,7547390.0
16781,-29.75,-1.0,7603400.0
16782,-29.5,-1.0,7659418.0
16783,-29.25,-1.0,7711694.0
16784,-29.0,-1.0,7767715.0
16785,-28.75,-1.0,7820018.0
16786,-28.5,-1.0,7876075.0
16787,-28.25,-1.0,7932136.0
16788,-28.0,-1.0,7988205.0
16789,-27.75,-1.0,8040548.0
16790,-27.5,-1.0,8096646.0
16791,-27.25,-1.0,8152768.0
16792,-27.0,-1.0,8205139.0
16793,-26.75,-1.0,8261269.0
16794,-26.5,-1.0,8317428.0
16795,-26.25,-1.0,8373596.0
16796,-26.0,-1.0,8426024.0
16797,-25.75,-1.0,8482220.0
16798,-25.5,-1.0,8534688.0
16799,-25.25,-1.0,8590906.0
16800,-25.0,-1.0,8647150.0
16801,-24.75,-1.0,8703420.0
16802,-24.5,-1.0,8759687.0
16803,-24.25,-1.0,8812229.0
16804,-24.0,-1.0,8868548.0
16805,-23.75,-1.0,8921116.0
16806,-23.5,-1.0,8977467.0
16807,-23.25,-1.0,9033837.0
16808,-23.0,-1.0,9086460.0
16809,-22.75,-1.0,9142872.0
16810,-22.5,-1.0,9199294.0
16811,-22.25,-1.0,9255742.0
16812,-22.0,-1.0,9308449.0
16813,-21.75,-1.0,9364933.0
16814,-21.5,-1.0,9421453.0
16815,-21.25,-1.0,9477981.0
16816,-21.0,-1.0,9530773.0
16817,-20.75,-1.0,9587349.0
16818,-20.5,-1.0,9640181.0
16819,-20.25,-1.0,9696809.0
16820,-20.0,-1.0,9753461.0
16821,-19.75,-1.0,9806362.0
16822,-19.5,-1.0,9863060.0
16823,-19.25,-1.0,9919780.0
16824,-19.0,-1.0,9972698.0
16825,-18.75,-1.0,10029390.0
16826,-18.5,-1.0,10086058.0
16827,-18.25,-1.0,10138940.0
16828,-18.0,-1.0,10195579.0
16829,-17.75,-1.0,10252203.0
16830,-17.5,-1.0,10305038.0
16831,-17.25,-1.0,10361628.0
16832,-17.0,-1.0,10418207.0
16833,-16.75,-1.0,10470987.0
16834,-16.5,-1.0,10527531.0
16835,-16.25,-1.0,10584050.0
16836,-61.75,-1.25,562745.0
16837,-61.5,-1.25,613921.0
16838,-61.25,-1.25,669979.0
16839,-61.0,-1.25,722320.0
16840,-60.75,-1.25,778421.0
16841,-60.5,-1.25,834550.0
16842,-60.25,-1.25,886955.0
16843,-60.0,-1.25,943123.0
16844,-59.75,-1.25,995569.0
16845,-59.5,-1.25,1051784.0
16846,-59.25,-1.25,1108016.0
16847,-59.0,-1.25,1160518.0
16848,-58.75,-1.25,1216797.0
16849,-58.5,-1.25,1269339.0
16850,-58.25,-1.25,1329406.0
16851,-58.0,-1.25,1381991.0
16852,-57.75,-1.25,1438349.0
16853,-57.5,-1.25,1490963.0
16854,-57.25,-1.25,1547362.0
16855,-57.0,-1.25,1603776.0
16856,-56.75,-1.25,1656446.0
16857,-56.5,-1.25,1712901.0
16858,-56.25,-1.25,1769367.0
16859,-56.0,-1.25,1822093.0
16860,-55.75,-1.25,1878600.0
16861,-55.5,-1.25,1931351.0
16862,-55.25,-1.25,1987895.0
16863,-55.0,-1.25,2040677.0
16864,-54.75,-1.25,2097256.0
16865,-54.5,-1.25,2153846.0
16866,-54.25,-1.25,2206684.0
16867,-54.0,-1.25,2263307.0
16868,-53.75,-1.25,2319949.0
16869,-53.5,-1.25,2372830.0
16870,-53.25,-1.25,2429501.0
16871,-53.0,-1.25,2486192.0
16872,-52.75,-1.25,2542892.0
16873,-52.5,-1.25,2595832.0
16874,-52.25,-1.25,2652530.0
16875,-52.0,-1.25,2709208.0
16876,-51.75,-1.25,2762082.0
16877,-51.5,-1.25,2818708.0
16878,-51.25,-1.25,2875311.0
16879,-51.0,-1.25,2928115.0
16880,-50.75,-1.25,2984677.0
16881,-50.5,-1.25,3041204.0
16882,-50.25,-1.25,3097719.0
16883,-50.0,-1.25,3150439.0
16884,-49.75,-1.25,3206906.0
16885,-49.5,-1.25,3259592.0
16886,-49.25,-1.25,3316012.0
16887,-49.0,-1.25,3372425.0
16888,-48.75,-1.25,3425049.0
16889,-48.5,-1.25,3481417.0
16890,-48.25,-1.25,3537769.0
16891,-48.0,-1.25,3594089.0
16892,-47.75,-1.25,3646654.0
16893,-47.5,-1.25,3702948.0
16894,-47.25,-1.25,3755464.0
16895,-47.0,-1.25,3811731.0
16896,-46.75,-1.25,3867975.0
16897,-46.5,-1.25,3924194.0
16898,-46.25,-1.25,3976661.0
16899,-46.0,-1.25,4032856.0
16900,-45.75,-1.25,4089029.0
16901,-45.5,-1.25,4145194.0
16902,-45.25,-1.25,4197609.0
16903,-45.0,-1.25,4253741.0
16904,-44.75,-1.25,4309852.0
16905,-44.5,-1.25,4362231.0
16906,-44.25,-1.25,4418332.0
16907,-44.0,-1.25,4474412.0
16908,-43.75,-1.25,4530478.0
16909,-43.5,-1.25,4582800.0
16910,-43.25,-1.25,4638859.0
16911,-43.0,-1.25,4694899.0
16912,-42.75,-1.25,4747184.0
16913,-42.5,-1.25,4803194.0
16914,-42.25,-1.25,4859209.0
16915,-42.0,-1.25,4911486.0
16916,-41.75,-1.25,4967474.0
16917,-41.5,-1.25,5023455.0
16918,-41.25,-1.25,5079420.0
16919,-41.0,-1.25,5135375.0
16920,-40.75,-1.25,5187624.0
16921,-40.5,-1.25,5243574.0
16922,-40.25,-1.25,5299524.0
16923,-40.0,-1.25,5351742.0
16924,-39.75,-1.25,5407662.0
16925,-39.5,-1.25,5463581.0
16926,-39.25,-1.25,5515774.0
16927,-39.0,-1.25,5571681.0
16928,-38.75,-1.25,5627593.0
16929,-38.5,-1.25,5679785.0
16930,-38.25,-1.25,5735705.0
16931,-38.0,-1.25,5791625.0
16932,-37.75,-1.25,5847539.0
16933,-37.5,-1.25,5899702.0
16934,-37.25,-1.25,5955592.0
16935,-37.0,-1.25,6011483.0
16936,-36.75,-1.25,6067373.0
16937,-36.5,-1.25,6119536.0
16938,-36.25,-1.25,6175427.0
16939,-36.0,-1.25,6231317.0
16940,-35.75,-1.25,6287207.0
16941,-35.5,-1.25,6339370.0
16942,-35.25,-1.25,6395261.0
16943,-35.0,-1.25,6451151.0
16944,-34.75,-1.25,6503314.0
16945,-34.5,-1.25,6559204.0
16946,-34.25,-1.25,6615095.0
16947,-34.0,-1.25,6667282.0
16948,-33.75,-1.25,6723202.0
16949,-33.5,-1.25,6779122.0
16950,-33.25,-1.25,6831314.0
16951,-33.0,-1.25,6887229.0
16952,-32.75,-1.25,6943135.0
16953,-32.5,-1.25,6999054.0
16954,-32.25,-1.25,7051247.0
16955,-32.0,-1.25,7107167.0
16956,-31.75,-1.25,7163114.0
16957,-31.5,-1.25,7219064.0
16958,-31.25,-1.25,7275017.0
16959,-31.0,-1.25,7327264.0
16960,-30.75,-1.25,7383220.0
16961,-30.5,-1.25,7439188.0
16962,-30.25,-1.25,7491435.0
16963,-30.0,-1.25,7547424.0
16964,-29.75,-1.25,7599699.0
16965,-29.5,-1.25,7655717.0
16966,-29.25,-1.25,7711728.0
16967,-29.0,-1.25,7767748.0
16968,-28.75,-1.25,7823788.0
16969,-28.5,-1.25,7876108.0
16970,-28.25,-1.25,7932171.0
16971,-28.0,-1.25,7988240.0
16972,-27.75,-1.25,8040581.0
16973,-27.5,-1.25,8096680.0
16974,-27.25,-1.25,8152801.0
16975,-27.0,-1.25,8208915.0
16976,-26.75,-1.25,8261302.0
16977,-26.5,-1.25,8317463.0
16978,-26.25,-1.25,8369886.0
16979,-26.0,-1.25,8426058.0
16980,-25.75,-1.25,8482254.0
16981,-25.5,-1.25,8538469.0
16982,-25.25,-1.25,8594688.0
16983,-25.0,-1.25,8647183.0
16984,-24.75,-1.25,8703454.0
16985,-24.5,-1.25,8755969.0
16986,-24.25,-1.25,8812264.0
16987,-24.0,-1.25,8868583.0
16988,-23.75,-1.25,8924906.0
16989,-23.5,-1.25,8977501.0
16990,-23.25,-1.25,9033871.0
16991,-23.0,-1.25,9090254.0
16992,-22.75,-1.25,9146668.0
16993,-22.5,-1.25,9199328.0
16994,-22.25,-1.25,9255775.0
16995,-22.0,-1.25,9308484.0
16996,-21.75,-1.25,9364967.0
16997,-21.5,-1.25,9421488.0
16998,-21.25,-1.25,9474245.0
16999,-21.0,-1.25,9530808.0
17000,-20.75,-1.25,9587384.0
17001,-20.5,-1.25,9640214.0
17002,-20.25,-1.25,9696843.0
17003,-20.0,-1.25,9753494.0
17004,-19.75,-1.25,9810174.0
17005,-19.5,-1.25,9863094.0
17006,-19.25,-1.25,9919813.0
17007,-19.0,-1.25,9976513.0
17008,-18.75,-1.25,10029423.0
17009,-18.5,-1.25,10086092.0
17010,-18.25,-1.25,10142750.0
17011,-18.0,-1.25,10195612.0
17012,-17.75,-1.25,10252238.0
17013,-17.5,-1.25,10308846.0
17014,-17.25,-1.25,10361661.0
17015,-17.0,-1.25,10418241.0
17016,-16.75,-1.25,10474791.0
17017,-16.5,-1.25,10527564.0
17018,-16.25,-1.25,10584085.0
17019,-61.75,-1.5,562780.0
17020,-61.5,-1.5,613956.0
17021,-61.25,-1.5,670014.0
17022,-61.0,-1.5,722355.0
17023,-60.75,-1.5,778457.0
17024,-60.5,-1.5,834586.0
17025,-60.25,-1.5,886990.0
17026,-60.0,-1.5,943158.0
17027,-59.75,-1.5,995604.0
17028,-59.5,-1.5,1051819.0
17029,-59.25,-1.5,1108052.0
17030,-59.0,-1.5,1160553.0
17031,-58.75,-1.5,1216832.0
17032,-58.5,-1.5,1269374.0
17033,-58.25,-1.5,1325685.0
17034,-58.0,-1.5,1382026.0
17035,-57.75,-1.5,1434625.0
17036,-57.5,-1.5,1490997.0
17037,-57.25,-1.5,1547397.0
17038,-57.0,-1.5,1600048.0
17039,-56.75,-1.5,1656480.0
17040,-56.5,-1.5,1712934.0
17041,-56.25,-1.5,1765636.0
17042,-56.0,-1.5,1822127.0
17043,-55.75,-1.5,1878633.0
17044,-55.5,-1.5,1931387.0
17045,-55.25,-1.5,1987930.0
17046,-55.0,-1.5,2044482.0
17047,-54.75,-1.5,2097291.0
17048,-54.5,-1.5,2153881.0
17049,-54.25,-1.5,2210492.0
17050,-54.0,-1.5,2263342.0
17051,-53.75,-1.5,2319984.0
17052,-53.5,-1.5,2376643.0
17053,-53.25,-1.5,2429536.0
17054,-53.0,-1.5,2486227.0
17055,-52.75,-1.5,2542927.0
17056,-52.5,-1.5,2595867.0
17057,-52.25,-1.5,2652563.0
17058,-52.0,-1.5,2705464.0
17059,-51.75,-1.5,2762116.0
17060,-51.5,-1.5,2818742.0
17061,-51.25,-1.5,2871573.0
17062,-51.0,-1.5,2928148.0
17063,-50.75,-1.5,2984711.0
17064,-50.5,-1.5,3041237.0
17065,-50.25,-1.5,3093987.0
17066,-50.0,-1.5,3150473.0
17067,-49.75,-1.5,3206941.0
17068,-49.5,-1.5,3259627.0
17069,-49.25,-1.5,3316046.0
17070,-49.0,-1.5,3372460.0
17071,-48.75,-1.5,3425082.0
17072,-48.5,-1.5,3481451.0
17073,-48.25,-1.5,3537802.0
17074,-48.0,-1.5,3590369.0
17075,-47.75,-1.5,3646687.0
17076,-47.5,-1.5,3702982.0
17077,-47.25,-1.5,3759248.0
17078,-47.0,-1.5,3811766.0
17079,-46.75,-1.5,3868009.0
17080,-46.5,-1.5,3924229.0
17081,-46.25,-1.5,3976694.0
17082,-46.0,-1.5,4032890.0
17083,-45.75,-1.5,4089063.0
17084,-45.5,-1.5,4145227.0
17085,-45.25,-1.5,4197644.0
17086,-45.0,-1.5,4253775.0
17087,-44.75,-1.5,4309887.0
17088,-44.5,-1.5,4362264.0
17089,-44.25,-1.5,4418365.0
17090,-44.0,-1.5,4474445.0
17091,-43.75,-1.5,4526776.0
17092,-43.5,-1.5,4582835.0
17093,-43.25,-1.5,4638893.0
17094,-43.0,-1.5,4691197.0
17095,-42.75,-1.5,4747217.0
17096,-42.5,-1.5,4803228.0
17097,-42.25,-1.5,4859243.0
17098,-42.0,-1.5,4915254.0
17099,-41.75,-1.5,4967509.0
17100,-41.5,-1.5,5023488.0
17101,-41.25,-1.5,5079453.0
17102,-41.0,-1.5,5131677.0
17103,-40.75,-1.5,5187658.0
17104,-40.5,-1.5,5243609.0
17105,-40.25,-1.5,5295828.0
17106,-40.0,-1.5,5351775.0
17107,-39.75,-1.5,5407696.0
17108,-39.5,-1.5,5463616.0
17109,-39.25,-1.5,5519536.0
17110,-39.0,-1.5,5571714.0
17111,-38.75,-1.5,5627626.0
17112,-38.5,-1.5,5683547.0
17113,-38.25,-1.5,5735740.0
17114,-38.0,-1.5,5791659.0
17115,-37.75,-1.5,5847572.0
17116,-37.5,-1.5,5899737.0
17117,-37.25,-1.5,5955627.0
17118,-37.0,-1.5,6011516.0
17119,-36.75,-1.5,6067406.0
17120,-36.5,-1.5,6119571.0
17121,-36.25,-1.5,6175461.0
17122,-36.0,-1.5,6231350.0
17123,-35.75,-1.5,6283515.0
17124,-35.5,-1.5,6339405.0
17125,-35.25,-1.5,6395294.0
17126,-35.0,-1.5,6451184.0
17127,-34.75,-1.5,6503349.0
17128,-34.5,-1.5,6559239.0
17129,-34.25,-1.5,6615128.0
17130,-34.0,-1.5,6671044.0
17131,-33.75,-1.5,6723237.0
17132,-33.5,-1.5,6779156.0
17133,-33.25,-1.5,6835075.0
17134,-33.0,-1.5,6890988.0
17135,-32.75,-1.5,6943169.0
17136,-32.5,-1.5,6999089.0
17137,-32.25,-1.5,7055009.0
17138,-32.0,-1.5,7107200.0
17139,-31.75,-1.5,7163148.0
17140,-31.5,-1.5,7219099.0
17141,-31.25,-1.5,7271319.0
17142,-31.0,-1.5,7327298.0
17143,-30.75,-1.5,7383253.0
17144,-30.5,-1.5,7439221.0
17145,-30.25,-1.5,7491470.0
17146,-30.0,-1.5,7547458.0
17147,-29.75,-1.5,7603467.0
17148,-29.5,-1.5,7659486.0
17149,-29.25,-1.5,7711761.0
17150,-29.0,-1.5,7767782.0
17151,-28.75,-1.5,7820086.0
17152,-28.5,-1.5,7876143.0
17153,-28.25,-1.5,7932205.0
17154,-28.0,-1.5,7988273.0
17155,-27.75,-1.5,8044354.0
17156,-27.5,-1.5,8096713.0
17157,-27.25,-1.5,8152836.0
17158,-27.0,-1.5,8205207.0
17159,-26.75,-1.5,8261337.0
17160,-26.5,-1.5,8317496.0
17161,-26.25,-1.5,8373664.0
17162,-26.0,-1.5,8429838.0
17163,-25.75,-1.5,8482287.0
17164,-25.5,-1.5,8538504.0
17165,-25.25,-1.5,8590974.0
17166,-25.0,-1.5,8647218.0
17167,-24.75,-1.5,8703488.0
17168,-24.5,-1.5,8759755.0
17169,-24.25,-1.5,8812297.0
17170,-24.0,-1.5,8868617.0
17171,-23.75,-1.5,8924939.0
17172,-23.5,-1.5,8981293.0
17173,-23.25,-1.5,9033904.0
17174,-23.0,-1.5,9090289.0
17175,-22.75,-1.5,9142940.0
17176,-22.5,-1.5,9199363.0
17177,-22.25,-1.5,9255810.0
17178,-22.0,-1.5,9312282.0
17179,-21.75,-1.5,9365001.0
17180,-21.5,-1.5,9421521.0
17181,-21.25,-1.5,9478049.0
17182,-21.0,-1.5,9530841.0
17183,-20.75,-1.5,9587418.0
17184,-20.5,-1.5,9644022.0
17185,-20.25,-1.5,9700653.0
17186,-20.0,-1.5,9753528.0
17187,-19.75,-1.5,9810207.0
17188,-19.5,-1.5,9863129.0
17189,-19.25,-1.5,9919848.0
17190,-19.0,-1.5,9976548.0
17191,-18.75,-1.5,10029458.0
17192,-18.5,-1.5,10086127.0
17193,-18.25,-1.5,10142785.0
17194,-18.0,-1.5,10195647.0
17195,-17.75,-1.5,10252272.0
17196,-17.5,-1.5,10308881.0
17197,-17.25,-1.5,10361696.0
17198,-17.0,-1.5,10418275.0
17199,-16.75,-1.5,10474826.0
17200,-16.5,-1.5,10527600.0
17201,-16.25,-1.5,10584118.0
17202,-61.75,-1.75,559272.0
17203,-61.5,-1.75,613991.0
17204,-61.25,-1.75,666310.0
17205,-61.0,-1.75,722389.0
17206,-60.75,-1.75,778490.0
17207,-60.5,-1.75,830878.0
17208,-60.25,-1.75,887025.0
17209,-60.0,-1.75,939447.0
17210,-59.75,-1.75,995638.0
17211,-59.5,-1.75,1051852.0
17212,-59.25,-1.75,1104336.0
17213,-59.0,-1.75,1160588.0
17214,-58.75,-1.75,1213115.0
17215,-58.5,-1.75,1269407.0
17216,-58.25,-1.75,1325719.0
17217,-58.0,-1.75,1378304.0
17218,-57.75,-1.75,1434660.0
17219,-57.5,-1.75,1491030.0
17220,-57.25,-1.75,1543671.0
17221,-57.0,-1.75,1600083.0
17222,-56.75,-1.75,1652752.0
17223,-56.5,-1.75,1709204.0
17224,-56.25,-1.75,1765670.0
17225,-56.0,-1.75,1818395.0
17226,-55.75,-1.75,1874899.0
17227,-55.5,-1.75,1931421.0
17228,-55.25,-1.75,1984194.0
17229,-55.0,-1.75,2040745.0
17230,-54.75,-1.75,2097326.0
17231,-54.5,-1.75,2150141.0
17232,-54.25,-1.75,2206752.0
17233,-54.0,-1.75,2263376.0
17234,-53.75,-1.75,2320017.0
17235,-53.5,-1.75,2372899.0
17236,-53.25,-1.75,2429570.0
17237,-53.0,-1.75,2486260.0
17238,-52.75,-1.75,2539181.0
17239,-52.5,-1.75,2595901.0
17240,-52.25,-1.75,2652598.0
17241,-52.0,-1.75,2705499.0
17242,-51.75,-1.75,2762151.0
17243,-51.5,-1.75,2818777.0
17244,-51.25,-1.75,2875380.0
17245,-51.0,-1.75,2928183.0
17246,-50.75,-1.75,2980976.0
17247,-50.5,-1.75,3037503.0
17248,-50.25,-1.75,3094021.0
17249,-50.0,-1.75,3150506.0
17250,-49.75,-1.75,3203211.0
17251,-49.5,-1.75,3259660.0
17252,-49.25,-1.75,3316080.0
17253,-49.0,-1.75,3372493.0
17254,-48.75,-1.75,3425117.0
17255,-48.5,-1.75,3481485.0
17256,-48.25,-1.75,3537837.0
17257,-48.0,-1.75,3594157.0
17258,-47.75,-1.75,3646721.0
17259,-47.5,-1.75,3703015.0
17260,-47.25,-1.75,3755532.0
17261,-47.0,-1.75,3811799.0
17262,-46.75,-1.75,3868043.0
17263,-46.5,-1.75,3924262.0
17264,-46.25,-1.75,3976729.0
17265,-46.0,-1.75,4032924.0
17266,-45.75,-1.75,4089098.0
17267,-45.5,-1.75,4141517.0
17268,-45.25,-1.75,4197678.0
17269,-45.0,-1.75,4253809.0
17270,-44.75,-1.75,4309920.0
17271,-44.5,-1.75,4362299.0
17272,-44.25,-1.75,4418399.0
17273,-44.0,-1.75,4474480.0
17274,-43.75,-1.75,4526809.0
17275,-43.5,-1.75,4582868.0
17276,-43.25,-1.75,4638926.0
17277,-43.0,-1.75,4694967.0
17278,-42.75,-1.75,4747252.0
17279,-42.5,-1.75,4803262.0
17280,-42.25,-1.75,4859276.0
17281,-42.0,-1.75,4911554.0
17282,-41.75,-1.75,4967542.0
17283,-41.5,-1.75,5023523.0
17284,-41.25,-1.75,5079488.0
17285,-41.0,-1.75,5131710.0
17286,-40.75,-1.75,5187691.0
17287,-40.5,-1.75,5243642.0
17288,-40.25,-1.75,5299592.0
17289,-40.0,-1.75,5351810.0
17290,-39.75,-1.75,5407729.0
17291,-39.5,-1.75,5463649.0
17292,-39.25,-1.75,5515842.0
17293,-39.0,-1.75,5571748.0
17294,-38.75,-1.75,5627659.0
17295,-38.5,-1.75,5679852.0
17296,-38.25,-1.75,5735773.0
17297,-38.0,-1.75,5791693.0
17298,-37.75,-1.75,5847607.0
17299,-37.5,-1.75,5899770.0
17300,-37.25,-1.75,5955660.0
17301,-37.0,-1.75,6011551.0
17302,-36.75,-1.75,6063714.0
17303,-36.5,-1.75,6119604.0
17304,-36.25,-1.75,6175494.0
17305,-36.0,-1.75,6231385.0
17306,-35.75,-1.75,6283548.0
17307,-35.5,-1.75,6339438.0
17308,-35.25,-1.75,6395328.0
17309,-35.0,-1.75,6451219.0
17310,-34.75,-1.75,6503382.0
17311,-34.5,-1.75,6559272.0
17312,-34.25,-1.75,6615163.0
17313,-34.0,-1.75,6667350.0
17314,-33.75,-1.75,6723270.0
17315,-33.5,-1.75,6779189.0
17316,-33.25,-1.75,6835108.0
17317,-33.0,-1.75,6887296.0
17318,-32.75,-1.75,6943203.0
17319,-32.5,-1.75,6999122.0
17320,-32.25,-1.75,7055042.0
17321,-32.0,-1.75,7107235.0
17322,-31.75,-1.75,7163182.0
17323,-31.5,-1.75,7219132.0
17324,-31.25,-1.75,7275084.0
17325,-31.0,-1.75,7327331.0
17326,-30.75,-1.75,7383288.0
17327,-30.5,-1.75,7439256.0
17328,-30.25,-1.75,7491503.0
17329,-30.0,-1.75,7547492.0
17330,-29.75,-1.75,7603500.0
17331,-29.5,-1.75,7655785.0
17332,-29.25,-1.75,7711796.0
17333,-29.0,-1.75,7767816.0
17334,-28.75,-1.75,7823855.0
17335,-28.5,-1.75,7876176.0
17336,-28.25,-1.75,7932238.0
17337,-28.0,-1.75,7988308.0
17338,-27.75,-1.75,8040648.0
17339,-27.5,-1.75,8096748.0
17340,-27.25,-1.75,8152869.0
17341,-27.0,-1.75,8208983.0
17342,-26.75,-1.75,8265115.0
17343,-26.5,-1.75,8317530.0
17344,-26.25,-1.75,8373699.0
17345,-26.0,-1.75,8426126.0
17346,-25.75,-1.75,8482322.0
17347,-25.5,-1.75,8538537.0
17348,-25.25,-1.75,8594756.0
17349,-25.0,-1.75,8647251.0
17350,-24.75,-1.75,8703522.0
17351,-24.5,-1.75,8759788.0
17352,-24.25,-1.75,8816085.0
17353,-24.0,-1.75,8868651.0
17354,-23.75,-1.75,8924974.0
17355,-23.5,-1.75,8977569.0
17356,-23.25,-1.75,9033939.0
17357,-23.0,-1.75,9090322.0
17358,-22.75,-1.75,9146736.0
17359,-22.5,-1.75,9199396.0
17360,-22.25,-1.75,9255844.0
17361,-22.0,-1.75,9312315.0
17362,-21.75,-1.75,9368801.0
17363,-21.5,-1.75,9421555.0
17364,-21.25,-1.75,9478084.0
17365,-21.0,-1.75,9530876.0
17366,-20.75,-1.75,9587453.0
17367,-20.5,-1.75,9644057.0
17368,-20.25,-1.75,9696912.0
17369,-20.0,-1.75,9753563.0
17370,-19.75,-1.75,9810242.0
17371,-19.5,-1.75,9866945.0
17372,-19.25,-1.75,9919882.0
17373,-19.0,-1.75,9976581.0
17374,-18.75,-1.75,10033270.0
17375,-18.5,-1.75,10086161.0
17376,-18.25,-1.75,10142818.0
17377,-18.0,-1.75,10199457.0
17378,-17.75,-1.75,10252306.0
17379,-17.5,-1.75,10308915.0
17380,-17.25,-1.75,10365503.0
17381,-17.0,-1.75,10418309.0
17382,-16.75,-1.75,10474860.0
17383,-16.5,-1.75,10531402.0
17384,-16.25,-1.75,10584152.0
